1901,Economics,Winner0,UK,Male
1902,Economics,Winner1,Japan,Male
1903,Chemistry,Winner2,France,Male
1904,Economics,Winner3,Brazil,Male
1905,Peace,Winner4,Canada,Male
1906,Physics,Winner5,UK,Male
1907,Chemistry,Winner6,Brazil,Male
1908,Peace,Winner7,Germany,Female
1909,Chemistry,Winner8,Kenya,Female
1910,Physics,Winner9,France,Female
1911,Medicine,Winner10,Japan,Male
1912,Chemistry,Winner11,India,Male
1913,Physics,Winner12,Canada,Male
1914,Medicine,Winner13,India,Female
1915,Physics,Winner14,Kenya,Male
1916,Literature,Winner15,UK,Female
1917,Economics,Winner16,Israel,Female
1918,Peace,Winner17,Germany,Male
1919,Physics,Winner18,Germany,Female
1920,Physics,Winner19,Germany,Male
1921,Literature,Winner20,Japan,Female
1922,Economics,Winner21,India,Male
1923,Medicine,Winner22,India,Male
1924,Economics,Winner23,Japan,Male
1925,Peace,Winner24,France,Male
1926,Chemistry,Winner25,Kenya,Female
1927,Medicine,Winner26,Brazil,Male
1928,Economics,Winner27,India,Male
1929,Chemistry,Winner28,USA,Female
1930,Literature,Winner29,Japan,Male
1931,Chemistry,Winner30,Israel,Female
1932,Chemistry,Winner31,Kenya,Female
1933,Economics,Winner32,Kenya,Male
1934,Medicine,Winner33,France,Male
1935,Economics,Winner34,Brazil,Female
1936,Economics,Winner35,Israel,Female
1937,Peace,Winner36,Canada,Female
1938,Chemistry,Winner37,France,Female
1939,Physics,Winner38,USA,Male
1940,Chemistry,Winner39,France,Female
1941,Peace,Winner40,UK,Female
1942,Literature,Winner41,Israel,Female
1943,Peace,Winner42,Japan,Male
1944,Economics,Winner43,UK,Female
1945,Economics,Winner44,India,Male
1946,Medicine,Winner45,Canada,Male
1947,Literature,Winner46,USA,Female
1948,Peace,Winner47,France,Male
1949,Economics,Winner48,Japan,Male
1950,Chemistry,Winner49,India,Male
1951,Peace,Winner50,Brazil,Male
1952,Peace,Winner51,India,Female
1953,Physics,Winner52,UK,Female
1954,Medicine,Winner53,Germany,Male
1955,Chemistry,Winner54,Israel,Male
1956,Physics,Winner55,Kenya,Male
1957,Peace,Winner56,France,Male
1958,Economics,Winner57,Kenya,Male
1959,Medicine,Winner58,Brazil,Female
1960,Chemistry,Winner59,Brazil,Male
1961,Economics,Winner60,Japan,Female
1962,Economics,Winner61,India,Female
1963,Peace,Winner62,Kenya,Male
1964,Chemistry,Winner63,Germany,Male
1965,Medicine,Winner64,USA,Male
1966,Peace,Winner65,Germany,Male
1967,Physics,Winner66,USA,Male
1968,Physics,Winner67,USA,Female
1969,Physics,Winner68,Brazil,Male
1970,Medicine,Winner69,Kenya,Male
1971,Peace,Winner70,France,Female
1972,Chemistry,Winner71,Kenya,Female
1973,Chemistry,Winner72,UK,Male
1974,Economics,Winner73,Canada,Female
1975,Literature,Winner74,Canada,Female
1976,Economics,Winner75,USA,Male
1977,Physics,Winner76,Canada,Female
1978,Physics,Winner77,Germany,Male
1979,Chemistry,Winner78,Brazil,Female
1980,Chemistry,Winner79,Canada,Male
1981,Medicine,Winner80,Kenya,Male
1982,Physics,Winner81,Kenya,Male
1983,Physics,Winner82,Brazil,Male
1984,Physics,Winner83,Germany,Male
1985,Literature,Winner84,Kenya,Female
1986,Chemistry,Winner85,Canada,Male
1987,Chemistry,Winner86,Canada,Male
1988,Literature,Winner87,Japan,Female
1989,Medicine,Winner88,Canada,Female
1990,Chemistry,Winner89,Germany,Female
1991,Chemistry,Winner90,USA,Male
1992,Economics,Winner91,India,Male
1993,Physics,Winner92,Israel,Female
1994,Peace,Winner93,Brazil,Male
1995,Physics,Winner94,Brazil,Male
1996,Chemistry,Winner95,UK,Male
1997,Economics,Winner96,Germany,Female
1998,Physics,Winner97,Israel,Male
1999,Peace,Winner98,Israel,Male
2000,Peace,Winner99,UK,Female
2001,Economics,Winner100,Israel,Female
2002,Medicine,Winner101,Germany,Female
2003,Chemistry,Winner102,Japan,Female
2004,Chemistry,Winner103,Japan,Female
2005,Medicine,Winner104,UK,Male
2006,Literature,Winner105,Israel,Male
2007,Physics,Winner106,Brazil,Male
2008,Peace,Winner107,Japan,Male
2009,Medicine,Winner108,UK,Male
2010,Medicine,Winner109,Japan,Male
2011,Literature,Winner110,Brazil,Female
2012,Peace,Winner111,Brazil,Male
2013,Economics,Winner112,Brazil,Female
2014,Economics,Winner113,UK,Male
2015,Medicine,Winner114,UK,Male
2016,Economics,Winner115,Brazil,Male
2017,Medicine,Winner116,Japan,Male
2018,Economics,Winner117,India,Male
2019,Economics,Winner118,Japan,Female
2020,Medicine,Winner119,USA,Male
2021,Economics,Winner120,Canada,Female
2022,Physics,Winner121,USA,Female
2023,Chemistry,Winner122,Japan,Male
2024,Economics,Winner123,Kenya,Female
1901,Peace,Winner124,USA,Male
1902,Physics,Winner125,France,Male
1903,Medicine,Winner126,Israel,Male
1904,Literature,Winner127,France,Male
1905,Medicine,Winner128,India,Male
1906,Medicine,Winner129,Germany,Male
1907,Economics,Winner130,UK,Female
1908,Peace,Winner131,Canada,Male
1909,Chemistry,Winner132,France,Male
1910,Literature,Winner133,USA,Male
1911,Economics,Winner134,India,Female
1912,Economics,Winner135,Germany,Female
1913,Chemistry,Winner136,UK,Female
1914,Physics,Winner137,Kenya,Male
1915,Chemistry,Winner138,Kenya,Female
1916,Medicine,Winner139,Germany,Male
1917,Physics,Winner140,Germany,Female
1918,Medicine,Winner141,Japan,Male
1919,Medicine,Winner142,India,Female
1920,Economics,Winner143,Brazil,Female
1921,Physics,Winner144,UK,Female
1922,Chemistry,Winner145,Israel,Female
1923,Physics,Winner146,UK,Female
1924,Medicine,Winner147,India,Female
1925,Peace,Winner148,Brazil,Male
1926,Literature,Winner149,Israel,Male
1927,Medicine,Winner150,USA,Female
1928,Physics,Winner151,Brazil,Male
1929,Medicine,Winner152,Canada,Male
1930,Economics,Winner153,India,Female
1931,Economics,Winner154,UK,Female
1932,Peace,Winner155,Japan,Female
1933,Medicine,Winner156,Canada,Female
1934,Peace,Winner157,France,Male
1935,Literature,Winner158,Canada,Male
1936,Peace,Winner159,Israel,Female
1937,Literature,Winner160,Brazil,Male
1938,Medicine,Winner161,Japan,Male
1939,Literature,Winner162,Israel,Female
1940,Literature,Winner163,Kenya,Female
1941,Economics,Winner164,Germany,Female
1942,Economics,Winner165,France,Male
1943,Medicine,Winner166,Brazil,Female
1944,Physics,Winner167,Germany,Female
1945,Chemistry,Winner168,Germany,Male
1946,Physics,Winner169,USA,Male
1947,Literature,Winner170,Israel,Male
1948,Literature,Winner171,Canada,Male
1949,Economics,Winner172,Canada,Female
1950,Literature,Winner173,Germany,Male
1951,Economics,Winner174,USA,Male
1952,Literature,Winner175,Germany,Male
1953,Economics,Winner176,Brazil,Female
1954,Physics,Winner177,Brazil,Male
1955,Physics,Winner178,Kenya,Male
1956,Literature,Winner179,Brazil,Female
1957,Literature,Winner180,Israel,Female
1958,Peace,Winner181,Kenya,Male
1959,Economics,Winner182,Kenya,Female
1960,Medicine,Winner183,Germany,Female
1961,Peace,Winner184,Kenya,Male
1962,Medicine,Winner185,Kenya,Male
1963,Economics,Winner186,Japan,Male
1964,Medicine,Winner187,India,Female
1965,Peace,Winner188,UK,Male
1966,Chemistry,Winner189,Germany,Female
1967,Economics,Winner190,France,Male
1968,Physics,Winner191,Canada,Female
1969,Medicine,Winner192,Brazil,Female
1970,Literature,Winner193,USA,Male
1971,Literature,Winner194,Canada,Male
1972,Peace,Winner195,Canada,Female
1973,Physics,Winner196,India,Female
1974,Literature,Winner197,Canada,Male
1975,Literature,Winner198,Germany,Female
1976,Literature,Winner199,Kenya,Male
1977,Literature,Winner200,India,Female
1978,Economics,Winner201,France,Female
1979,Chemistry,Winner202,Israel,Male
1980,Literature,Winner203,Israel,Male
1981,Physics,Winner204,Canada,Male
1982,Literature,Winner205,France,Male
1983,Medicine,Winner206,Canada,Female
1984,Chemistry,Winner207,Kenya,Female
1985,Medicine,Winner208,Canada,Female
1986,Literature,Winner209,Japan,Male
1987,Literature,Winner210,USA,Male
1988,Medicine,Winner211,Germany,Male
1989,Economics,Winner212,USA,Male
1990,Chemistry,Winner213,Germany,Male
1991,Peace,Winner214,France,Male
1992,Chemistry,Winner215,Kenya,Male
1993,Peace,Winner216,Germany,Female
1994,Economics,Winner217,Japan,Female
1995,Chemistry,Winner218,Israel,Male
1996,Chemistry,Winner219,Japan,Male
1997,Peace,Winner220,USA,Female
1998,Peace,Winner221,Canada,Female
1999,Economics,Winner222,Germany,Male
2000,Peace,Winner223,Germany,Male
2001,Economics,Winner224,Japan,Male
2002,Peace,Winner225,USA,Female
2003,Peace,Winner226,Canada,Female
2004,Physics,Winner227,Brazil,Female
2005,Physics,Winner228,Canada,Female
2006,Physics,Winner229,Canada,Female
2007,Economics,Winner230,Kenya,Male
2008,Literature,Winner231,France,Female
2009,Peace,Winner232,Brazil,Female
2010,Literature,Winner233,Canada,Female
2011,Medicine,Winner234,Germany,Male
2012,Medicine,Winner235,Kenya,Male
2013,Literature,Winner236,Israel,Female
2014,Medicine,Winner237,USA,Female
2015,Medicine,Winner238,France,Female
2016,Chemistry,Winner239,India,Female
2017,Medicine,Winner240,Japan,Female
2018,Peace,Winner241,USA,Male
2019,Physics,Winner242,Germany,Female
2020,Literature,Winner243,Brazil,Male
2021,Economics,Winner244,Kenya,Female
2022,Literature,Winner245,USA,Male
2023,Medicine,Winner246,Germany,Female
2024,Economics,Winner247,Germany,Female
1901,Economics,Winner248,Israel,Female
1902,Literature,Winner249,Brazil,Female
1903,Literature,Winner250,Brazil,Female
1904,Medicine,Winner251,Kenya,Female
1905,Medicine,Winner252,Japan,Male
1906,Physics,Winner253,Germany,Female
1907,Physics,Winner254,Brazil,Male
1908,Chemistry,Winner255,Germany,Female
1909,Medicine,Winner256,Israel,Female
1910,Physics,Winner257,Germany,Female
1911,Chemistry,Winner258,India,Male
1912,Medicine,Winner259,USA,Male
1913,Medicine,Winner260,USA,Male
1914,Peace,Winner261,Japan,Male
1915,Economics,Winner262,Kenya,Male
1916,Physics,Winner263,Israel,Female
1917,Literature,Winner264,Kenya,Female
1918,Medicine,Winner265,France,Male
1919,Medicine,Winner266,Kenya,Male
1920,Physics,Winner267,Canada,Female
1921,Physics,Winner268,Israel,Male
1922,Chemistry,Winner269,France,Female
1923,Physics,Winner270,Germany,Male
1924,Peace,Winner271,Canada,Male
1925,Peace,Winner272,Canada,Female
1926,Literature,Winner273,Japan,Female
1927,Medicine,Winner274,Israel,Male
1928,Peace,Winner275,UK,Male
1929,Economics,Winner276,Germany,Female
1930,Economics,Winner277,UK,Male
1931,Chemistry,Winner278,France,Male
1932,Chemistry,Winner279,USA,Female
1933,Literature,Winner280,Israel,Female
1934,Medicine,Winner281,USA,Male
1935,Medicine,Winner282,Japan,Female
1936,Physics,Winner283,Germany,Female
1937,Economics,Winner284,Israel,Male
1938,Literature,Winner285,UK,Male
1939,Economics,Winner286,France,Female
1940,Chemistry,Winner287,UK,Male
1941,Chemistry,Winner288,Japan,Female
1942,Literature,Winner289,UK,Female
1943,Economics,Winner290,Japan,Female
1944,Medicine,Winner291,Brazil,Female
1945,Literature,Winner292,UK,Male
1946,Literature,Winner293,India,Female
1947,Physics,Winner294,UK,Male
1948,Economics,Winner295,Israel,Male
1949,Economics,Winner296,Japan,Male
1950,Chemistry,Winner297,Kenya,Female
1951,Medicine,Winner298,France,Female
1952,Economics,Winner299,Kenya,Male
1953,Literature,Winner300,India,Female
1954,Medicine,Winner301,India,Male
1955,Chemistry,Winner302,India,Female
1956,Economics,Winner303,Kenya,Female
1957,Economics,Winner304,Canada,Male
1958,Literature,Winner305,UK,Female
1959,Medicine,Winner306,India,Male
1960,Literature,Winner307,Brazil,Male
1961,Economics,Winner308,Brazil,Female
1962,Literature,Winner309,USA,Male
1963,Peace,Winner310,India,Female
1964,Economics,Winner311,Kenya,Male
1965,Chemistry,Winner312,Japan,Male
1966,Medicine,Winner313,Kenya,Female
1967,Physics,Winner314,USA,Male
1968,Economics,Winner315,France,Female
1969,Peace,Winner316,USA,Female
1970,Physics,Winner317,Germany,Male
1971,Literature,Winner318,UK,Male
1972,Literature,Winner319,Japan,Female
1973,Literature,Winner320,Kenya,Female
1974,Chemistry,Winner321,Kenya,Male
1975,Literature,Winner322,Germany,Male
1976,Physics,Winner323,Japan,Female
1977,Medicine,Winner324,Brazil,Female
1978,Physics,Winner325,Japan,Female
1979,Peace,Winner326,Israel,Female
1980,Chemistry,Winner327,Kenya,Female
1981,Medicine,Winner328,India,Female
1982,Literature,Winner329,India,Male
1983,Economics,Winner330,Germany,Female
1984,Chemistry,Winner331,Canada,Male
1985,Medicine,Winner332,Kenya,Female
1986,Literature,Winner333,France,Female
1987,Physics,Winner334,France,Female
1988,Physics,Winner335,Kenya,Male
1989,Peace,Winner336,Kenya,Male
1990,Economics,Winner337,France,Female
1991,Economics,Winner338,France,Male
1992,Literature,Winner339,Japan,Female
1993,Peace,Winner340,Canada,Male
1994,Medicine,Winner341,Brazil,Female
1995,Medicine,Winner342,Kenya,Male
1996,Peace,Winner343,UK,Male
1997,Economics,Winner344,Japan,Male
1998,Economics,Winner345,UK,Female
1999,Physics,Winner346,UK,Female
2000,Chemistry,Winner347,Japan,Male
2001,Physics,Winner348,India,Male
2002,Medicine,Winner349,India,Female
2003,Literature,Winner350,France,Male
2004,Peace,Winner351,Canada,Male
2005,Chemistry,Winner352,France,Male
2006,Peace,Winner353,Canada,Male
2007,Literature,Winner354,Israel,Male
2008,Chemistry,Winner355,Kenya,Female
2009,Literature,Winner356,Japan,Male
2010,Literature,Winner357,Japan,Male
2011,Physics,Winner358,Kenya,Female
2012,Peace,Winner359,Japan,Female
2013,Economics,Winner360,Japan,Female
2014,Medicine,Winner361,Germany,Female
2015,Literature,Winner362,UK,Male
2016,Literature,Winner363,Israel,Female
2017,Peace,Winner364,Japan,Female
2018,Physics,Winner365,Canada,Female
2019,Physics,Winner366,Israel,Male
2020,Peace,Winner367,Kenya,Female
2021,Chemistry,Winner368,Israel,Female
2022,Chemistry,Winner369,Germany,Female
2023,Economics,Winner370,France,Male
2024,Economics,Winner371,USA,Female
1901,Literature,Winner372,USA,Female
1902,Economics,Winner373,France,Male
1903,Medicine,Winner374,India,Female
1904,Chemistry,Winner375,Germany,Male
1905,Peace,Winner376,India,Female
1906,Chemistry,Winner377,Japan,Female
1907,Medicine,Winner378,India,Male
1908,Literature,Winner379,UK,Male
1909,Chemistry,Winner380,Canada,Female
1910,Physics,Winner381,Canada,Male
1911,Medicine,Winner382,Brazil,Male
1912,Literature,Winner383,India,Female
1913,Peace,Winner384,Canada,Female
1914,Physics,Winner385,Germany,Female
1915,Physics,Winner386,Israel,Female
1916,Peace,Winner387,Germany,Male
1917,Economics,Winner388,Kenya,Female
1918,Economics,Winner389,Canada,Male
1919,Chemistry,Winner390,USA,Male
1920,Medicine,Winner391,Kenya,Male
1921,Physics,Winner392,Germany,Male
1922,Literature,Winner393,Kenya,Female
1923,Economics,Winner394,Brazil,Female
1924,Peace,Winner395,France,Female
1925,Economics,Winner396,UK,Female
1926,Peace,Winner397,Canada,Female
1927,Physics,Winner398,India,Male
1928,Literature,Winner399,Kenya,Male
1929,Medicine,Winner400,UK,Female
1930,Peace,Winner401,India,Male
1931,Literature,Winner402,Japan,Male
1932,Physics,Winner403,Kenya,Male
1933,Economics,Winner404,Germany,Male
1934,Physics,Winner405,India,Male
1935,Chemistry,Winner406,Israel,Male
1936,Physics,Winner407,Brazil,Male
1937,Peace,Winner408,Germany,Male
1938,Medicine,Winner409,France,Male
1939,Medicine,Winner410,France,Male
1940,Peace,Winner411,Japan,Male
1941,Physics,Winner412,USA,Male
1942,Physics,Winner413,India,Male
1943,Peace,Winner414,India,Male
1944,Chemistry,Winner415,Japan,Male
1945,Chemistry,Winner416,Canada,Male
1946,Economics,Winner417,UK,Female
1947,Literature,Winner418,India,Male
1948,Literature,Winner419,Brazil,Male
1949,Peace,Winner420,USA,Female
1950,Literature,Winner421,USA,Male
1951,Literature,Winner422,Canada,Female
1952,Economics,Winner423,UK,Female
1953,Economics,Winner424,Kenya,Male
1954,Physics,Winner425,India,Male
1955,Physics,Winner426,France,Female
1956,Peace,Winner427,Israel,Female
1957,Literature,Winner428,Israel,Female
1958,Literature,Winner429,Brazil,Female
1959,Physics,Winner430,UK,Male
1960,Literature,Winner431,Kenya,Male
1961,Literature,Winner432,India,Female
1962,Literature,Winner433,Canada,Male
1963,Medicine,Winner434,Canada,Female
1964,Economics,Winner435,Japan,Female
1965,Chemistry,Winner436,Kenya,Male
1966,Physics,Winner437,UK,Male
1967,Literature,Winner438,UK,Female
1968,Chemistry,Winner439,Brazil,Male
1969,Peace,Winner440,Brazil,Female
1970,Economics,Winner441,UK,Female
1971,Medicine,Winner442,Canada,Male
1972,Medicine,Winner443,Israel,Female
1973,Medicine,Winner444,UK,Male
1974,Chemistry,Winner445,Kenya,Male
1975,Physics,Winner446,India,Female
1976,Physics,Winner447,Japan,Male
1977,Literature,Winner448,Brazil,Male
1978,Peace,Winner449,Japan,Male
1979,Chemistry,Winner450,Japan,Female
1980,Medicine,Winner451,India,Male
1981,Chemistry,Winner452,France,Female
1982,Physics,Winner453,France,Male
1983,Physics,Winner454,Brazil,Male
1984,Literature,Winner455,Canada,Female
1985,Medicine,Winner456,France,Female
1986,Medicine,Winner457,India,Male
1987,Physics,Winner458,France,Male
1988,Peace,Winner459,USA,Male
1989,Medicine,Winner460,Kenya,Female
1990,Literature,Winner461,Israel,Female
1991,Literature,Winner462,Japan,Male
1992,Peace,Winner463,UK,Female
1993,Literature,Winner464,UK,Female
1994,Economics,Winner465,Israel,Female
1995,Peace,Winner466,Japan,Male
1996,Chemistry,Winner467,Canada,Male
1997,Physics,Winner468,Germany,Female
1998,Chemistry,Winner469,France,Female
1999,Medicine,Winner470,India,Male
2000,Physics,Winner471,Kenya,Female
2001,Chemistry,Winner472,France,Female
2002,Peace,Winner473,Germany,Female
2003,Physics,Winner474,Canada,Male
2004,Literature,Winner475,USA,Female
2005,Physics,Winner476,India,Female
2006,Peace,Winner477,Canada,Female
2007,Medicine,Winner478,UK,Female
2008,Physics,Winner479,India,Male
2009,Peace,Winner480,Kenya,Female
2010,Physics,Winner481,Canada,Male
2011,Chemistry,Winner482,Canada,Female
2012,Peace,Winner483,UK,Female
2013,Medicine,Winner484,India,Male
2014,Medicine,Winner485,France,Male
2015,Peace,Winner486,UK,Male
2016,Medicine,Winner487,India,Male
2017,Chemistry,Winner488,UK,Male
2018,Medicine,Winner489,Germany,Male
2019,Peace,Winner490,France,Male
2020,Chemistry,Winner491,Kenya,Female
2021,Peace,Winner492,Israel,Female
2022,Economics,Winner493,Israel,Female
2023,Economics,Winner494,India,Male
2024,Literature,Winner495,UK,Female
1901,Literature,Winner496,Japan,Female
1902,Peace,Winner497,USA,Female
1903,Peace,Winner498,UK,Female
1904,Literature,Winner499,Kenya,Male
1905,Physics,Winner500,India,Female
1906,Physics,Winner501,UK,Female
1907,Literature,Winner502,Israel,Male
1908,Literature,Winner503,Israel,Male
1909,Medicine,Winner504,Israel,Female
1910,Peace,Winner505,France,Male
1911,Literature,Winner506,UK,Female
1912,Economics,Winner507,UK,Male
1913,Physics,Winner508,Germany,Female
1914,Literature,Winner509,Brazil,Male
1915,Medicine,Winner510,India,Female
1916,Literature,Winner511,Canada,Female
1917,Economics,Winner512,Israel,Male
1918,Economics,Winner513,India,Male
1919,Medicine,Winner514,UK,Female
1920,Medicine,Winner515,Japan,Male
1921,Medicine,Winner516,UK,Male
1922,Medicine,Winner517,Japan,Female
1923,Chemistry,Winner518,Israel,Male
1924,Medicine,Winner519,Brazil,Female
1925,Economics,Winner520,India,Male
1926,Economics,Winner521,Brazil,Male
1927,Economics,Winner522,Canada,Female
1928,Physics,Winner523,India,Female
1929,Chemistry,Winner524,Germany,Female
1930,Literature,Winner525,Germany,Male
1931,Chemistry,Winner526,France,Male
1932,Medicine,Winner527,UK,Male
1933,Economics,Winner528,India,Male
1934,Peace,Winner529,Canada,Male
1935,Chemistry,Winner530,France,Male
1936,Economics,Winner531,Kenya,Male
1937,Literature,Winner532,India,Male
1938,Literature,Winner533,Israel,Female
1939,Economics,Winner534,Kenya,Male
1940,Peace,Winner535,Germany,Female
1941,Literature,Winner536,Germany,Female
1942,Economics,Winner537,Israel,Female
1943,Literature,Winner538,Japan,Female
1944,Peace,Winner539,Brazil,Female
1945,Chemistry,Winner540,Germany,Male
1946,Medicine,Winner541,USA,Female
1947,Medicine,Winner542,Brazil,Male
1948,Economics,Winner543,Brazil,Male
1949,Medicine,Winner544,UK,Male
1950,Medicine,Winner545,Kenya,Male
1951,Literature,Winner546,UK,Male
1952,Literature,Winner547,India,Male
1953,Literature,Winner548,USA,Female
1954,Peace,Winner549,India,Male
1955,Literature,Winner550,UK,Female
1956,Chemistry,Winner551,USA,Female
1957,Physics,Winner552,India,Male
1958,Chemistry,Winner553,USA,Female
1959,Literature,Winner554,France,Female
1960,Literature,Winner555,Israel,Male
1961,Physics,Winner556,USA,Female
1962,Chemistry,Winner557,France,Female
1963,Physics,Winner558,Japan,Male
1964,Medicine,Winner559,UK,Male
1965,Chemistry,Winner560,Canada,Female
1966,Physics,Winner561,UK,Female
1967,Peace,Winner562,Brazil,Male
1968,Economics,Winner563,Brazil,Male
1969,Economics,Winner564,France,Female
1970,Literature,Winner565,USA,Female
1971,Chemistry,Winner566,Israel,Female
1972,Chemistry,Winner567,UK,Female
1973,Physics,Winner568,Brazil,Male
1974,Literature,Winner569,Kenya,Male
1975,Economics,Winner570,Canada,Female
1976,Medicine,Winner571,USA,Female
1977,Physics,Winner572,India,Male
1978,Economics,Winner573,UK,Female
1979,Chemistry,Winner574,USA,Female
1980,Peace,Winner575,India,Male
1981,Economics,Winner576,Kenya,Female
1982,Economics,Winner577,France,Male
1983,Physics,Winner578,Kenya,Male
1984,Medicine,Winner579,Germany,Male
1985,Chemistry,Winner580,USA,Female
1986,Medicine,Winner581,Brazil,Female
1987,Peace,Winner582,Kenya,Female
1988,Physics,Winner583,Germany,Female
1989,Medicine,Winner584,USA,Female
1990,Medicine,Winner585,UK,Female
1991,Literature,Winner586,Canada,Female
1992,Literature,Winner587,India,Male
1993,Literature,Winner588,Kenya,Female
1994,Peace,Winner589,Japan,Male
1995,Economics,Winner590,Canada,Male
1996,Literature,Winner591,Israel,Male
1997,Peace,Winner592,Japan,Female
1998,Physics,Winner593,UK,Female
1999,Economics,Winner594,Japan,Female
2000,Literature,Winner595,Israel,Female
2001,Chemistry,Winner596,Kenya,Female
2002,Literature,Winner597,USA,Female
2003,Peace,Winner598,Canada,Female
2004,Economics,Winner599,USA,Male
2005,Economics,Winner600,Canada,Female
2006,Peace,Winner601,France,Male
2007,Chemistry,Winner602,Israel,Female
2008,Physics,Winner603,France,Male
2009,Chemistry,Winner604,India,Female
2010,Literature,Winner605,Israel,Male
2011,Peace,Winner606,France,Female
2012,Medicine,Winner607,India,Female
2013,Physics,Winner608,Israel,Male
2014,Peace,Winner609,India,Female
2015,Medicine,Winner610,Japan,Male
2016,Physics,Winner611,USA,Male
2017,Literature,Winner612,Brazil,Female
2018,Peace,Winner613,UK,Female
2019,Medicine,Winner614,Kenya,Male
2020,Peace,Winner615,Japan,Female
2021,Chemistry,Winner616,UK,Male
2022,Physics,Winner617,Kenya,Male
2023,Economics,Winner618,Kenya,Male
2024,Economics,Winner619,India,Female
1901,Economics,Winner620,UK,Female
1902,Medicine,Winner621,France,Male
1903,Medicine,Winner622,Brazil,Male
1904,Physics,Winner623,Germany,Male
1905,Chemistry,Winner624,Kenya,Male
1906,Medicine,Winner625,Brazil,Female
1907,Literature,Winner626,Brazil,Male
1908,Peace,Winner627,UK,Male
1909,Medicine,Winner628,Canada,Female
1910,Peace,Winner629,Canada,Female
1911,Peace,Winner630,UK,Male
1912,Medicine,Winner631,UK,Female
1913,Literature,Winner632,Brazil,Female
1914,Chemistry,Winner633,Brazil,Male
1915,Chemistry,Winner634,Canada,Male
1916,Physics,Winner635,Brazil,Male
1917,Medicine,Winner636,France,Male
1918,Medicine,Winner637,Germany,Female
1919,Peace,Winner638,Japan,Male
1920,Medicine,Winner639,Germany,Female
1921,Chemistry,Winner640,Japan,Male
1922,Peace,Winner641,France,Male
1923,Chemistry,Winner642,Israel,Female
1924,Peace,Winner643,USA,Male
1925,Physics,Winner644,USA,Female
1926,Economics,Winner645,Germany,Female
1927,Peace,Winner646,USA,Female
1928,Economics,Winner647,Brazil,Female
1929,Economics,Winner648,Japan,Female
1930,Chemistry,Winner649,Canada,Female
1931,Literature,Winner650,UK,Male
1932,Chemistry,Winner651,Kenya,Female
1933,Literature,Winner652,Kenya,Male
1934,Medicine,Winner653,Israel,Male
1935,Medicine,Winner654,India,Female
1936,Literature,Winner655,France,Female
1937,Peace,Winner656,Brazil,Male
1938,Medicine,Winner657,Germany,Female
1939,Physics,Winner658,Japan,Female
1940,Chemistry,Winner659,France,Male
1941,Physics,Winner660,Japan,Female
1942,Peace,Winner661,Canada,Male
1943,Chemistry,Winner662,India,Female
1944,Chemistry,Winner663,France,Female
1945,Peace,Winner664,Kenya,Female
1946,Medicine,Winner665,Kenya,Male
1947,Physics,Winner666,Canada,Female
1948,Chemistry,Winner667,Germany,Female
1949,Physics,Winner668,USA,Female
1950,Literature,Winner669,Israel,Female
1951,Medicine,Winner670,Brazil,Male
1952,Physics,Winner671,Canada,Male
1953,Medicine,Winner672,India,Female
1954,Medicine,Winner673,USA,Female
1955,Physics,Winner674,Israel,Male
1956,Medicine,Winner675,Brazil,Female
1957,Physics,Winner676,Canada,Female
1958,Peace,Winner677,Japan,Male
1959,Chemistry,Winner678,UK,Female
1960,Medicine,Winner679,India,Female
1961,Chemistry,Winner680,Germany,Female
1962,Peace,Winner681,USA,Male
1963,Physics,Winner682,France,Female
1964,Literature,Winner683,Brazil,Female
1965,Chemistry,Winner684,Israel,Male
1966,Medicine,Winner685,Israel,Female
1967,Chemistry,Winner686,Canada,Female
1968,Peace,Winner687,India,Female
1969,Economics,Winner688,Israel,Female
1970,Literature,Winner689,USA,Female
1971,Medicine,Winner690,UK,Female
1972,Peace,Winner691,Japan,Male
1973,Peace,Winner692,Kenya,Female
1974,Economics,Winner693,Israel,Male
1975,Economics,Winner694,USA,Female
1976,Chemistry,Winner695,Brazil,Female
1977,Chemistry,Winner696,Germany,Male
1978,Peace,Winner697,UK,Male
1979,Physics,Winner698,Kenya,Female
1980,Literature,Winner699,France,Female
1981,Economics,Winner700,Germany,Female
1982,Peace,Winner701,Israel,Female
1983,Economics,Winner702,USA,Male
1984,Peace,Winner703,Germany,Female
1985,Economics,Winner704,Kenya,Female
1986,Medicine,Winner705,France,Female
1987,Peace,Winner706,India,Female
1988,Economics,Winner707,Japan,Female
1989,Chemistry,Winner708,Germany,Female
1990,Peace,Winner709,Japan,Male
1991,Medicine,Winner710,Japan,Male
1992,Economics,Winner711,Kenya,Female
1993,Literature,Winner712,India,Female
1994,Medicine,Winner713,UK,Female
1995,Literature,Winner714,India,Male
1996,Medicine,Winner715,USA,Female
1997,Economics,Winner716,UK,Female
1998,Literature,Winner717,Japan,Female
1999,Chemistry,Winner718,Germany,Female
2000,Peace,Winner719,Japan,Male
2001,Physics,Winner720,Israel,Male
2002,Chemistry,Winner721,USA,Male
2003,Economics,Winner722,Germany,Male
2004,Physics,Winner723,Canada,Female
2005,Economics,Winner724,Kenya,Male
2006,Economics,Winner725,France,Male
2007,Peace,Winner726,France,Female
2008,Economics,Winner727,Kenya,Female
2009,Economics,Winner728,Germany,Female
2010,Medicine,Winner729,Japan,Male
2011,Physics,Winner730,Israel,Male
2012,Peace,Winner731,USA,Male
2013,Literature,Winner732,France,Male
2014,Literature,Winner733,Kenya,Male
2015,Economics,Winner734,Japan,Male
2016,Physics,Winner735,Japan,Male
2017,Medicine,Winner736,Japan,Female
2018,Economics,Winner737,Brazil,Female
2019,Chemistry,Winner738,Brazil,Female
2020,Medicine,Winner739,Germany,Male
2021,Medicine,Winner740,France,Female
2022,Economics,Winner741,Japan,Male
2023,Physics,Winner742,India,Female
2024,Peace,Winner743,Germany,Male
1901,Peace,Winner744,Canada,Female
1902,Peace,Winner745,India,Male
1903,Literature,Winner746,UK,Male
1904,Chemistry,Winner747,Kenya,Female
1905,Chemistry,Winner748,USA,Female
1906,Literature,Winner749,Germany,Female
1907,Medicine,Winner750,India,Female
1908,Peace,Winner751,Israel,Male
1909,Medicine,Winner752,India,Male
1910,Physics,Winner753,UK,Female
1911,Medicine,Winner754,France,Female
1912,Economics,Winner755,Brazil,Female
1913,Economics,Winner756,UK,Female
1914,Medicine,Winner757,Israel,Male
1915,Chemistry,Winner758,France,Female
1916,Chemistry,Winner759,Kenya,Female
1917,Literature,Winner760,Brazil,Female
1918,Peace,Winner761,Germany,Male
1919,Economics,Winner762,Israel,Male
1920,Peace,Winner763,Kenya,Female
1921,Physics,Winner764,Israel,Male
1922,Physics,Winner765,Brazil,Male
1923,Peace,Winner766,Brazil,Male
1924,Chemistry,Winner767,India,Female
1925,Physics,Winner768,Germany,Female
1926,Physics,Winner769,Brazil,Female
1927,Physics,Winner770,Kenya,Male
1928,Peace,Winner771,Canada,Female
1929,Peace,Winner772,USA,Female
1930,Economics,Winner773,Japan,Male
1931,Literature,Winner774,Japan,Male
1932,Economics,Winner775,Germany,Male
1933,Physics,Winner776,Canada,Female
1934,Economics,Winner777,UK,Male
1935,Physics,Winner778,Kenya,Male
1936,Medicine,Winner779,Canada,Male
1937,Chemistry,Winner780,Canada,Female
1938,Literature,Winner781,Kenya,Female
1939,Literature,Winner782,UK,Male
1940,Economics,Winner783,India,Male
1941,Chemistry,Winner784,Brazil,Female
1942,Peace,Winner785,France,Male
1943,Physics,Winner786,USA,Female
1944,Literature,Winner787,Brazil,Female
1945,Peace,Winner788,Canada,Male
1946,Chemistry,Winner789,Kenya,Female
1947,Chemistry,Winner790,Japan,Male
1948,Economics,Winner791,UK,Male
1949,Economics,Winner792,Canada,Male
1950,Chemistry,Winner793,Germany,Male
1951,Physics,Winner794,Israel,Male
1952,Literature,Winner795,Israel,Male
1953,Chemistry,Winner796,USA,Female
1954,Literature,Winner797,Germany,Male
1955,Physics,Winner798,France,Female
1956,Chemistry,Winner799,Israel,Female
1957,Peace,Winner800,Israel,Female
1958,Chemistry,Winner801,Japan,Male
1959,Economics,Winner802,Brazil,Male
1960,Literature,Winner803,Japan,Female
1961,Physics,Winner804,Brazil,Male
1962,Economics,Winner805,Canada,Female
1963,Physics,Winner806,India,Female
1964,Peace,Winner807,India,Female
1965,Literature,Winner808,France,Female
1966,Literature,Winner809,France,Female
1967,Chemistry,Winner810,Germany,Female
1968,Economics,Winner811,France,Female
1969,Physics,Winner812,Brazil,Female
1970,Literature,Winner813,Brazil,Male
1971,Literature,Winner814,Germany,Female
1972,Chemistry,Winner815,India,Male
1973,Literature,Winner816,India,Male
1974,Peace,Winner817,Germany,Male
1975,Medicine,Winner818,Canada,Male
1976,Physics,Winner819,Germany,Male
1977,Literature,Winner820,Germany,Female
1978,Medicine,Winner821,USA,Male
1979,Chemistry,Winner822,UK,Female
1980,Chemistry,Winner823,Israel,Male
1981,Literature,Winner824,Germany,Female
1982,Medicine,Winner825,Canada,Female
1983,Peace,Winner826,India,Female
1984,Medicine,Winner827,India,Female
1985,Literature,Winner828,UK,Female
1986,Medicine,Winner829,Germany,Female
1987,Medicine,Winner830,Canada,Male
1988,Peace,Winner831,Germany,Male
1989,Physics,Winner832,Japan,Female
1990,Medicine,Winner833,France,Male
1991,Medicine,Winner834,Germany,Female
1992,Peace,Winner835,Germany,Female
1993,Peace,Winner836,India,Female
1994,Literature,Winner837,Kenya,Female
1995,Chemistry,Winner838,India,Male
1996,Chemistry,Winner839,Brazil,Female
1997,Chemistry,Winner840,Brazil,Male
1998,Peace,Winner841,USA,Male
1999,Economics,Winner842,USA,Male
2000,Literature,Winner843,France,Male
2001,Physics,Winner844,France,Male
2002,Chemistry,Winner845,Brazil,Female
2003,Medicine,Winner846,USA,Female
2004,Economics,Winner847,Kenya,Male
2005,Physics,Winner848,Brazil,Female
2006,Physics,Winner849,USA,Female
2007,Peace,Winner850,Japan,Male
2008,Peace,Winner851,Canada,Male
2009,Physics,Winner852,UK,Male
2010,Chemistry,Winner853,Germany,Female
2011,Medicine,Winner854,Japan,Female
2012,Physics,Winner855,India,Female
2013,Literature,Winner856,Israel,Male
2014,Economics,Winner857,Germany,Female
2015,Economics,Winner858,UK,Male
2016,Physics,Winner859,Canada,Female
2017,Literature,Winner860,Brazil,Female
2018,Physics,Winner861,USA,Male
2019,Physics,Winner862,Kenya,Female
2020,Economics,Winner863,India,Male
2021,Peace,Winner864,USA,Male
2022,Chemistry,Winner865,Israel,Female
2023,Medicine,Winner866,USA,Male
2024,Economics,Winner867,Japan,Male
1901,Chemistry,Winner868,India,Male
1902,Chemistry,Winner869,Israel,Male
1903,Economics,Winner870,Canada,Male
1904,Medicine,Winner871,France,Male
1905,Peace,Winner872,Canada,Female
1906,Literature,Winner873,France,Male
1907,Peace,Winner874,India,Male
1908,Physics,Winner875,Canada,Male
1909,Physics,Winner876,India,Female
1910,Medicine,Winner877,USA,Female
1911,Literature,Winner878,Kenya,Male
1912,Medicine,Winner879,Brazil,Female
1913,Literature,Winner880,France,Female
1914,Physics,Winner881,Israel,Female
1915,Chemistry,Winner882,UK,Male
1916,Medicine,Winner883,France,Female
1917,Economics,Winner884,France,Female
1918,Medicine,Winner885,India,Male
1919,Physics,Winner886,USA,Female
1920,Literature,Winner887,India,Female
1921,Physics,Winner888,France,Male
1922,Chemistry,Winner889,Canada,Female
1923,Peace,Winner890,Brazil,Female
1924,Physics,Winner891,USA,Male
1925,Medicine,Winner892,Brazil,Male
1926,Peace,Winner893,Israel,Female
1927,Literature,Winner894,USA,Female
1928,Literature,Winner895,Canada,Male
1929,Economics,Winner896,Brazil,Male
1930,Peace,Winner897,Brazil,Male
1931,Economics,Winner898,Canada,Male
1932,Chemistry,Winner899,Japan,Female
1933,Medicine,Winner900,Kenya,Male
1934,Physics,Winner901,France,Female
1935,Medicine,Winner902,Canada,Female
1936,Literature,Winner903,UK,Female
1937,Medicine,Winner904,Germany,Female
1938,Peace,Winner905,Israel,Male
1939,Literature,Winner906,UK,Male
1940,Medicine,Winner907,USA,Female
1941,Medicine,Winner908,Israel,Female
1942,Medicine,Winner909,Kenya,Female
1943,Literature,Winner910,Israel,Male
1944,Medicine,Winner911,India,Male
1945,Literature,Winner912,India,Male
1946,Literature,Winner913,India,Female
1947,Economics,Winner914,Kenya,Male
1948,Medicine,Winner915,Canada,Female
1949,Literature,Winner916,India,Male
1950,Peace,Winner917,Germany,Male
1951,Economics,Winner918,Brazil,Male
1952,Economics,Winner919,Kenya,Male
1953,Literature,Winner920,Japan,Male
1954,Literature,Winner921,Kenya,Male
1955,Economics,Winner922,Japan,Male
1956,Medicine,Winner923,France,Female
1957,Literature,Winner924,UK,Female
1958,Peace,Winner925,Kenya,Female
1959,Peace,Winner926,Brazil,Female
1960,Peace,Winner927,USA,Female
1961,Economics,Winner928,Brazil,Male
1962,Physics,Winner929,Germany,Female
1963,Chemistry,Winner930,Israel,Male
1964,Peace,Winner931,Canada,Female
1965,Literature,Winner932,UK,Male
1966,Physics,Winner933,Japan,Male
1967,Peace,Winner934,Brazil,Male
1968,Literature,Winner935,India,Female
1969,Literature,Winner936,Israel,Male
1970,Medicine,Winner937,USA,Female
1971,Physics,Winner938,Japan,Female
1972,Physics,Winner939,UK,Male
1973,Medicine,Winner940,Japan,Female
1974,Literature,Winner941,Germany,Female
1975,Medicine,Winner942,Kenya,Male
1976,Literature,Winner943,Kenya,Female
1977,Physics,Winner944,Japan,Male
1978,Economics,Winner945,UK,Male
1979,Medicine,Winner946,UK,Male
1980,Economics,Winner947,Germany,Male
1981,Peace,Winner948,France,Female
1982,Peace,Winner949,Canada,Female
1983,Chemistry,Winner950,Canada,Male
1984,Chemistry,Winner951,Canada,Female
1985,Physics,Winner952,Israel,Male
1986,Literature,Winner953,Israel,Female
1987,Literature,Winner954,USA,Male
1988,Chemistry,Winner955,Japan,Male
1989,Peace,Winner956,UK,Male
1990,Medicine,Winner957,India,Male
1991,Literature,Winner958,UK,Female
1992,Economics,Winner959,Kenya,Female
1993,Peace,Winner960,Canada,Female
1994,Peace,Winner961,UK,Female
1995,Medicine,Winner962,Kenya,Male
1996,Economics,Winner963,Japan,Male
1997,Economics,Winner964,France,Female
1998,Physics,Winner965,Germany,Female
1999,Physics,Winner966,France,Female
2000,Economics,Winner967,France,Female
2001,Literature,Winner968,Israel,Male
2002,Peace,Winner969,Canada,Female
2003,Chemistry,Winner970,Kenya,Male
2004,Peace,Winner971,France,Female
2005,Medicine,Winner972,France,Male
2006,Medicine,Winner973,Kenya,Male
2007,Medicine,Winner974,USA,Female
2008,Chemistry,Winner975,Germany,Female
2009,Peace,Winner976,Brazil,Female
2010,Literature,Winner977,Kenya,Female
2011,Economics,Winner978,Kenya,Female
2012,Chemistry,Winner979,UK,Male
2013,Chemistry,Winner980,Japan,Male
2014,Medicine,Winner981,Germany,Female
2015,Chemistry,Winner982,Kenya,Female
2016,Peace,Winner983,Brazil,Male
2017,Peace,Winner984,UK,Female
2018,Peace,Winner985,India,Male
2019,Economics,Winner986,Kenya,Male
2020,Literature,Winner987,UK,Male
2021,Medicine,Winner988,USA,Female
2022,Medicine,Winner989,India,Male
2023,Literature,Winner990,UK,Male
2024,Chemistry,Winner991,Israel,Female
1901,Economics,Winner992,Israel,Female
1902,Chemistry,Winner993,Israel,Male
1903,Chemistry,Winner994,Germany,Male
1904,Peace,Winner995,India,Female
1905,Peace,Winner996,Brazil,Male
1906,Medicine,Winner997,Japan,Female
1907,Peace,Winner998,Japan,Male
1908,Chemistry,Winner999,Canada,Male
1909,Medicine,Winner1000,France,Male
1910,Chemistry,Winner1001,France,Female
1911,Chemistry,Winner1002,Canada,Female
1912,Chemistry,Winner1003,Israel,Female
1913,Economics,Winner1004,Canada,Female
1914,Literature,Winner1005,UK,Male
1915,Literature,Winner1006,Brazil,Female
1916,Economics,Winner1007,India,Female
1917,Literature,Winner1008,India,Male
1918,Economics,Winner1009,UK,Female
1919,Economics,Winner1010,India,Male
1920,Peace,Winner1011,Canada,Male
1921,Literature,Winner1012,Germany,Female
1922,Medicine,Winner1013,India,Female
1923,Medicine,Winner1014,Brazil,Male
1924,Peace,Winner1015,Kenya,Female
1925,Economics,Winner1016,USA,Male
1926,Physics,Winner1017,Kenya,Male
1927,Physics,Winner1018,France,Female
1928,Literature,Winner1019,USA,Female
1929,Chemistry,Winner1020,France,Female
1930,Chemistry,Winner1021,Japan,Male
1931,Economics,Winner1022,India,Female
1932,Physics,Winner1023,India,Male
1933,Physics,Winner1024,Canada,Female
1934,Economics,Winner1025,Germany,Female
1935,Economics,Winner1026,UK,Male
1936,Physics,Winner1027,Germany,Female
1937,Physics,Winner1028,France,Male
1938,Peace,Winner1029,Kenya,Male
1939,Physics,Winner1030,India,Male
1940,Literature,Winner1031,France,Female
1941,Physics,Winner1032,Germany,Female
1942,Physics,Winner1033,UK,Male
1943,Medicine,Winner1034,India,Female
1944,Chemistry,Winner1035,Canada,Male
1945,Economics,Winner1036,France,Male
1946,Peace,Winner1037,Israel,Male
1947,Peace,Winner1038,France,Female
1948,Medicine,Winner1039,Germany,Male
1949,Literature,Winner1040,Israel,Female
1950,Chemistry,Winner1041,UK,Male
1951,Chemistry,Winner1042,UK,Female
1952,Medicine,Winner1043,Canada,Female
1953,Chemistry,Winner1044,Germany,Female
1954,Economics,Winner1045,UK,Male
1955,Peace,Winner1046,Israel,Female
1956,Economics,Winner1047,USA,Female
1957,Chemistry,Winner1048,Brazil,Male
1958,Economics,Winner1049,Canada,Female
1959,Economics,Winner1050,USA,Male
1960,Literature,Winner1051,Canada,Male
1961,Chemistry,Winner1052,Kenya,Male
1962,Peace,Winner1053,USA,Female
1963,Medicine,Winner1054,France,Female
1964,Peace,Winner1055,Canada,Female
1965,Peace,Winner1056,France,Female
1966,Physics,Winner1057,USA,Male
1967,Physics,Winner1058,Japan,Male
1968,Physics,Winner1059,USA,Female
1969,Peace,Winner1060,Japan,Female
1970,Literature,Winner1061,Canada,Male
1971,Economics,Winner1062,Brazil,Male
1972,Medicine,Winner1063,UK,Female
1973,Physics,Winner1064,Brazil,Male
1974,Chemistry,Winner1065,Brazil,Female
1975,Literature,Winner1066,Israel,Male
1976,Medicine,Winner1067,Canada,Male
1977,Physics,Winner1068,Germany,Male
1978,Literature,Winner1069,UK,Female
1979,Peace,Winner1070,Israel,Male
1980,Medicine,Winner1071,France,Male
1981,Physics,Winner1072,France,Male
1982,Chemistry,Winner1073,Kenya,Female
1983,Peace,Winner1074,Brazil,Female
1984,Chemistry,Winner1075,India,Male
1985,Economics,Winner1076,Japan,Male
1986,Physics,Winner1077,India,Female
1987,Medicine,Winner1078,Brazil,Male
1988,Medicine,Winner1079,Israel,Male
1989,Literature,Winner1080,Kenya,Female
1990,Physics,Winner1081,Kenya,Male
1991,Medicine,Winner1082,France,Female
1992,Physics,Winner1083,Israel,Male
1993,Chemistry,Winner1084,Brazil,Male
1994,Physics,Winner1085,USA,Male
1995,Physics,Winner1086,Kenya,Female
1996,Literature,Winner1087,France,Male
1997,Physics,Winner1088,Brazil,Female
1998,Chemistry,Winner1089,India,Male
1999,Literature,Winner1090,India,Female
2000,Physics,Winner1091,Israel,Female
2001,Physics,Winner1092,Brazil,Male
2002,Chemistry,Winner1093,Germany,Male
2003,Literature,Winner1094,UK,Female
2004,Medicine,Winner1095,Japan,Female
2005,Physics,Winner1096,Brazil,Female
2006,Physics,Winner1097,India,Male
2007,Medicine,Winner1098,Israel,Female
2008,Economics,Winner1099,Israel,Male
2009,Literature,Winner1100,India,Female
2010,Chemistry,Winner1101,Brazil,Male
2011,Chemistry,Winner1102,USA,Female
2012,Physics,Winner1103,Germany,Female
2013,Economics,Winner1104,USA,Female
2014,Physics,Winner1105,Canada,Female
2015,Physics,Winner1106,Germany,Male
2016,Literature,Winner1107,Kenya,Male
2017,Chemistry,Winner1108,Japan,Male
2018,Physics,Winner1109,Germany,Female
2019,Economics,Winner1110,India,Female
2020,Economics,Winner1111,UK,Male
2021,Peace,Winner1112,France,Female
2022,Physics,Winner1113,Israel,Male
2023,Literature,Winner1114,France,Male
2024,Medicine,Winner1115,Japan,Female
1901,Literature,Winner1116,India,Female
1902,Literature,Winner1117,Japan,Male
1903,Physics,Winner1118,Germany,Male
1904,Peace,Winner1119,UK,Male
1905,Physics,Winner1120,France,Female
1906,Literature,Winner1121,India,Female
1907,Physics,Winner1122,Brazil,Female
1908,Chemistry,Winner1123,Kenya,Female
1909,Literature,Winner1124,Japan,Male
1910,Physics,Winner1125,France,Female
1911,Economics,Winner1126,Israel,Male
1912,Chemistry,Winner1127,India,Male
1913,Physics,Winner1128,Germany,Female
1914,Literature,Winner1129,Brazil,Male
1915,Economics,Winner1130,Japan,Female
1916,Chemistry,Winner1131,USA,Female
1917,Literature,Winner1132,Brazil,Male
1918,Physics,Winner1133,Kenya,Male
1919,Chemistry,Winner1134,UK,Male
1920,Physics,Winner1135,Germany,Male
1921,Chemistry,Winner1136,Canada,Female
1922,Economics,Winner1137,UK,Female
1923,Physics,Winner1138,USA,Male
1924,Chemistry,Winner1139,Kenya,Male
1925,Physics,Winner1140,India,Male
1926,Physics,Winner1141,Kenya,Male
1927,Chemistry,Winner1142,Israel,Female
1928,Economics,Winner1143,Canada,Female
1929,Physics,Winner1144,Canada,Female
1930,Chemistry,Winner1145,India,Male
1931,Chemistry,Winner1146,Japan,Female
1932,Literature,Winner1147,France,Male
1933,Peace,Winner1148,Israel,Male
1934,Economics,Winner1149,Japan,Female
1935,Literature,Winner1150,Brazil,Female
1936,Physics,Winner1151,UK,Female
1937,Literature,Winner1152,France,Female
1938,Chemistry,Winner1153,Brazil,Male
1939,Economics,Winner1154,Brazil,Male
1940,Literature,Winner1155,India,Female
1941,Peace,Winner1156,Kenya,Female
1942,Peace,Winner1157,Brazil,Female
1943,Literature,Winner1158,Japan,Male
1944,Physics,Winner1159,India,Male
1945,Physics,Winner1160,Japan,Male
1946,Literature,Winner1161,Brazil,Female
1947,Peace,Winner1162,Germany,Male
1948,Physics,Winner1163,Germany,Male
1949,Medicine,Winner1164,Brazil,Male
1950,Chemistry,Winner1165,Israel,Female
1951,Medicine,Winner1166,France,Male
1952,Chemistry,Winner1167,Israel,Female
1953,Economics,Winner1168,India,Male
1954,Economics,Winner1169,India,Male
1955,Peace,Winner1170,Germany,Female
1956,Peace,Winner1171,Japan,Male
1957,Literature,Winner1172,USA,Male
1958,Physics,Winner1173,Germany,Male
1959,Physics,Winner1174,Brazil,Female
1960,Physics,Winner1175,India,Male
1961,Chemistry,Winner1176,India,Male
1962,Medicine,Winner1177,USA,Male
1963,Chemistry,Winner1178,Israel,Male
1964,Physics,Winner1179,Brazil,Female
1965,Physics,Winner1180,India,Female
1966,Peace,Winner1181,UK,Female
1967,Medicine,Winner1182,India,Male
1968,Chemistry,Winner1183,Canada,Female
1969,Economics,Winner1184,India,Male
1970,Economics,Winner1185,Brazil,Female
1971,Chemistry,Winner1186,Israel,Male
1972,Literature,Winner1187,Japan,Female
1973,Chemistry,Winner1188,France,Male
1974,Economics,Winner1189,Israel,Female
1975,Peace,Winner1190,USA,Male
1976,Peace,Winner1191,India,Male
1977,Economics,Winner1192,Israel,Male
1978,Literature,Winner1193,France,Female
1979,Economics,Winner1194,UK,Male
1980,Medicine,Winner1195,India,Male
1981,Economics,Winner1196,UK,Female
1982,Literature,Winner1197,USA,Female
1983,Chemistry,Winner1198,Germany,Male
1984,Medicine,Winner1199,Japan,Male
1985,Economics,Winner1200,USA,Male
1986,Literature,Winner1201,Kenya,Female
1987,Chemistry,Winner1202,Canada,Female
1988,Literature,Winner1203,India,Female
1989,Physics,Winner1204,Kenya,Male
1990,Chemistry,Winner1205,Kenya,Male
1991,Physics,Winner1206,Japan,Male
1992,Medicine,Winner1207,Japan,Male
1993,Physics,Winner1208,India,Male
1994,Literature,Winner1209,France,Male
1995,Peace,Winner1210,UK,Female
1996,Peace,Winner1211,Israel,Female
1997,Economics,Winner1212,USA,Female
1998,Economics,Winner1213,France,Female
1999,Chemistry,Winner1214,USA,Male
2000,Medicine,Winner1215,Germany,Male
2001,Literature,Winner1216,Brazil,Female
2002,Economics,Winner1217,Japan,Female
2003,Chemistry,Winner1218,UK,Male
2004,Literature,Winner1219,Israel,Female
2005,Chemistry,Winner1220,USA,Female
2006,Physics,Winner1221,Canada,Male
2007,Medicine,Winner1222,Israel,Female
2008,Chemistry,Winner1223,UK,Male
2009,Chemistry,Winner1224,France,Female
2010,Physics,Winner1225,Kenya,Male
2011,Medicine,Winner1226,Canada,Female
2012,Literature,Winner1227,Japan,Male
2013,Economics,Winner1228,Brazil,Female
2014,Chemistry,Winner1229,India,Female
2015,Medicine,Winner1230,France,Female
2016,Physics,Winner1231,Japan,Female
2017,Literature,Winner1232,Japan,Male
2018,Medicine,Winner1233,Israel,Male
2019,Chemistry,Winner1234,UK,Male
2020,Economics,Winner1235,India,Female
2021,Peace,Winner1236,Germany,Male
2022,Literature,Winner1237,Brazil,Female
2023,Peace,Winner1238,Kenya,Male
2024,Literature,Winner1239,Japan,Male
1901,Literature,Winner1240,USA,Male
1902,Physics,Winner1241,Kenya,Male
1903,Chemistry,Winner1242,Germany,Male
1904,Chemistry,Winner1243,USA,Female
1905,Physics,Winner1244,Canada,Male
1906,Economics,Winner1245,France,Female
1907,Medicine,Winner1246,UK,Male
1908,Literature,Winner1247,Brazil,Female
1909,Peace,Winner1248,India,Female
1910,Peace,Winner1249,Kenya,Male
1911,Economics,Winner1250,Israel,Female
1912,Physics,Winner1251,Canada,Male
1913,Chemistry,Winner1252,Israel,Male
1914,Physics,Winner1253,Israel,Male
1915,Medicine,Winner1254,Brazil,Female
1916,Literature,Winner1255,Japan,Female
1917,Economics,Winner1256,Kenya,Female
1918,Physics,Winner1257,France,Female
1919,Literature,Winner1258,France,Female
1920,Physics,Winner1259,Canada,Female
1921,Economics,Winner1260,Germany,Male
1922,Economics,Winner1261,Kenya,Female
1923,Medicine,Winner1262,USA,Female
1924,Medicine,Winner1263,Japan,Female
1925,Literature,Winner1264,UK,Male
1926,Chemistry,Winner1265,Japan,Female
1927,Medicine,Winner1266,Japan,Female
1928,Peace,Winner1267,UK,Male
1929,Literature,Winner1268,Germany,Female
1930,Economics,Winner1269,Kenya,Female
1931,Physics,Winner1270,Brazil,Male
1932,Physics,Winner1271,Japan,Female
1933,Chemistry,Winner1272,Brazil,Male
1934,Chemistry,Winner1273,Germany,Male
1935,Physics,Winner1274,Germany,Male
1936,Literature,Winner1275,USA,Female
1937,Economics,Winner1276,Germany,Female
1938,Medicine,Winner1277,Kenya,Female
1939,Economics,Winner1278,UK,Male
1940,Chemistry,Winner1279,India,Female
1941,Peace,Winner1280,Kenya,Male
1942,Literature,Winner1281,Israel,Female
1943,Medicine,Winner1282,France,Female
1944,Economics,Winner1283,UK,Female
1945,Physics,Winner1284,Canada,Male
1946,Chemistry,Winner1285,Israel,Male
1947,Chemistry,Winner1286,Germany,Male
1948,Medicine,Winner1287,Canada,Male
1949,Economics,Winner1288,USA,Female
1950,Chemistry,Winner1289,France,Male
1951,Chemistry,Winner1290,Japan,Female
1952,Economics,Winner1291,Japan,Female
1953,Literature,Winner1292,India,Female
1954,Medicine,Winner1293,Germany,Female
1955,Medicine,Winner1294,Brazil,Female
1956,Peace,Winner1295,UK,Male
1957,Peace,Winner1296,India,Female
1958,Medicine,Winner1297,UK,Female
1959,Physics,Winner1298,India,Female
1960,Economics,Winner1299,India,Female
1961,Medicine,Winner1300,Japan,Male
1962,Chemistry,Winner1301,Brazil,Male
1963,Physics,Winner1302,Israel,Female
1964,Economics,Winner1303,India,Male
1965,Economics,Winner1304,USA,Female
1966,Medicine,Winner1305,Japan,Female
1967,Literature,Winner1306,Canada,Male
1968,Peace,Winner1307,Israel,Male
1969,Medicine,Winner1308,Germany,Female
1970,Economics,Winner1309,India,Female
1971,Chemistry,Winner1310,Brazil,Male
1972,Medicine,Winner1311,UK,Female
1973,Chemistry,Winner1312,Japan,Male
1974,Economics,Winner1313,India,Male
1975,Chemistry,Winner1314,India,Male
1976,Economics,Winner1315,Japan,Female
1977,Medicine,Winner1316,India,Female
1978,Peace,Winner1317,Japan,Female
1979,Physics,Winner1318,Kenya,Male
1980,Economics,Winner1319,Israel,Male
1981,Literature,Winner1320,Germany,Male
1982,Economics,Winner1321,Canada,Female
1983,Literature,Winner1322,USA,Male
1984,Chemistry,Winner1323,Germany,Female
1985,Literature,Winner1324,Israel,Female
1986,Chemistry,Winner1325,India,Male
1987,Physics,Winner1326,Kenya,Female
1988,Economics,Winner1327,France,Female
1989,Economics,Winner1328,USA,Male
1990,Literature,Winner1329,Japan,Male
1991,Chemistry,Winner1330,Israel,Male
1992,Literature,Winner1331,UK,Male
1993,Peace,Winner1332,Canada,Female
1994,Literature,Winner1333,Canada,Female
1995,Literature,Winner1334,USA,Male
1996,Peace,Winner1335,Germany,Female
1997,Physics,Winner1336,India,Male
1998,Physics,Winner1337,USA,Male
1999,Chemistry,Winner1338,India,Female
2000,Chemistry,Winner1339,UK,Female
2001,Peace,Winner1340,Israel,Female
2002,Chemistry,Winner1341,UK,Male
2003,Medicine,Winner1342,Japan,Female
2004,Economics,Winner1343,Brazil,Female
2005,Literature,Winner1344,France,Female
2006,Literature,Winner1345,India,Male
2007,Chemistry,Winner1346,Canada,Male
2008,Chemistry,Winner1347,Germany,Male
2009,Chemistry,Winner1348,USA,Male
2010,Physics,Winner1349,India,Male
2011,Literature,Winner1350,Japan,Male
2012,Peace,Winner1351,USA,Male
2013,Economics,Winner1352,USA,Male
2014,Economics,Winner1353,UK,Female
2015,Literature,Winner1354,Canada,Male
2016,Peace,Winner1355,Japan,Female
2017,Economics,Winner1356,France,Male
2018,Economics,Winner1357,USA,Female
2019,Literature,Winner1358,UK,Female
2020,Peace,Winner1359,Israel,Male
2021,Literature,Winner1360,UK,Male
2022,Medicine,Winner1361,UK,Male
2023,Literature,Winner1362,Germany,Male
2024,Medicine,Winner1363,Brazil,Male
1901,Medicine,Winner1364,Canada,Female
1902,Chemistry,Winner1365,USA,Female
1903,Chemistry,Winner1366,Kenya,Female
1904,Chemistry,Winner1367,USA,Male
1905,Economics,Winner1368,UK,Male
1906,Peace,Winner1369,Kenya,Male
1907,Physics,Winner1370,Brazil,Male
1908,Economics,Winner1371,UK,Female
1909,Economics,Winner1372,Germany,Female
1910,Medicine,Winner1373,Japan,Female
1911,Physics,Winner1374,UK,Male
1912,Physics,Winner1375,Japan,Female
1913,Economics,Winner1376,India,Female
1914,Economics,Winner1377,UK,Male
1915,Physics,Winner1378,USA,Male
1916,Economics,Winner1379,France,Female
1917,Medicine,Winner1380,Kenya,Female
1918,Economics,Winner1381,UK,Female
1919,Medicine,Winner1382,France,Male
1920,Literature,Winner1383,Canada,Female
1921,Medicine,Winner1384,Canada,Female
1922,Literature,Winner1385,France,Male
1923,Chemistry,Winner1386,USA,Male
1924,Physics,Winner1387,Canada,Female
1925,Peace,Winner1388,Kenya,Male
1926,Peace,Winner1389,Canada,Female
1927,Peace,Winner1390,USA,Male
1928,Literature,Winner1391,Kenya,Male
1929,Literature,Winner1392,Kenya,Male
1930,Physics,Winner1393,Japan,Female
1931,Physics,Winner1394,Brazil,Male
1932,Economics,Winner1395,India,Male
1933,Literature,Winner1396,Germany,Female
1934,Medicine,Winner1397,Canada,Male
1935,Peace,Winner1398,Israel,Male
1936,Physics,Winner1399,France,Female
1937,Literature,Winner1400,France,Male
1938,Literature,Winner1401,India,Male
1939,Medicine,Winner1402,Japan,Male
1940,Peace,Winner1403,Germany,Female
1941,Literature,Winner1404,Germany,Male
1942,Literature,Winner1405,Kenya,Female
1943,Physics,Winner1406,Kenya,Female
1944,Medicine,Winner1407,UK,Female
1945,Economics,Winner1408,USA,Male
1946,Literature,Winner1409,Canada,Male
1947,Peace,Winner1410,Brazil,Male
1948,Physics,Winner1411,Israel,Female
1949,Peace,Winner1412,Brazil,Male
1950,Economics,Winner1413,Kenya,Female
1951,Medicine,Winner1414,USA,Male
1952,Literature,Winner1415,India,Female
1953,Economics,Winner1416,India,Female
1954,Physics,Winner1417,UK,Male
1955,Physics,Winner1418,India,Female
1956,Economics,Winner1419,Japan,Female
1957,Economics,Winner1420,UK,Male
1958,Chemistry,Winner1421,Kenya,Male
1959,Economics,Winner1422,Canada,Male
1960,Medicine,Winner1423,Israel,Male
1961,Chemistry,Winner1424,UK,Female
1962,Chemistry,Winner1425,Kenya,Male
1963,Economics,Winner1426,India,Male
1964,Literature,Winner1427,USA,Male
1965,Literature,Winner1428,Kenya,Male
1966,Literature,Winner1429,USA,Male
1967,Peace,Winner1430,Canada,Female
1968,Peace,Winner1431,France,Male
1969,Economics,Winner1432,France,Male
1970,Literature,Winner1433,Israel,Female
1971,Peace,Winner1434,Canada,Female
1972,Peace,Winner1435,Germany,Female
1973,Literature,Winner1436,India,Female
1974,Literature,Winner1437,France,Male
1975,Literature,Winner1438,Israel,Female
1976,Economics,Winner1439,Brazil,Female
1977,Economics,Winner1440,Brazil,Male
1978,Chemistry,Winner1441,Germany,Female
1979,Economics,Winner1442,India,Male
1980,Economics,Winner1443,France,Female
1981,Economics,Winner1444,UK,Female
1982,Peace,Winner1445,Kenya,Female
1983,Economics,Winner1446,Brazil,Female
1984,Literature,Winner1447,USA,Male
1985,Physics,Winner1448,Canada,Male
1986,Physics,Winner1449,USA,Male
1987,Medicine,Winner1450,France,Female
1988,Economics,Winner1451,Japan,Male
1989,Physics,Winner1452,Japan,Male
1990,Peace,Winner1453,USA,Female
1991,Literature,Winner1454,UK,Male
1992,Economics,Winner1455,Brazil,Female
1993,Chemistry,Winner1456,Brazil,Female
1994,Economics,Winner1457,USA,Female
1995,Literature,Winner1458,Canada,Female
1996,Peace,Winner1459,USA,Male
1997,Economics,Winner1460,Japan,Male
1998,Peace,Winner1461,Kenya,Male
1999,Economics,Winner1462,India,Male
2000,Economics,Winner1463,Germany,Female
2001,Literature,Winner1464,France,Male
2002,Chemistry,Winner1465,France,Male
2003,Literature,Winner1466,USA,Female
2004,Medicine,Winner1467,Brazil,Female
2005,Chemistry,Winner1468,France,Female
2006,Physics,Winner1469,India,Female
2007,Economics,Winner1470,France,Male
2008,Chemistry,Winner1471,India,Male
2009,Economics,Winner1472,Israel,Female
2010,Literature,Winner1473,Israel,Female
2011,Physics,Winner1474,India,Male
2012,Chemistry,Winner1475,Brazil,Male
2013,Peace,Winner1476,France,Female
2014,Peace,Winner1477,Brazil,Female
2015,Physics,Winner1478,India,Male
2016,Chemistry,Winner1479,India,Female
2017,Medicine,Winner1480,Japan,Male
2018,Peace,Winner1481,Brazil,Female
2019,Peace,Winner1482,USA,Male
2020,Economics,Winner1483,India,Female
2021,Chemistry,Winner1484,Israel,Male
2022,Physics,Winner1485,India,Female
2023,Physics,Winner1486,Canada,Female
2024,Peace,Winner1487,Japan,Male
1901,Peace,Winner1488,India,Female
1902,Literature,Winner1489,USA,Female
1903,Economics,Winner1490,Germany,Female
1904,Peace,Winner1491,UK,Male
1905,Chemistry,Winner1492,Brazil,Male
1906,Economics,Winner1493,UK,Male
1907,Economics,Winner1494,Germany,Female
1908,Physics,Winner1495,Germany,Female
1909,Economics,Winner1496,UK,Male
1910,Physics,Winner1497,Kenya,Female
1911,Physics,Winner1498,UK,Male
1912,Physics,Winner1499,France,Female
1913,Peace,Winner1500,UK,Male
1914,Medicine,Winner1501,Canada,Female
1915,Literature,Winner1502,Canada,Female
1916,Medicine,Winner1503,USA,Female
1917,Economics,Winner1504,UK,Male
1918,Economics,Winner1505,Israel,Male
1919,Economics,Winner1506,Israel,Male
1920,Economics,Winner1507,UK,Female
1921,Peace,Winner1508,UK,Female
1922,Economics,Winner1509,Japan,Male
1923,Medicine,Winner1510,Kenya,Female
1924,Literature,Winner1511,USA,Female
1925,Chemistry,Winner1512,Brazil,Male
1926,Chemistry,Winner1513,Canada,Female
1927,Economics,Winner1514,France,Female
1928,Economics,Winner1515,India,Male
1929,Peace,Winner1516,Brazil,Male
1930,Physics,Winner1517,USA,Male
1931,Peace,Winner1518,Israel,Female
1932,Peace,Winner1519,Brazil,Male
1933,Medicine,Winner1520,Germany,Female
1934,Chemistry,Winner1521,Canada,Male
1935,Chemistry,Winner1522,France,Male
1936,Peace,Winner1523,Japan,Male
1937,Physics,Winner1524,France,Male
1938,Peace,Winner1525,Kenya,Male
1939,Medicine,Winner1526,UK,Female
1940,Physics,Winner1527,Germany,Female
1941,Medicine,Winner1528,India,Male
1942,Economics,Winner1529,Germany,Male
1943,Medicine,Winner1530,Israel,Male
1944,Chemistry,Winner1531,India,Female
1945,Literature,Winner1532,India,Female
1946,Economics,Winner1533,Israel,Male
1947,Peace,Winner1534,Israel,Female
1948,Medicine,Winner1535,Canada,Male
1949,Physics,Winner1536,India,Male
1950,Chemistry,Winner1537,Canada,Female
1951,Medicine,Winner1538,France,Female
1952,Literature,Winner1539,Kenya,Female
1953,Medicine,Winner1540,Japan,Female
1954,Peace,Winner1541,UK,Male
1955,Economics,Winner1542,Israel,Male
1956,Medicine,Winner1543,France,Male
1957,Medicine,Winner1544,UK,Male
1958,Physics,Winner1545,Brazil,Male
1959,Peace,Winner1546,Israel,Female
1960,Peace,Winner1547,Germany,Male
1961,Peace,Winner1548,Japan,Female
1962,Economics,Winner1549,France,Female
1963,Literature,Winner1550,Germany,Female
1964,Chemistry,Winner1551,Kenya,Male
1965,Literature,Winner1552,India,Male
1966,Economics,Winner1553,Germany,Male
1967,Peace,Winner1554,France,Female
1968,Chemistry,Winner1555,France,Male
1969,Economics,Winner1556,Kenya,Female
1970,Physics,Winner1557,Germany,Female
1971,Chemistry,Winner1558,UK,Female
1972,Medicine,Winner1559,Germany,Male
1973,Economics,Winner1560,Germany,Female
1974,Literature,Winner1561,Kenya,Female
1975,Physics,Winner1562,USA,Female
1976,Physics,Winner1563,Brazil,Female
1977,Economics,Winner1564,Japan,Male
1978,Literature,Winner1565,Canada,Female
1979,Peace,Winner1566,UK,Female
1980,Literature,Winner1567,Germany,Female
1981,Medicine,Winner1568,India,Female
1982,Literature,Winner1569,Israel,Male
1983,Peace,Winner1570,France,Female
1984,Chemistry,Winner1571,Germany,Male
1985,Peace,Winner1572,Japan,Male
1986,Chemistry,Winner1573,France,Male
1987,Medicine,Winner1574,Israel,Male
1988,Economics,Winner1575,Germany,Female
1989,Medicine,Winner1576,UK,Female
1990,Economics,Winner1577,Kenya,Female
1991,Chemistry,Winner1578,Israel,Male
1992,Economics,Winner1579,Canada,Male
1993,Chemistry,Winner1580,USA,Male
1994,Peace,Winner1581,Israel,Male
1995,Chemistry,Winner1582,Brazil,Male
1996,Peace,Winner1583,France,Male
1997,Chemistry,Winner1584,Japan,Male
1998,Peace,Winner1585,Canada,Male
1999,Economics,Winner1586,Japan,Male
2000,Chemistry,Winner1587,Kenya,Female
2001,Literature,Winner1588,France,Male
2002,Literature,Winner1589,Israel,Male
2003,Peace,Winner1590,France,Female
2004,Chemistry,Winner1591,India,Female
2005,Peace,Winner1592,Israel,Male
2006,Chemistry,Winner1593,Canada,Female
2007,Chemistry,Winner1594,UK,Male
2008,Chemistry,Winner1595,Brazil,Female
2009,Chemistry,Winner1596,Israel,Male
2010,Chemistry,Winner1597,Kenya,Male
2011,Peace,Winner1598,Brazil,Male
2012,Physics,Winner1599,Kenya,Male
2013,Peace,Winner1600,Brazil,Male
2014,Economics,Winner1601,Canada,Female
2015,Medicine,Winner1602,USA,Female
2016,Chemistry,Winner1603,Kenya,Female
2017,Medicine,Winner1604,Israel,Male
2018,Literature,Winner1605,France,Female
2019,Literature,Winner1606,Germany,Male
2020,Medicine,Winner1607,Israel,Female
2021,Medicine,Winner1608,Germany,Male
2022,Economics,Winner1609,USA,Male
2023,Peace,Winner1610,USA,Female
2024,Economics,Winner1611,Germany,Female
1901,Literature,Winner1612,India,Male
1902,Chemistry,Winner1613,Canada,Female
1903,Medicine,Winner1614,Brazil,Female
1904,Peace,Winner1615,India,Female
1905,Economics,Winner1616,Canada,Male
1906,Literature,Winner1617,Brazil,Female
1907,Chemistry,Winner1618,India,Female
1908,Medicine,Winner1619,Japan,Female
1909,Economics,Winner1620,Canada,Male
1910,Economics,Winner1621,UK,Male
1911,Literature,Winner1622,France,Male
1912,Chemistry,Winner1623,Brazil,Female
1913,Medicine,Winner1624,Brazil,Male
1914,Chemistry,Winner1625,Canada,Male
1915,Physics,Winner1626,France,Female
1916,Peace,Winner1627,Canada,Male
1917,Physics,Winner1628,Japan,Male
1918,Medicine,Winner1629,UK,Male
1919,Economics,Winner1630,Canada,Female
1920,Peace,Winner1631,Brazil,Female
1921,Economics,Winner1632,Israel,Male
1922,Chemistry,Winner1633,Kenya,Female
1923,Physics,Winner1634,Germany,Female
1924,Chemistry,Winner1635,USA,Male
1925,Peace,Winner1636,France,Male
1926,Medicine,Winner1637,Germany,Male
1927,Chemistry,Winner1638,UK,Female
1928,Literature,Winner1639,India,Female
1929,Literature,Winner1640,Israel,Male
1930,Peace,Winner1641,USA,Male
1931,Physics,Winner1642,Brazil,Female
1932,Economics,Winner1643,Brazil,Female
1933,Medicine,Winner1644,Japan,Male
1934,Peace,Winner1645,Germany,Female
1935,Literature,Winner1646,Israel,Male
1936,Medicine,Winner1647,France,Female
1937,Peace,Winner1648,UK,Male
1938,Peace,Winner1649,Japan,Female
1939,Physics,Winner1650,Brazil,Female
1940,Peace,Winner1651,Israel,Female
1941,Economics,Winner1652,Kenya,Female
1942,Peace,Winner1653,Kenya,Male
1943,Medicine,Winner1654,Kenya,Female
1944,Peace,Winner1655,USA,Female
1945,Physics,Winner1656,Japan,Male
1946,Literature,Winner1657,Germany,Male
1947,Medicine,Winner1658,Canada,Female
1948,Peace,Winner1659,Brazil,Male
1949,Economics,Winner1660,Japan,Male
1950,Medicine,Winner1661,UK,Female
1951,Economics,Winner1662,India,Male
1952,Peace,Winner1663,France,Female
1953,Medicine,Winner1664,India,Male
1954,Peace,Winner1665,Japan,Male
1955,Economics,Winner1666,Germany,Female
1956,Economics,Winner1667,Germany,Male
1957,Economics,Winner1668,Germany,Female
1958,Chemistry,Winner1669,Germany,Male
1959,Chemistry,Winner1670,Israel,Female
1960,Chemistry,Winner1671,UK,Male
1961,Physics,Winner1672,Kenya,Male
1962,Peace,Winner1673,USA,Female
1963,Medicine,Winner1674,Israel,Female
1964,Literature,Winner1675,Israel,Female
1965,Literature,Winner1676,France,Female
1966,Literature,Winner1677,Germany,Male
1967,Physics,Winner1678,Brazil,Female
1968,Literature,Winner1679,Brazil,Male
1969,Peace,Winner1680,India,Female
1970,Economics,Winner1681,France,Female
1971,Physics,Winner1682,Brazil,Female
1972,Medicine,Winner1683,USA,Male
1973,Economics,Winner1684,Germany,Female
1974,Peace,Winner1685,UK,Female
1975,Medicine,Winner1686,Israel,Female
1976,Chemistry,Winner1687,Brazil,Female
1977,Chemistry,Winner1688,Japan,Female
1978,Peace,Winner1689,India,Female
1979,Chemistry,Winner1690,Kenya,Female
1980,Chemistry,Winner1691,Canada,Female
1981,Medicine,Winner1692,Canada,Female
1982,Literature,Winner1693,France,Male
1983,Peace,Winner1694,Germany,Male
1984,Economics,Winner1695,Japan,Male
1985,Peace,Winner1696,Canada,Female
1986,Chemistry,Winner1697,France,Male
1987,Literature,Winner1698,USA,Male
1988,Literature,Winner1699,Kenya,Male
1989,Economics,Winner1700,Brazil,Female
1990,Literature,Winner1701,Japan,Female
1991,Peace,Winner1702,Israel,Male
1992,Literature,Winner1703,UK,Male
1993,Physics,Winner1704,Germany,Female
1994,Literature,Winner1705,UK,Female
1995,Economics,Winner1706,India,Female
1996,Medicine,Winner1707,India,Female
1997,Medicine,Winner1708,USA,Female
1998,Physics,Winner1709,India,Male
1999,Peace,Winner1710,Israel,Male
2000,Medicine,Winner1711,India,Female
2001,Economics,Winner1712,Brazil,Female
2002,Economics,Winner1713,Kenya,Male
2003,Literature,Winner1714,Israel,Female
2004,Literature,Winner1715,France,Male
2005,Economics,Winner1716,India,Female
2006,Economics,Winner1717,Israel,Female
2007,Physics,Winner1718,UK,Male
2008,Medicine,Winner1719,Germany,Female
2009,Medicine,Winner1720,Japan,Female
2010,Peace,Winner1721,Canada,Female
2011,Literature,Winner1722,India,Female
2012,Literature,Winner1723,France,Male
2013,Physics,Winner1724,France,Male
2014,Economics,Winner1725,Japan,Male
2015,Chemistry,Winner1726,France,Female
2016,Physics,Winner1727,UK,Male
2017,Literature,Winner1728,Brazil,Male
2018,Physics,Winner1729,Canada,Male
2019,Physics,Winner1730,Japan,Male
2020,Physics,Winner1731,Canada,Female
2021,Chemistry,Winner1732,Germany,Female
2022,Literature,Winner1733,France,Male
2023,Peace,Winner1734,France,Male
2024,Physics,Winner1735,India,Female
1901,Literature,Winner1736,Kenya,Female
1902,Peace,Winner1737,Kenya,Male
1903,Economics,Winner1738,Brazil,Male
1904,Peace,Winner1739,Israel,Female
1905,Economics,Winner1740,Israel,Female
1906,Peace,Winner1741,Brazil,Female
1907,Medicine,Winner1742,Kenya,Male
1908,Physics,Winner1743,Kenya,Female
1909,Medicine,Winner1744,Canada,Female
1910,Chemistry,Winner1745,Japan,Male
1911,Physics,Winner1746,Brazil,Male
1912,Medicine,Winner1747,Japan,Female
1913,Peace,Winner1748,USA,Female
1914,Literature,Winner1749,Japan,Male
1915,Literature,Winner1750,Japan,Male
1916,Physics,Winner1751,Brazil,Female
1917,Chemistry,Winner1752,Canada,Female
1918,Literature,Winner1753,Germany,Male
1919,Economics,Winner1754,Canada,Female
1920,Chemistry,Winner1755,Japan,Male
1921,Literature,Winner1756,Germany,Female
1922,Medicine,Winner1757,Brazil,Female
1923,Literature,Winner1758,Germany,Male
1924,Chemistry,Winner1759,France,Female
1925,Physics,Winner1760,Kenya,Female
1926,Medicine,Winner1761,Israel,Female
1927,Chemistry,Winner1762,India,Male
1928,Chemistry,Winner1763,USA,Male
1929,Chemistry,Winner1764,UK,Female
1930,Medicine,Winner1765,France,Female
1931,Economics,Winner1766,USA,Male
1932,Physics,Winner1767,France,Male
1933,Literature,Winner1768,Germany,Female
1934,Literature,Winner1769,Japan,Female
1935,Medicine,Winner1770,Kenya,Male
1936,Medicine,Winner1771,UK,Male
1937,Physics,Winner1772,Japan,Female
1938,Physics,Winner1773,Brazil,Female
1939,Chemistry,Winner1774,Germany,Female
1940,Literature,Winner1775,USA,Male
1941,Economics,Winner1776,Germany,Female
1942,Literature,Winner1777,Germany,Male
1943,Chemistry,Winner1778,Kenya,Male
1944,Peace,Winner1779,Germany,Female
1945,Literature,Winner1780,Japan,Female
1946,Chemistry,Winner1781,USA,Male
1947,Medicine,Winner1782,Kenya,Female
1948,Chemistry,Winner1783,India,Male
1949,Economics,Winner1784,Germany,Male
1950,Chemistry,Winner1785,Canada,Female
1951,Physics,Winner1786,France,Female
1952,Peace,Winner1787,UK,Female
1953,Chemistry,Winner1788,USA,Male
1954,Peace,Winner1789,Kenya,Male
1955,Medicine,Winner1790,UK,Male
1956,Chemistry,Winner1791,Kenya,Male
1957,Economics,Winner1792,Israel,Female
1958,Economics,Winner1793,USA,Male
1959,Medicine,Winner1794,France,Male
1960,Chemistry,Winner1795,Kenya,Male
1961,Medicine,Winner1796,Brazil,Female
1962,Literature,Winner1797,Germany,Male
1963,Economics,Winner1798,Canada,Female
1964,Economics,Winner1799,France,Female
1965,Physics,Winner1800,Kenya,Female
1966,Peace,Winner1801,Japan,Female
1967,Chemistry,Winner1802,Israel,Male
1968,Peace,Winner1803,India,Female
1969,Economics,Winner1804,Kenya,Female
1970,Peace,Winner1805,Brazil,Male
1971,Physics,Winner1806,Brazil,Male
1972,Literature,Winner1807,Japan,Female
1973,Peace,Winner1808,India,Female
1974,Physics,Winner1809,Brazil,Female
1975,Economics,Winner1810,France,Male
1976,Peace,Winner1811,India,Male
1977,Medicine,Winner1812,UK,Female
1978,Chemistry,Winner1813,Brazil,Female
1979,Peace,Winner1814,France,Female
1980,Medicine,Winner1815,Canada,Female
1981,Physics,Winner1816,UK,Male
1982,Physics,Winner1817,France,Male
1983,Physics,Winner1818,Germany,Male
1984,Literature,Winner1819,Germany,Male
1985,Physics,Winner1820,Israel,Female
1986,Economics,Winner1821,Kenya,Female
1987,Physics,Winner1822,India,Male
1988,Peace,Winner1823,UK,Male
1989,Chemistry,Winner1824,Kenya,Male
1990,Literature,Winner1825,USA,Female
1991,Peace,Winner1826,Canada,Female
1992,Economics,Winner1827,USA,Female
1993,Peace,Winner1828,USA,Male
1994,Medicine,Winner1829,UK,Male
1995,Peace,Winner1830,UK,Male
1996,Economics,Winner1831,Germany,Female
1997,Chemistry,Winner1832,Germany,Male
1998,Peace,Winner1833,France,Female
1999,Economics,Winner1834,UK,Female
2000,Economics,Winner1835,Kenya,Female
2001,Physics,Winner1836,France,Male
2002,Peace,Winner1837,Canada,Female
2003,Economics,Winner1838,France,Female
2004,Medicine,Winner1839,India,Female
2005,Medicine,Winner1840,Canada,Female
2006,Economics,Winner1841,India,Male
2007,Peace,Winner1842,Brazil,Male
2008,Literature,Winner1843,Brazil,Female
2009,Medicine,Winner1844,Kenya,Female
2010,Literature,Winner1845,USA,Male
2011,Medicine,Winner1846,Israel,Male
2012,Peace,Winner1847,France,Female
2013,Physics,Winner1848,Japan,Male
2014,Chemistry,Winner1849,India,Male
2015,Economics,Winner1850,Japan,Male
2016,Physics,Winner1851,USA,Female
2017,Medicine,Winner1852,France,Male
2018,Medicine,Winner1853,India,Male
2019,Chemistry,Winner1854,Japan,Female
2020,Physics,Winner1855,Israel,Female
2021,Peace,Winner1856,Germany,Male
2022,Economics,Winner1857,India,Female
2023,Chemistry,Winner1858,Kenya,Male
2024,Peace,Winner1859,Japan,Male
1901,Economics,Winner1860,Israel,Female
1902,Physics,Winner1861,USA,Female
1903,Medicine,Winner1862,Canada,Female
1904,Physics,Winner1863,Germany,Male
1905,Economics,Winner1864,Canada,Male
1906,Medicine,Winner1865,Brazil,Male
1907,Medicine,Winner1866,Brazil,Male
1908,Medicine,Winner1867,Brazil,Male
1909,Chemistry,Winner1868,USA,Female
1910,Literature,Winner1869,Israel,Male
1911,Chemistry,Winner1870,Canada,Female
1912,Literature,Winner1871,France,Male
1913,Medicine,Winner1872,UK,Female
1914,Peace,Winner1873,USA,Female
1915,Medicine,Winner1874,UK,Female
1916,Peace,Winner1875,Canada,Male
1917,Chemistry,Winner1876,Kenya,Male
1918,Literature,Winner1877,Canada,Male
1919,Peace,Winner1878,Israel,Male
1920,Chemistry,Winner1879,UK,Female
1921,Literature,Winner1880,India,Male
1922,Physics,Winner1881,Canada,Female
1923,Medicine,Winner1882,India,Male
1924,Medicine,Winner1883,India,Male
1925,Medicine,Winner1884,France,Female
1926,Peace,Winner1885,Kenya,Male
1927,Literature,Winner1886,USA,Male
1928,Chemistry,Winner1887,India,Male
1929,Economics,Winner1888,UK,Male
1930,Economics,Winner1889,USA,Male
1931,Peace,Winner1890,France,Female
1932,Physics,Winner1891,India,Male
1933,Medicine,Winner1892,Kenya,Female
1934,Physics,Winner1893,India,Male
1935,Economics,Winner1894,Brazil,Male
1936,Chemistry,Winner1895,Brazil,Female
1937,Peace,Winner1896,Kenya,Male
1938,Economics,Winner1897,USA,Female
1939,Peace,Winner1898,Brazil,Male
1940,Medicine,Winner1899,France,Male
1941,Medicine,Winner1900,Germany,Female
1942,Physics,Winner1901,Kenya,Male
1943,Physics,Winner1902,Canada,Female
1944,Economics,Winner1903,India,Male
1945,Physics,Winner1904,Japan,Female
1946,Chemistry,Winner1905,Canada,Male
1947,Medicine,Winner1906,Kenya,Male
1948,Chemistry,Winner1907,Germany,Female
1949,Peace,Winner1908,USA,Male
1950,Chemistry,Winner1909,Brazil,Female
1951,Medicine,Winner1910,Kenya,Female
1952,Economics,Winner1911,France,Male
1953,Medicine,Winner1912,India,Female
1954,Economics,Winner1913,Japan,Male
1955,Peace,Winner1914,Japan,Male
1956,Economics,Winner1915,Japan,Female
1957,Physics,Winner1916,Brazil,Female
1958,Chemistry,Winner1917,France,Female
1959,Literature,Winner1918,France,Male
1960,Economics,Winner1919,Canada,Male
1961,Literature,Winner1920,Germany,Male
1962,Literature,Winner1921,Japan,Female
1963,Literature,Winner1922,Brazil,Male
1964,Chemistry,Winner1923,France,Male
1965,Chemistry,Winner1924,Japan,Male
1966,Literature,Winner1925,France,Male
1967,Medicine,Winner1926,UK,Male
1968,Chemistry,Winner1927,India,Male
1969,Economics,Winner1928,USA,Female
1970,Literature,Winner1929,Canada,Female
1971,Literature,Winner1930,Japan,Male
1972,Chemistry,Winner1931,UK,Male
1973,Chemistry,Winner1932,USA,Female
1974,Peace,Winner1933,Israel,Male
1975,Peace,Winner1934,Germany,Male
1976,Economics,Winner1935,USA,Female
1977,Physics,Winner1936,Kenya,Male
1978,Peace,Winner1937,Israel,Female
1979,Economics,Winner1938,India,Male
1980,Literature,Winner1939,Kenya,Female
1981,Chemistry,Winner1940,France,Male
1982,Chemistry,Winner1941,USA,Female
1983,Physics,Winner1942,Japan,Female
1984,Chemistry,Winner1943,Germany,Male
1985,Physics,Winner1944,France,Female
1986,Peace,Winner1945,Kenya,Female
1987,Literature,Winner1946,Germany,Female
1988,Literature,Winner1947,USA,Female
1989,Economics,Winner1948,India,Female
1990,Peace,Winner1949,Israel,Male
1991,Peace,Winner1950,UK,Female
1992,Literature,Winner1951,USA,Male
1993,Peace,Winner1952,Brazil,Female
1994,Economics,Winner1953,USA,Female
1995,Peace,Winner1954,USA,Male
1996,Medicine,Winner1955,Kenya,Female
1997,Medicine,Winner1956,Japan,Female
1998,Chemistry,Winner1957,Canada,Female
1999,Peace,Winner1958,USA,Male
2000,Literature,Winner1959,Kenya,Male
2001,Economics,Winner1960,Brazil,Male
2002,Chemistry,Winner1961,Israel,Male
2003,Literature,Winner1962,Canada,Female
2004,Literature,Winner1963,USA,Male
2005,Literature,Winner1964,Israel,Male
2006,Literature,Winner1965,UK,Female
2007,Medicine,Winner1966,France,Male
2008,Physics,Winner1967,UK,Female
2009,Economics,Winner1968,India,Male
2010,Peace,Winner1969,Canada,Male
2011,Literature,Winner1970,Brazil,Female
2012,Physics,Winner1971,France,Female
2013,Peace,Winner1972,France,Male
2014,Chemistry,Winner1973,France,Male
2015,Literature,Winner1974,Japan,Female
2016,Economics,Winner1975,Kenya,Female
2017,Economics,Winner1976,France,Male
2018,Chemistry,Winner1977,Germany,Male
2019,Peace,Winner1978,Japan,Male
2020,Literature,Winner1979,Kenya,Female
2021,Peace,Winner1980,USA,Female
2022,Chemistry,Winner1981,Germany,Female
2023,Literature,Winner1982,Canada,Female
2024,Physics,Winner1983,Israel,Male
1901,Chemistry,Winner1984,Brazil,Female
1902,Peace,Winner1985,Brazil,Male
1903,Physics,Winner1986,France,Male
1904,Physics,Winner1987,India,Male
1905,Chemistry,Winner1988,USA,Female
1906,Medicine,Winner1989,UK,Male
1907,Physics,Winner1990,Canada,Male
1908,Chemistry,Winner1991,Japan,Male
1909,Literature,Winner1992,Israel,Female
1910,Physics,Winner1993,UK,Female
1911,Medicine,Winner1994,India,Female
1912,Physics,Winner1995,Canada,Male
1913,Medicine,Winner1996,Kenya,Male
1914,Physics,Winner1997,Japan,Female
1915,Peace,Winner1998,Canada,Male
1916,Economics,Winner1999,Germany,Male
1917,Physics,Winner2000,Israel,Male
1918,Literature,Winner2001,Israel,Female
1919,Literature,Winner2002,Israel,Female
1920,Medicine,Winner2003,Brazil,Female
1921,Chemistry,Winner2004,Israel,Female
1922,Peace,Winner2005,Kenya,Female
1923,Chemistry,Winner2006,Israel,Male
1924,Economics,Winner2007,Japan,Male
1925,Physics,Winner2008,UK,Male
1926,Literature,Winner2009,UK,Male
1927,Peace,Winner2010,Canada,Female
1928,Physics,Winner2011,India,Female
1929,Peace,Winner2012,Germany,Male
1930,Economics,Winner2013,Germany,Female
1931,Medicine,Winner2014,UK,Female
1932,Medicine,Winner2015,Brazil,Female
1933,Physics,Winner2016,UK,Female
1934,Medicine,Winner2017,Canada,Male
1935,Chemistry,Winner2018,Germany,Female
1936,Medicine,Winner2019,Kenya,Female
1937,Physics,Winner2020,France,Female
1938,Chemistry,Winner2021,Kenya,Female
1939,Literature,Winner2022,Canada,Male
1940,Peace,Winner2023,Japan,Female
1941,Peace,Winner2024,Brazil,Male
1942,Chemistry,Winner2025,Israel,Female
1943,Medicine,Winner2026,UK,Male
1944,Medicine,Winner2027,USA,Female
1945,Literature,Winner2028,Brazil,Male
1946,Peace,Winner2029,Israel,Female
1947,Chemistry,Winner2030,Israel,Male
1948,Medicine,Winner2031,India,Male
1949,Medicine,Winner2032,Canada,Male
1950,Literature,Winner2033,Germany,Female
1951,Literature,Winner2034,Japan,Male
1952,Peace,Winner2035,Japan,Male
1953,Physics,Winner2036,India,Male
1954,Chemistry,Winner2037,UK,Female
1955,Peace,Winner2038,USA,Female
1956,Peace,Winner2039,France,Male
1957,Medicine,Winner2040,Kenya,Female
1958,Medicine,Winner2041,France,Male
1959,Peace,Winner2042,France,Male
1960,Economics,Winner2043,USA,Female
1961,Literature,Winner2044,Brazil,Male
1962,Physics,Winner2045,Japan,Male
1963,Economics,Winner2046,Israel,Male
1964,Medicine,Winner2047,Kenya,Male
1965,Physics,Winner2048,Brazil,Female
1966,Physics,Winner2049,Israel,Female
1967,Economics,Winner2050,Germany,Female
1968,Chemistry,Winner2051,Germany,Female
1969,Medicine,Winner2052,Brazil,Female
1970,Literature,Winner2053,UK,Female
1971,Chemistry,Winner2054,France,Female
1972,Physics,Winner2055,USA,Male
1973,Chemistry,Winner2056,Brazil,Female
1974,Peace,Winner2057,India,Female
1975,Chemistry,Winner2058,Japan,Male
1976,Chemistry,Winner2059,UK,Female
1977,Peace,Winner2060,India,Female
1978,Physics,Winner2061,France,Male
1979,Literature,Winner2062,USA,Male
1980,Literature,Winner2063,USA,Male
1981,Literature,Winner2064,Canada,Male
1982,Economics,Winner2065,Israel,Female
1983,Peace,Winner2066,India,Female
1984,Medicine,Winner2067,Germany,Male
1985,Literature,Winner2068,Israel,Male
1986,Physics,Winner2069,Kenya,Male
1987,Literature,Winner2070,Japan,Female
1988,Literature,Winner2071,Germany,Male
1989,Chemistry,Winner2072,Israel,Female
1990,Medicine,Winner2073,Canada,Male
1991,Economics,Winner2074,India,Female
1992,Literature,Winner2075,Kenya,Male
1993,Physics,Winner2076,Kenya,Male
1994,Medicine,Winner2077,Kenya,Female
1995,Chemistry,Winner2078,Japan,Female
1996,Peace,Winner2079,Israel,Male
1997,Peace,Winner2080,UK,Female
1998,Economics,Winner2081,UK,Female
1999,Peace,Winner2082,UK,Female
2000,Peace,Winner2083,Kenya,Female
2001,Peace,Winner2084,Canada,Male
2002,Peace,Winner2085,Germany,Male
2003,Literature,Winner2086,Canada,Male
2004,Medicine,Winner2087,Germany,Female
2005,Literature,Winner2088,Israel,Female
2006,Peace,Winner2089,Germany,Male
2007,Economics,Winner2090,UK,Female
2008,Physics,Winner2091,Israel,Female
2009,Medicine,Winner2092,Brazil,Male
2010,Literature,Winner2093,France,Female
2011,Literature,Winner2094,UK,Male
2012,Economics,Winner2095,Israel,Female
2013,Medicine,Winner2096,Kenya,Male
2014,Physics,Winner2097,Germany,Male
2015,Peace,Winner2098,USA,Male
2016,Economics,Winner2099,France,Female
2017,Peace,Winner2100,Japan,Female
2018,Peace,Winner2101,Israel,Female
2019,Chemistry,Winner2102,Germany,Female
2020,Medicine,Winner2103,Israel,Female
2021,Literature,Winner2104,India,Male
2022,Peace,Winner2105,USA,Female
2023,Chemistry,Winner2106,Japan,Male
2024,Medicine,Winner2107,Brazil,Male
1901,Physics,Winner2108,Brazil,Female
1902,Physics,Winner2109,Japan,Male
1903,Chemistry,Winner2110,Canada,Female
1904,Economics,Winner2111,India,Female
1905,Literature,Winner2112,Canada,Female
1906,Peace,Winner2113,Germany,Male
1907,Literature,Winner2114,France,Male
1908,Peace,Winner2115,Canada,Female
1909,Literature,Winner2116,France,Female
1910,Economics,Winner2117,France,Male
1911,Physics,Winner2118,UK,Male
1912,Chemistry,Winner2119,Kenya,Female
1913,Chemistry,Winner2120,UK,Male
1914,Economics,Winner2121,Canada,Female
1915,Economics,Winner2122,Israel,Female
1916,Peace,Winner2123,France,Female
1917,Peace,Winner2124,Canada,Female
1918,Literature,Winner2125,India,Male
1919,Chemistry,Winner2126,Canada,Male
1920,Peace,Winner2127,Kenya,Male
1921,Economics,Winner2128,Brazil,Female
1922,Literature,Winner2129,Brazil,Female
1923,Physics,Winner2130,USA,Female
1924,Economics,Winner2131,India,Male
1925,Peace,Winner2132,Kenya,Male
1926,Chemistry,Winner2133,Brazil,Female
1927,Literature,Winner2134,Brazil,Male
1928,Peace,Winner2135,Israel,Male
1929,Chemistry,Winner2136,Kenya,Male
1930,Economics,Winner2137,Brazil,Female
1931,Peace,Winner2138,USA,Female
1932,Peace,Winner2139,USA,Female
1933,Literature,Winner2140,Brazil,Female
1934,Peace,Winner2141,India,Female
1935,Medicine,Winner2142,Japan,Female
1936,Chemistry,Winner2143,USA,Female
1937,Economics,Winner2144,Israel,Female
1938,Physics,Winner2145,Kenya,Male
1939,Peace,Winner2146,USA,Female
1940,Economics,Winner2147,Israel,Male
1941,Medicine,Winner2148,Kenya,Male
1942,Chemistry,Winner2149,Brazil,Male
1943,Medicine,Winner2150,Japan,Male
1944,Peace,Winner2151,Japan,Female
1945,Medicine,Winner2152,USA,Male
1946,Peace,Winner2153,France,Male
1947,Economics,Winner2154,Kenya,Female
1948,Chemistry,Winner2155,Japan,Male
1949,Literature,Winner2156,France,Male
1950,Medicine,Winner2157,UK,Male
1951,Peace,Winner2158,France,Female
1952,Literature,Winner2159,Canada,Male
1953,Economics,Winner2160,Kenya,Male
1954,Chemistry,Winner2161,Israel,Female
1955,Physics,Winner2162,Japan,Male
1956,Physics,Winner2163,France,Female
1957,Literature,Winner2164,Kenya,Female
1958,Literature,Winner2165,Brazil,Male
1959,Literature,Winner2166,Canada,Female
1960,Medicine,Winner2167,France,Female
1961,Physics,Winner2168,Japan,Female
1962,Literature,Winner2169,India,Male
1963,Physics,Winner2170,Brazil,Female
1964,Literature,Winner2171,Israel,Female
1965,Medicine,Winner2172,Japan,Female
1966,Physics,Winner2173,Japan,Female
1967,Literature,Winner2174,Germany,Male
1968,Peace,Winner2175,India,Male
1969,Medicine,Winner2176,Brazil,Male
1970,Economics,Winner2177,USA,Male
1971,Physics,Winner2178,Canada,Male
1972,Peace,Winner2179,UK,Female
1973,Medicine,Winner2180,Germany,Female
1974,Medicine,Winner2181,Germany,Male
1975,Physics,Winner2182,Israel,Male
1976,Physics,Winner2183,Israel,Male
1977,Peace,Winner2184,UK,Male
1978,Physics,Winner2185,Israel,Male
1979,Literature,Winner2186,Israel,Male
1980,Physics,Winner2187,France,Female
1981,Medicine,Winner2188,Kenya,Male
1982,Economics,Winner2189,Kenya,Female
1983,Literature,Winner2190,India,Female
1984,Chemistry,Winner2191,UK,Female
1985,Physics,Winner2192,Canada,Female
1986,Medicine,Winner2193,USA,Female
1987,Medicine,Winner2194,France,Female
1988,Physics,Winner2195,Kenya,Male
1989,Peace,Winner2196,Canada,Male
1990,Economics,Winner2197,Kenya,Male
1991,Chemistry,Winner2198,Brazil,Female
1992,Chemistry,Winner2199,Israel,Male
1993,Literature,Winner2200,Japan,Male
1994,Physics,Winner2201,UK,Male
1995,Peace,Winner2202,Japan,Female
1996,Physics,Winner2203,Kenya,Male
1997,Economics,Winner2204,USA,Male
1998,Economics,Winner2205,Canada,Female
1999,Chemistry,Winner2206,India,Female
2000,Peace,Winner2207,USA,Female
2001,Literature,Winner2208,Canada,Female
2002,Economics,Winner2209,UK,Male
2003,Physics,Winner2210,Canada,Female
2004,Physics,Winner2211,Israel,Female
2005,Medicine,Winner2212,Japan,Female
2006,Physics,Winner2213,UK,Female
2007,Peace,Winner2214,India,Male
2008,Literature,Winner2215,Japan,Male
2009,Chemistry,Winner2216,Brazil,Male
2010,Literature,Winner2217,Germany,Female
2011,Economics,Winner2218,Canada,Male
2012,Economics,Winner2219,India,Female
2013,Physics,Winner2220,Kenya,Male
2014,Chemistry,Winner2221,USA,Male
2015,Physics,Winner2222,Israel,Male
2016,Literature,Winner2223,Canada,Male
2017,Peace,Winner2224,Japan,Female
2018,Peace,Winner2225,Kenya,Male
2019,Physics,Winner2226,India,Male
2020,Medicine,Winner2227,USA,Female
2021,Physics,Winner2228,Germany,Female
2022,Economics,Winner2229,Brazil,Male
2023,Economics,Winner2230,Israel,Male
2024,Physics,Winner2231,USA,Male
1901,Literature,Winner2232,USA,Female
1902,Peace,Winner2233,USA,Male
1903,Economics,Winner2234,France,Male
1904,Chemistry,Winner2235,USA,Female
1905,Physics,Winner2236,Kenya,Male
1906,Peace,Winner2237,UK,Male
1907,Physics,Winner2238,Kenya,Male
1908,Physics,Winner2239,Germany,Female
1909,Medicine,Winner2240,Canada,Female
1910,Physics,Winner2241,Israel,Male
1911,Medicine,Winner2242,Germany,Male
1912,Peace,Winner2243,France,Female
1913,Physics,Winner2244,UK,Female
1914,Chemistry,Winner2245,Canada,Male
1915,Economics,Winner2246,India,Male
1916,Literature,Winner2247,Germany,Male
1917,Chemistry,Winner2248,UK,Female
1918,Chemistry,Winner2249,USA,Female
1919,Physics,Winner2250,USA,Male
1920,Chemistry,Winner2251,UK,Female
1921,Literature,Winner2252,Kenya,Male
1922,Chemistry,Winner2253,France,Female
1923,Peace,Winner2254,Kenya,Female
1924,Chemistry,Winner2255,France,Male
1925,Peace,Winner2256,France,Female
1926,Peace,Winner2257,UK,Female
1927,Medicine,Winner2258,Canada,Male
1928,Peace,Winner2259,Germany,Male
1929,Physics,Winner2260,Brazil,Male
1930,Peace,Winner2261,India,Male
1931,Literature,Winner2262,Germany,Female
1932,Physics,Winner2263,Germany,Male
1933,Chemistry,Winner2264,Kenya,Female
1934,Chemistry,Winner2265,France,Male
1935,Physics,Winner2266,India,Female
1936,Chemistry,Winner2267,Canada,Female
1937,Medicine,Winner2268,Israel,Female
1938,Physics,Winner2269,UK,Male
1939,Peace,Winner2270,France,Male
1940,Physics,Winner2271,Kenya,Male
1941,Physics,Winner2272,Germany,Female
1942,Peace,Winner2273,Israel,Female
1943,Literature,Winner2274,Germany,Female
1944,Chemistry,Winner2275,UK,Female
1945,Chemistry,Winner2276,UK,Male
1946,Economics,Winner2277,Canada,Male
1947,Literature,Winner2278,Germany,Male
1948,Literature,Winner2279,Israel,Female
1949,Physics,Winner2280,Canada,Male
1950,Chemistry,Winner2281,Israel,Female
1951,Chemistry,Winner2282,Canada,Female
1952,Chemistry,Winner2283,Kenya,Male
1953,Economics,Winner2284,India,Female
1954,Chemistry,Winner2285,India,Male
1955,Physics,Winner2286,Israel,Male
1956,Medicine,Winner2287,France,Male
1957,Literature,Winner2288,Kenya,Female
1958,Chemistry,Winner2289,India,Male
1959,Medicine,Winner2290,Israel,Male
1960,Economics,Winner2291,Israel,Male
1961,Peace,Winner2292,Brazil,Male
1962,Physics,Winner2293,Canada,Female
1963,Chemistry,Winner2294,Israel,Female
1964,Literature,Winner2295,Japan,Male
1965,Economics,Winner2296,Canada,Male
1966,Chemistry,Winner2297,India,Female
1967,Peace,Winner2298,Germany,Male
1968,Peace,Winner2299,USA,Female
1969,Physics,Winner2300,USA,Female
1970,Economics,Winner2301,Brazil,Male
1971,Literature,Winner2302,Brazil,Female
1972,Literature,Winner2303,UK,Female
1973,Literature,Winner2304,Germany,Male
1974,Peace,Winner2305,USA,Female
1975,Chemistry,Winner2306,France,Female
1976,Medicine,Winner2307,Germany,Male
1977,Physics,Winner2308,Kenya,Female
1978,Chemistry,Winner2309,Kenya,Male
1979,Literature,Winner2310,Kenya,Male
1980,Economics,Winner2311,Canada,Male
1981,Medicine,Winner2312,Kenya,Male
1982,Economics,Winner2313,UK,Female
1983,Economics,Winner2314,India,Male
1984,Medicine,Winner2315,Canada,Female
1985,Economics,Winner2316,Israel,Male
1986,Economics,Winner2317,UK,Female
1987,Economics,Winner2318,USA,Female
1988,Physics,Winner2319,UK,Female
1989,Medicine,Winner2320,Kenya,Male
1990,Medicine,Winner2321,India,Male
1991,Economics,Winner2322,Brazil,Male
1992,Peace,Winner2323,Germany,Male
1993,Medicine,Winner2324,Germany,Male
1994,Economics,Winner2325,Kenya,Male
1995,Economics,Winner2326,Germany,Female
1996,Medicine,Winner2327,Japan,Female
1997,Medicine,Winner2328,USA,Male
1998,Medicine,Winner2329,India,Female
1999,Literature,Winner2330,Brazil,Male
2000,Literature,Winner2331,Brazil,Female
2001,Literature,Winner2332,Israel,Female
2002,Economics,Winner2333,UK,Male
2003,Literature,Winner2334,UK,Male
2004,Literature,Winner2335,France,Female
2005,Physics,Winner2336,UK,Male
2006,Medicine,Winner2337,UK,Male
2007,Literature,Winner2338,France,Male
2008,Peace,Winner2339,USA,Female
2009,Literature,Winner2340,Brazil,Male
2010,Literature,Winner2341,India,Female
2011,Literature,Winner2342,USA,Female
2012,Chemistry,Winner2343,UK,Male
2013,Chemistry,Winner2344,Brazil,Female
2014,Literature,Winner2345,Israel,Female
2015,Economics,Winner2346,India,Female
2016,Peace,Winner2347,Brazil,Female
2017,Literature,Winner2348,Japan,Male
2018,Medicine,Winner2349,France,Female
2019,Chemistry,Winner2350,Kenya,Female
2020,Medicine,Winner2351,USA,Male
2021,Medicine,Winner2352,Japan,Female
2022,Chemistry,Winner2353,Israel,Male
2023,Economics,Winner2354,Brazil,Female
2024,Chemistry,Winner2355,France,Male
1901,Chemistry,Winner2356,Germany,Male
1902,Physics,Winner2357,India,Male
1903,Literature,Winner2358,Japan,Female
1904,Chemistry,Winner2359,Germany,Male
1905,Economics,Winner2360,India,Female
1906,Chemistry,Winner2361,India,Female
1907,Peace,Winner2362,France,Female
1908,Physics,Winner2363,USA,Female
1909,Literature,Winner2364,France,Female
1910,Medicine,Winner2365,France,Male
1911,Economics,Winner2366,Brazil,Female
1912,Economics,Winner2367,Japan,Female
1913,Medicine,Winner2368,Israel,Male
1914,Peace,Winner2369,Kenya,Female
1915,Economics,Winner2370,UK,Female
1916,Physics,Winner2371,France,Male
1917,Medicine,Winner2372,USA,Female
1918,Peace,Winner2373,Germany,Female
1919,Medicine,Winner2374,UK,Female
1920,Physics,Winner2375,Israel,Male
1921,Peace,Winner2376,Brazil,Male
1922,Medicine,Winner2377,Germany,Male
1923,Physics,Winner2378,Brazil,Female
1924,Economics,Winner2379,UK,Female
1925,Chemistry,Winner2380,Kenya,Female
1926,Peace,Winner2381,Israel,Male
1927,Economics,Winner2382,India,Female
1928,Chemistry,Winner2383,Canada,Female
1929,Literature,Winner2384,India,Male
1930,Medicine,Winner2385,India,Female
1931,Medicine,Winner2386,Kenya,Male
1932,Chemistry,Winner2387,Kenya,Female
1933,Literature,Winner2388,Japan,Male
1934,Economics,Winner2389,Canada,Female
1935,Chemistry,Winner2390,Israel,Male
1936,Chemistry,Winner2391,Germany,Female
1937,Literature,Winner2392,Brazil,Female
1938,Physics,Winner2393,Israel,Female
1939,Physics,Winner2394,USA,Female
1940,Economics,Winner2395,Japan,Female
1941,Chemistry,Winner2396,Brazil,Female
1942,Economics,Winner2397,Israel,Male
1943,Chemistry,Winner2398,France,Female
1944,Medicine,Winner2399,Brazil,Female
1945,Physics,Winner2400,Japan,Female
1946,Literature,Winner2401,Brazil,Female
1947,Chemistry,Winner2402,USA,Male
1948,Chemistry,Winner2403,Japan,Female
1949,Economics,Winner2404,Kenya,Male
1950,Economics,Winner2405,Japan,Female
1951,Chemistry,Winner2406,Kenya,Male
1952,Physics,Winner2407,UK,Female
1953,Literature,Winner2408,UK,Female
1954,Peace,Winner2409,Kenya,Female
1955,Medicine,Winner2410,Kenya,Male
1956,Medicine,Winner2411,Brazil,Male
1957,Medicine,Winner2412,France,Male
1958,Chemistry,Winner2413,India,Female
1959,Economics,Winner2414,France,Female
1960,Chemistry,Winner2415,USA,Female
1961,Medicine,Winner2416,Canada,Female
1962,Physics,Winner2417,Japan,Female
1963,Peace,Winner2418,UK,Male
1964,Economics,Winner2419,France,Male
1965,Peace,Winner2420,France,Female
1966,Medicine,Winner2421,Japan,Female
1967,Economics,Winner2422,India,Male
1968,Peace,Winner2423,Israel,Female
1969,Chemistry,Winner2424,USA,Male
1970,Peace,Winner2425,Japan,Female
1971,Literature,Winner2426,Canada,Female
1972,Chemistry,Winner2427,UK,Male
1973,Chemistry,Winner2428,Brazil,Male
1974,Chemistry,Winner2429,Brazil,Male
1975,Literature,Winner2430,Kenya,Male
1976,Physics,Winner2431,France,Male
1977,Literature,Winner2432,India,Female
1978,Economics,Winner2433,India,Male
1979,Literature,Winner2434,Israel,Female
1980,Chemistry,Winner2435,Japan,Male
1981,Economics,Winner2436,UK,Male
1982,Chemistry,Winner2437,France,Male
1983,Medicine,Winner2438,France,Male
1984,Chemistry,Winner2439,UK,Female
1985,Economics,Winner2440,UK,Male
1986,Physics,Winner2441,Kenya,Female
1987,Physics,Winner2442,Germany,Male
1988,Physics,Winner2443,Brazil,Male
1989,Literature,Winner2444,UK,Female
1990,Physics,Winner2445,UK,Female
1991,Economics,Winner2446,USA,Male
1992,Physics,Winner2447,Israel,Male
1993,Peace,Winner2448,Germany,Male
1994,Economics,Winner2449,India,Male
1995,Physics,Winner2450,France,Female
1996,Peace,Winner2451,India,Female
1997,Chemistry,Winner2452,Brazil,Male
1998,Peace,Winner2453,Israel,Male
1999,Physics,Winner2454,Israel,Male
2000,Peace,Winner2455,Germany,Male
2001,Medicine,Winner2456,France,Male
2002,Economics,Winner2457,UK,Male
2003,Peace,Winner2458,Kenya,Female
2004,Economics,Winner2459,Israel,Male
2005,Literature,Winner2460,UK,Male
2006,Medicine,Winner2461,Canada,Female
2007,Chemistry,Winner2462,Brazil,Male
2008,Literature,Winner2463,UK,Female
2009,Physics,Winner2464,Kenya,Male
2010,Peace,Winner2465,France,Female
2011,Medicine,Winner2466,Japan,Male
2012,Physics,Winner2467,India,Female
2013,Physics,Winner2468,Canada,Female
2014,Literature,Winner2469,Israel,Female
2015,Economics,Winner2470,Kenya,Male
2016,Peace,Winner2471,Canada,Female
2017,Literature,Winner2472,Germany,Male
2018,Literature,Winner2473,India,Male
2019,Physics,Winner2474,Kenya,Male
2020,Literature,Winner2475,Kenya,Male
2021,Physics,Winner2476,France,Female
2022,Literature,Winner2477,Israel,Male
2023,Economics,Winner2478,France,Male
2024,Medicine,Winner2479,Germany,Female
1901,Chemistry,Winner2480,Israel,Female
1902,Physics,Winner2481,Germany,Female
1903,Economics,Winner2482,Kenya,Female
1904,Economics,Winner2483,Israel,Female
1905,Economics,Winner2484,Canada,Female
1906,Literature,Winner2485,Israel,Female
1907,Literature,Winner2486,Brazil,Female
1908,Chemistry,Winner2487,Kenya,Male
1909,Physics,Winner2488,Japan,Female
1910,Literature,Winner2489,Germany,Male
1911,Physics,Winner2490,UK,Male
1912,Physics,Winner2491,Kenya,Male
1913,Chemistry,Winner2492,Canada,Female
1914,Chemistry,Winner2493,Japan,Male
1915,Physics,Winner2494,Brazil,Female
1916,Literature,Winner2495,Germany,Female
1917,Economics,Winner2496,Kenya,Female
1918,Peace,Winner2497,Japan,Female
1919,Peace,Winner2498,Brazil,Male
1920,Physics,Winner2499,Canada,Male
1921,Literature,Winner2500,Kenya,Female
1922,Literature,Winner2501,Kenya,Female
1923,Physics,Winner2502,USA,Male
1924,Peace,Winner2503,Japan,Male
1925,Literature,Winner2504,Canada,Male
1926,Medicine,Winner2505,Canada,Female
1927,Physics,Winner2506,Israel,Female
1928,Economics,Winner2507,Brazil,Female
1929,Literature,Winner2508,Brazil,Male
1930,Peace,Winner2509,USA,Female
1931,Medicine,Winner2510,Kenya,Female
1932,Peace,Winner2511,India,Female
1933,Medicine,Winner2512,USA,Male
1934,Peace,Winner2513,USA,Male
1935,Medicine,Winner2514,India,Male
1936,Economics,Winner2515,India,Female
1937,Physics,Winner2516,Canada,Female
1938,Medicine,Winner2517,Canada,Female
1939,Physics,Winner2518,Germany,Male
1940,Chemistry,Winner2519,Japan,Male
1941,Economics,Winner2520,UK,Female
1942,Physics,Winner2521,India,Male
1943,Physics,Winner2522,Brazil,Female
1944,Physics,Winner2523,Kenya,Female
1945,Peace,Winner2524,Brazil,Female
1946,Medicine,Winner2525,USA,Female
1947,Peace,Winner2526,USA,Female
1948,Literature,Winner2527,Israel,Female
1949,Medicine,Winner2528,Israel,Male
1950,Literature,Winner2529,UK,Male
1951,Medicine,Winner2530,Kenya,Female
1952,Chemistry,Winner2531,Israel,Female
1953,Medicine,Winner2532,Canada,Male
1954,Literature,Winner2533,UK,Male
1955,Medicine,Winner2534,Japan,Male
1956,Medicine,Winner2535,Israel,Female
1957,Chemistry,Winner2536,Israel,Male
1958,Economics,Winner2537,Israel,Male
1959,Peace,Winner2538,India,Female
1960,Physics,Winner2539,Israel,Female
1961,Literature,Winner2540,Germany,Female
1962,Physics,Winner2541,Japan,Female
1963,Literature,Winner2542,Brazil,Female
1964,Chemistry,Winner2543,Canada,Female
1965,Medicine,Winner2544,Israel,Female
1966,Economics,Winner2545,Brazil,Male
1967,Physics,Winner2546,Brazil,Male
1968,Peace,Winner2547,Kenya,Male
1969,Economics,Winner2548,Kenya,Female
1970,Economics,Winner2549,Brazil,Female
1971,Peace,Winner2550,USA,Male
1972,Medicine,Winner2551,Kenya,Male
1973,Chemistry,Winner2552,France,Female
1974,Literature,Winner2553,Canada,Female
1975,Physics,Winner2554,Germany,Female
1976,Medicine,Winner2555,Japan,Male
1977,Medicine,Winner2556,Israel,Male
1978,Literature,Winner2557,Germany,Male
1979,Chemistry,Winner2558,Germany,Male
1980,Chemistry,Winner2559,Japan,Female
1981,Literature,Winner2560,Brazil,Female
1982,Literature,Winner2561,USA,Male
1983,Chemistry,Winner2562,Japan,Male
1984,Physics,Winner2563,Japan,Female
1985,Economics,Winner2564,Brazil,Male
1986,Economics,Winner2565,USA,Female
1987,Physics,Winner2566,USA,Male
1988,Medicine,Winner2567,Israel,Female
1989,Physics,Winner2568,Canada,Female
1990,Economics,Winner2569,UK,Female
1991,Economics,Winner2570,France,Male
1992,Physics,Winner2571,Israel,Male
1993,Peace,Winner2572,Israel,Female
1994,Literature,Winner2573,UK,Male
1995,Peace,Winner2574,UK,Female
1996,Medicine,Winner2575,Israel,Female
1997,Economics,Winner2576,Germany,Female
1998,Chemistry,Winner2577,France,Male
1999,Chemistry,Winner2578,Germany,Female
2000,Literature,Winner2579,Canada,Female
2001,Peace,Winner2580,USA,Female
2002,Peace,Winner2581,India,Male
2003,Medicine,Winner2582,Brazil,Female
2004,Literature,Winner2583,Germany,Female
2005,Chemistry,Winner2584,India,Female
2006,Economics,Winner2585,India,Female
2007,Physics,Winner2586,Israel,Male
2008,Economics,Winner2587,USA,Male
2009,Medicine,Winner2588,Brazil,Female
2010,Medicine,Winner2589,India,Male
2011,Peace,Winner2590,Germany,Female
2012,Literature,Winner2591,USA,Female
2013,Medicine,Winner2592,Japan,Male
2014,Chemistry,Winner2593,Japan,Male
2015,Chemistry,Winner2594,Kenya,Female
2016,Economics,Winner2595,Canada,Male
2017,Medicine,Winner2596,UK,Female
2018,Literature,Winner2597,Canada,Female
2019,Economics,Winner2598,Canada,Male
2020,Chemistry,Winner2599,Japan,Male
2021,Medicine,Winner2600,Canada,Female
2022,Literature,Winner2601,USA,Male
2023,Economics,Winner2602,France,Female
2024,Economics,Winner2603,France,Male
1901,Literature,Winner2604,Germany,Female
1902,Medicine,Winner2605,Israel,Male
1903,Physics,Winner2606,France,Male
1904,Peace,Winner2607,France,Female
1905,Medicine,Winner2608,Kenya,Female
1906,Economics,Winner2609,France,Female
1907,Chemistry,Winner2610,Israel,Female
1908,Medicine,Winner2611,Germany,Male
1909,Literature,Winner2612,India,Male
1910,Literature,Winner2613,Canada,Male
1911,Physics,Winner2614,USA,Male
1912,Physics,Winner2615,Kenya,Male
1913,Medicine,Winner2616,France,Male
1914,Literature,Winner2617,Israel,Female
1915,Peace,Winner2618,Japan,Male
1916,Physics,Winner2619,India,Male
1917,Peace,Winner2620,UK,Male
1918,Economics,Winner2621,Brazil,Female
1919,Literature,Winner2622,Kenya,Male
1920,Chemistry,Winner2623,Germany,Male
1921,Medicine,Winner2624,Japan,Female
1922,Literature,Winner2625,France,Female
1923,Chemistry,Winner2626,Israel,Male
1924,Medicine,Winner2627,Germany,Female
1925,Chemistry,Winner2628,Canada,Male
1926,Physics,Winner2629,Japan,Female
1927,Chemistry,Winner2630,Israel,Female
1928,Chemistry,Winner2631,India,Female
1929,Physics,Winner2632,USA,Female
1930,Chemistry,Winner2633,India,Female
1931,Economics,Winner2634,Germany,Female
1932,Economics,Winner2635,Canada,Female
1933,Physics,Winner2636,UK,Male
1934,Physics,Winner2637,India,Male
1935,Literature,Winner2638,India,Male
1936,Physics,Winner2639,Japan,Female
1937,Medicine,Winner2640,Canada,Female
1938,Chemistry,Winner2641,Brazil,Male
1939,Peace,Winner2642,France,Female
1940,Chemistry,Winner2643,Brazil,Female
1941,Medicine,Winner2644,Kenya,Male
1942,Physics,Winner2645,India,Female
1943,Chemistry,Winner2646,Japan,Male
1944,Medicine,Winner2647,USA,Male
1945,Literature,Winner2648,Japan,Female
1946,Literature,Winner2649,Japan,Female
1947,Peace,Winner2650,Japan,Female
1948,Literature,Winner2651,France,Female
1949,Economics,Winner2652,Kenya,Male
1950,Peace,Winner2653,Kenya,Male
1951,Chemistry,Winner2654,France,Male
1952,Chemistry,Winner2655,France,Male
1953,Literature,Winner2656,Japan,Male
1954,Economics,Winner2657,Kenya,Female
1955,Physics,Winner2658,Kenya,Male
1956,Literature,Winner2659,India,Female
1957,Literature,Winner2660,Kenya,Male
1958,Economics,Winner2661,France,Male
1959,Medicine,Winner2662,UK,Male
1960,Medicine,Winner2663,France,Male
1961,Economics,Winner2664,Brazil,Female
1962,Peace,Winner2665,Israel,Male
1963,Peace,Winner2666,USA,Male
1964,Literature,Winner2667,UK,Male
1965,Literature,Winner2668,UK,Female
1966,Physics,Winner2669,Japan,Male
1967,Literature,Winner2670,India,Male
1968,Medicine,Winner2671,France,Male
1969,Physics,Winner2672,Kenya,Female
1970,Literature,Winner2673,Japan,Male
1971,Medicine,Winner2674,USA,Female
1972,Medicine,Winner2675,Israel,Male
1973,Chemistry,Winner2676,USA,Female
1974,Medicine,Winner2677,USA,Male
1975,Peace,Winner2678,Israel,Female
1976,Physics,Winner2679,Canada,Female
1977,Chemistry,Winner2680,Germany,Female
1978,Physics,Winner2681,USA,Male
1979,Chemistry,Winner2682,Canada,Female
1980,Medicine,Winner2683,France,Male
1981,Medicine,Winner2684,Kenya,Female
1982,Economics,Winner2685,Japan,Male
1983,Medicine,Winner2686,UK,Female
1984,Peace,Winner2687,Germany,Female
1985,Literature,Winner2688,Canada,Female
1986,Medicine,Winner2689,Israel,Female
1987,Physics,Winner2690,Canada,Female
1988,Peace,Winner2691,France,Female
1989,Economics,Winner2692,Canada,Male
1990,Physics,Winner2693,Brazil,Female
1991,Literature,Winner2694,Germany,Male
1992,Literature,Winner2695,Brazil,Male
1993,Medicine,Winner2696,Kenya,Female
1994,Physics,Winner2697,Kenya,Female
1995,Chemistry,Winner2698,France,Female
1996,Chemistry,Winner2699,Brazil,Female
1997,Medicine,Winner2700,Israel,Male
1998,Peace,Winner2701,UK,Male
1999,Peace,Winner2702,UK,Female
2000,Literature,Winner2703,UK,Female
2001,Economics,Winner2704,Israel,Female
2002,Medicine,Winner2705,Japan,Male
2003,Peace,Winner2706,USA,Male
2004,Economics,Winner2707,Kenya,Male
2005,Chemistry,Winner2708,Canada,Male
2006,Physics,Winner2709,Canada,Female
2007,Medicine,Winner2710,Israel,Female
2008,Economics,Winner2711,Kenya,Female
2009,Medicine,Winner2712,France,Male
2010,Chemistry,Winner2713,UK,Female
2011,Economics,Winner2714,UK,Female
2012,Peace,Winner2715,USA,Male
2013,Literature,Winner2716,UK,Male
2014,Chemistry,Winner2717,Kenya,Female
2015,Economics,Winner2718,Canada,Female
2016,Medicine,Winner2719,Israel,Female
2017,Economics,Winner2720,Canada,Female
2018,Physics,Winner2721,France,Male
2019,Physics,Winner2722,Germany,Male
2020,Physics,Winner2723,Germany,Male
2021,Chemistry,Winner2724,Kenya,Male
2022,Economics,Winner2725,Germany,Female
2023,Economics,Winner2726,Brazil,Male
2024,Physics,Winner2727,Japan,Female
1901,Chemistry,Winner2728,Kenya,Female
1902,Physics,Winner2729,UK,Male
1903,Chemistry,Winner2730,Kenya,Female
1904,Literature,Winner2731,USA,Female
1905,Peace,Winner2732,Germany,Male
1906,Medicine,Winner2733,Israel,Female
1907,Physics,Winner2734,India,Male
1908,Physics,Winner2735,Canada,Female
1909,Literature,Winner2736,Israel,Female
1910,Physics,Winner2737,Kenya,Female
1911,Literature,Winner2738,Brazil,Female
1912,Chemistry,Winner2739,USA,Male
1913,Literature,Winner2740,Israel,Female
1914,Peace,Winner2741,UK,Female
1915,Economics,Winner2742,Canada,Female
1916,Physics,Winner2743,Kenya,Female
1917,Literature,Winner2744,Canada,Male
1918,Chemistry,Winner2745,Japan,Male
1919,Literature,Winner2746,India,Female
1920,Chemistry,Winner2747,Brazil,Male
1921,Peace,Winner2748,India,Female
1922,Chemistry,Winner2749,Japan,Female
1923,Literature,Winner2750,India,Female
1924,Chemistry,Winner2751,Israel,Male
1925,Medicine,Winner2752,UK,Female
1926,Chemistry,Winner2753,France,Male
1927,Chemistry,Winner2754,Israel,Female
1928,Physics,Winner2755,Canada,Female
1929,Medicine,Winner2756,Germany,Male
1930,Peace,Winner2757,USA,Male
1931,Medicine,Winner2758,Japan,Female
1932,Economics,Winner2759,France,Male
1933,Peace,Winner2760,USA,Male
1934,Medicine,Winner2761,Canada,Male
1935,Peace,Winner2762,Germany,Male
1936,Peace,Winner2763,Germany,Female
1937,Medicine,Winner2764,India,Female
1938,Physics,Winner2765,Brazil,Female
1939,Chemistry,Winner2766,Brazil,Male
1940,Economics,Winner2767,USA,Female
1941,Literature,Winner2768,UK,Male
1942,Peace,Winner2769,Israel,Male
1943,Peace,Winner2770,USA,Male
1944,Chemistry,Winner2771,UK,Male
1945,Medicine,Winner2772,France,Female
1946,Economics,Winner2773,Kenya,Female
1947,Economics,Winner2774,UK,Male
1948,Economics,Winner2775,India,Female
1949,Chemistry,Winner2776,UK,Male
1950,Literature,Winner2777,Canada,Male
1951,Chemistry,Winner2778,Kenya,Female
1952,Medicine,Winner2779,Brazil,Male
1953,Physics,Winner2780,Japan,Female
1954,Economics,Winner2781,Canada,Female
1955,Economics,Winner2782,Germany,Male
1956,Peace,Winner2783,Canada,Male
1957,Chemistry,Winner2784,Canada,Female
1958,Literature,Winner2785,Kenya,Female
1959,Physics,Winner2786,Kenya,Male
1960,Physics,Winner2787,Brazil,Male
1961,Physics,Winner2788,India,Female
1962,Literature,Winner2789,France,Female
1963,Physics,Winner2790,Canada,Male
1964,Economics,Winner2791,France,Male
1965,Economics,Winner2792,Brazil,Female
1966,Literature,Winner2793,Canada,Female
1967,Economics,Winner2794,India,Female
1968,Physics,Winner2795,Japan,Male
1969,Economics,Winner2796,Canada,Female
1970,Economics,Winner2797,Germany,Female
1971,Economics,Winner2798,India,Female
1972,Chemistry,Winner2799,Japan,Male
1973,Physics,Winner2800,Brazil,Female
1974,Literature,Winner2801,France,Female
1975,Chemistry,Winner2802,UK,Female
1976,Peace,Winner2803,India,Male
1977,Physics,Winner2804,USA,Female
1978,Chemistry,Winner2805,Japan,Female
1979,Peace,Winner2806,UK,Male
1980,Medicine,Winner2807,Japan,Female
1981,Physics,Winner2808,USA,Male
1982,Literature,Winner2809,Japan,Male
1983,Literature,Winner2810,India,Male
1984,Economics,Winner2811,Israel,Male
1985,Medicine,Winner2812,Japan,Female
1986,Economics,Winner2813,Israel,Male
1987,Economics,Winner2814,Canada,Male
1988,Physics,Winner2815,India,Male
1989,Medicine,Winner2816,Kenya,Male
1990,Chemistry,Winner2817,Canada,Female
1991,Physics,Winner2818,UK,Male
1992,Literature,Winner2819,France,Female
1993,Chemistry,Winner2820,Kenya,Male
1994,Medicine,Winner2821,Brazil,Female
1995,Peace,Winner2822,Brazil,Female
1996,Medicine,Winner2823,Israel,Female
1997,Economics,Winner2824,Canada,Female
1998,Economics,Winner2825,Kenya,Female
1999,Chemistry,Winner2826,France,Male
2000,Literature,Winner2827,Kenya,Male
2001,Economics,Winner2828,Brazil,Male
2002,Economics,Winner2829,Germany,Female
2003,Literature,Winner2830,USA,Male
2004,Peace,Winner2831,India,Male
2005,Peace,Winner2832,Canada,Male
2006,Physics,Winner2833,India,Female
2007,Physics,Winner2834,Brazil,Male
2008,Physics,Winner2835,India,Female
2009,Medicine,Winner2836,Japan,Female
2010,Literature,Winner2837,USA,Male
2011,Chemistry,Winner2838,Israel,Female
2012,Physics,Winner2839,Japan,Female
2013,Chemistry,Winner2840,France,Female
2014,Physics,Winner2841,UK,Female
2015,Physics,Winner2842,USA,Female
2016,Literature,Winner2843,Israel,Female
2017,Peace,Winner2844,Kenya,Female
2018,Literature,Winner2845,Kenya,Male
2019,Chemistry,Winner2846,Brazil,Female
2020,Literature,Winner2847,Kenya,Male
2021,Economics,Winner2848,India,Male
2022,Peace,Winner2849,Israel,Female
2023,Literature,Winner2850,Germany,Female
2024,Medicine,Winner2851,Brazil,Male
1901,Economics,Winner2852,Kenya,Female
1902,Economics,Winner2853,UK,Male
1903,Economics,Winner2854,USA,Female
1904,Peace,Winner2855,UK,Male
1905,Chemistry,Winner2856,Israel,Male
1906,Peace,Winner2857,Brazil,Male
1907,Literature,Winner2858,Brazil,Male
1908,Physics,Winner2859,Brazil,Male
1909,Physics,Winner2860,Japan,Male
1910,Chemistry,Winner2861,Israel,Female
1911,Physics,Winner2862,Brazil,Female
1912,Literature,Winner2863,Israel,Male
1913,Literature,Winner2864,USA,Female
1914,Literature,Winner2865,France,Female
1915,Physics,Winner2866,Brazil,Female
1916,Literature,Winner2867,Japan,Male
1917,Physics,Winner2868,UK,Male
1918,Medicine,Winner2869,France,Male
1919,Medicine,Winner2870,UK,Male
1920,Medicine,Winner2871,Canada,Male
1921,Physics,Winner2872,Israel,Female
1922,Chemistry,Winner2873,USA,Male
1923,Medicine,Winner2874,Canada,Male
1924,Medicine,Winner2875,France,Female
1925,Medicine,Winner2876,Japan,Female
1926,Physics,Winner2877,USA,Male
1927,Chemistry,Winner2878,Israel,Male
1928,Literature,Winner2879,Brazil,Female
1929,Physics,Winner2880,Japan,Male
1930,Medicine,Winner2881,Kenya,Female
1931,Physics,Winner2882,Kenya,Male
1932,Literature,Winner2883,Germany,Male
1933,Medicine,Winner2884,Brazil,Male
1934,Chemistry,Winner2885,Brazil,Male
1935,Medicine,Winner2886,Israel,Female
1936,Literature,Winner2887,UK,Male
1937,Chemistry,Winner2888,India,Male
1938,Chemistry,Winner2889,Brazil,Female
1939,Peace,Winner2890,Kenya,Male
1940,Physics,Winner2891,Kenya,Female
1941,Economics,Winner2892,France,Male
1942,Physics,Winner2893,Kenya,Female
1943,Peace,Winner2894,Japan,Female
1944,Medicine,Winner2895,Germany,Female
1945,Physics,Winner2896,France,Male
1946,Medicine,Winner2897,UK,Female
1947,Economics,Winner2898,UK,Male
1948,Economics,Winner2899,Brazil,Female
1949,Literature,Winner2900,Germany,Female
1950,Economics,Winner2901,India,Female
1951,Economics,Winner2902,Kenya,Female
1952,Chemistry,Winner2903,India,Female
1953,Chemistry,Winner2904,Kenya,Female
1954,Physics,Winner2905,France,Male
1955,Peace,Winner2906,Kenya,Male
1956,Physics,Winner2907,France,Female
1957,Peace,Winner2908,Kenya,Female
1958,Peace,Winner2909,UK,Male
1959,Peace,Winner2910,USA,Female
1960,Economics,Winner2911,UK,Female
1961,Literature,Winner2912,Israel,Female
1962,Literature,Winner2913,France,Male
1963,Physics,Winner2914,Kenya,Female
1964,Chemistry,Winner2915,Kenya,Male
1965,Chemistry,Winner2916,USA,Female
1966,Economics,Winner2917,India,Male
1967,Physics,Winner2918,Israel,Female
1968,Economics,Winner2919,Germany,Male
1969,Literature,Winner2920,India,Male
1970,Medicine,Winner2921,Kenya,Male
1971,Physics,Winner2922,Germany,Female
1972,Physics,Winner2923,Japan,Female
1973,Chemistry,Winner2924,Brazil,Male
1974,Economics,Winner2925,Israel,Male
1975,Physics,Winner2926,Israel,Male
1976,Economics,Winner2927,UK,Male
1977,Medicine,Winner2928,Israel,Male
1978,Peace,Winner2929,Japan,Male
1979,Economics,Winner2930,USA,Female
1980,Economics,Winner2931,Brazil,Female
1981,Physics,Winner2932,Canada,Male
1982,Medicine,Winner2933,Canada,Female
1983,Medicine,Winner2934,UK,Female
1984,Literature,Winner2935,India,Male
1985,Economics,Winner2936,Germany,Male
1986,Medicine,Winner2937,Canada,Female
1987,Medicine,Winner2938,USA,Female
1988,Chemistry,Winner2939,India,Male
1989,Peace,Winner2940,USA,Male
1990,Economics,Winner2941,Canada,Male
1991,Chemistry,Winner2942,Germany,Male
1992,Medicine,Winner2943,Japan,Male
1993,Economics,Winner2944,UK,Male
1994,Literature,Winner2945,Canada,Male
1995,Peace,Winner2946,India,Female
1996,Chemistry,Winner2947,UK,Female
1997,Chemistry,Winner2948,India,Male
1998,Medicine,Winner2949,Brazil,Male
1999,Physics,Winner2950,Israel,Female
2000,Physics,Winner2951,Kenya,Male
2001,Physics,Winner2952,USA,Male
2002,Literature,Winner2953,India,Male
2003,Chemistry,Winner2954,USA,Female
2004,Physics,Winner2955,Japan,Female
2005,Physics,Winner2956,UK,Male
2006,Peace,Winner2957,USA,Female
2007,Literature,Winner2958,Canada,Male
2008,Peace,Winner2959,Canada,Male
2009,Peace,Winner2960,Israel,Male
2010,Literature,Winner2961,Canada,Female
2011,Literature,Winner2962,Israel,Male
2012,Medicine,Winner2963,USA,Female
2013,Peace,Winner2964,India,Male
2014,Physics,Winner2965,UK,Male
2015,Peace,Winner2966,UK,Male
2016,Peace,Winner2967,France,Female
2017,Medicine,Winner2968,Canada,Female
2018,Economics,Winner2969,Israel,Female
2019,Chemistry,Winner2970,Germany,Male
2020,Physics,Winner2971,USA,Male
2021,Medicine,Winner2972,Israel,Female
2022,Peace,Winner2973,India,Female
2023,Peace,Winner2974,Brazil,Male
2024,Chemistry,Winner2975,Kenya,Female
1901,Peace,Winner2976,India,Female
1902,Medicine,Winner2977,USA,Male
1903,Physics,Winner2978,Germany,Male
1904,Literature,Winner2979,India,Male
1905,Chemistry,Winner2980,Germany,Male
1906,Medicine,Winner2981,Germany,Female
1907,Economics,Winner2982,Kenya,Female
1908,Peace,Winner2983,Israel,Female
1909,Peace,Winner2984,Japan,Female
1910,Medicine,Winner2985,France,Male
1911,Literature,Winner2986,USA,Female
1912,Chemistry,Winner2987,USA,Male
1913,Economics,Winner2988,Germany,Female
1914,Peace,Winner2989,Germany,Male
1915,Literature,Winner2990,India,Female
1916,Chemistry,Winner2991,Canada,Male
1917,Physics,Winner2992,India,Male
1918,Physics,Winner2993,India,Male
1919,Peace,Winner2994,UK,Male
1920,Medicine,Winner2995,Kenya,Male
1921,Economics,Winner2996,Israel,Female
1922,Physics,Winner2997,USA,Male
1923,Chemistry,Winner2998,Japan,Male
1924,Chemistry,Winner2999,Japan,Male
1925,Medicine,Winner3000,Brazil,Male
1926,Chemistry,Winner3001,Germany,Male
1927,Chemistry,Winner3002,Japan,Male
1928,Physics,Winner3003,France,Female
1929,Economics,Winner3004,UK,Female
1930,Chemistry,Winner3005,Japan,Female
1931,Chemistry,Winner3006,India,Female
1932,Economics,Winner3007,France,Female
1933,Economics,Winner3008,UK,Male
1934,Chemistry,Winner3009,France,Male
1935,Chemistry,Winner3010,Brazil,Female
1936,Economics,Winner3011,India,Female
1937,Peace,Winner3012,Canada,Male
1938,Physics,Winner3013,Israel,Male
1939,Peace,Winner3014,Japan,Male
1940,Medicine,Winner3015,Germany,Male
1941,Economics,Winner3016,Japan,Male
1942,Peace,Winner3017,Israel,Female
1943,Chemistry,Winner3018,UK,Female
1944,Economics,Winner3019,Israel,Male
1945,Chemistry,Winner3020,Brazil,Female
1946,Economics,Winner3021,Brazil,Female
1947,Literature,Winner3022,Brazil,Female
1948,Chemistry,Winner3023,India,Female
1949,Peace,Winner3024,Kenya,Female
1950,Literature,Winner3025,Japan,Female
1951,Economics,Winner3026,Israel,Male
1952,Chemistry,Winner3027,Germany,Male
1953,Literature,Winner3028,Germany,Female
1954,Chemistry,Winner3029,Japan,Female
1955,Literature,Winner3030,Israel,Male
1956,Medicine,Winner3031,Japan,Male
1957,Chemistry,Winner3032,UK,Female
1958,Literature,Winner3033,Brazil,Female
1959,Chemistry,Winner3034,Israel,Male
1960,Literature,Winner3035,Brazil,Female
1961,Literature,Winner3036,Kenya,Female
1962,Literature,Winner3037,Canada,Female
1963,Literature,Winner3038,India,Female
1964,Literature,Winner3039,USA,Male
1965,Literature,Winner3040,Germany,Female
1966,Economics,Winner3041,UK,Female
1967,Physics,Winner3042,Japan,Male
1968,Medicine,Winner3043,Germany,Male
1969,Physics,Winner3044,UK,Female
1970,Physics,Winner3045,Brazil,Male
1971,Medicine,Winner3046,Germany,Female
1972,Medicine,Winner3047,Japan,Female
1973,Chemistry,Winner3048,Israel,Male
1974,Economics,Winner3049,Brazil,Female
1975,Physics,Winner3050,Japan,Female
1976,Medicine,Winner3051,Canada,Female
1977,Peace,Winner3052,USA,Female
1978,Economics,Winner3053,Brazil,Male
1979,Literature,Winner3054,Germany,Male
1980,Economics,Winner3055,Germany,Female
1981,Chemistry,Winner3056,Brazil,Female
1982,Economics,Winner3057,Kenya,Female
1983,Physics,Winner3058,India,Male
1984,Literature,Winner3059,Canada,Male
1985,Literature,Winner3060,Kenya,Male
1986,Medicine,Winner3061,France,Male
1987,Medicine,Winner3062,USA,Female
1988,Economics,Winner3063,India,Female
1989,Chemistry,Winner3064,Canada,Female
1990,Economics,Winner3065,Canada,Female
1991,Medicine,Winner3066,Israel,Male
1992,Peace,Winner3067,USA,Male
1993,Chemistry,Winner3068,India,Female
1994,Literature,Winner3069,Germany,Female
1995,Physics,Winner3070,Brazil,Female
1996,Chemistry,Winner3071,Kenya,Male
1997,Medicine,Winner3072,Israel,Female
1998,Economics,Winner3073,Japan,Male
1999,Chemistry,Winner3074,UK,Male
2000,Physics,Winner3075,Israel,Female
2001,Physics,Winner3076,France,Male
2002,Physics,Winner3077,Canada,Female
2003,Chemistry,Winner3078,Germany,Female
2004,Economics,Winner3079,Brazil,Male
2005,Literature,Winner3080,USA,Female
2006,Peace,Winner3081,USA,Male
2007,Medicine,Winner3082,Canada,Female
2008,Chemistry,Winner3083,UK,Male
2009,Peace,Winner3084,Canada,Female
2010,Economics,Winner3085,UK,Female
2011,Chemistry,Winner3086,France,Male
2012,Medicine,Winner3087,Canada,Female
2013,Chemistry,Winner3088,Israel,Female
2014,Peace,Winner3089,Germany,Female
2015,Medicine,Winner3090,Germany,Male
2016,Chemistry,Winner3091,Kenya,Male
2017,Literature,Winner3092,Israel,Male
2018,Peace,Winner3093,India,Female
2019,Literature,Winner3094,Kenya,Male
2020,Economics,Winner3095,UK,Female
2021,Economics,Winner3096,Kenya,Female
2022,Economics,Winner3097,Japan,Female
2023,Peace,Winner3098,France,Female
2024,Chemistry,Winner3099,France,Female
1901,Literature,Winner3100,Canada,Male
1902,Economics,Winner3101,Israel,Male
1903,Literature,Winner3102,USA,Male
1904,Chemistry,Winner3103,Japan,Female
1905,Economics,Winner3104,UK,Male
1906,Literature,Winner3105,Canada,Male
1907,Medicine,Winner3106,UK,Male
1908,Peace,Winner3107,India,Female
1909,Literature,Winner3108,France,Female
1910,Chemistry,Winner3109,Brazil,Male
1911,Literature,Winner3110,USA,Male
1912,Economics,Winner3111,Kenya,Female
1913,Medicine,Winner3112,Canada,Male
1914,Literature,Winner3113,USA,Male
1915,Medicine,Winner3114,UK,Male
1916,Medicine,Winner3115,Kenya,Female
1917,Literature,Winner3116,UK,Male
1918,Peace,Winner3117,Germany,Female
1919,Chemistry,Winner3118,Kenya,Female
1920,Chemistry,Winner3119,France,Male
1921,Peace,Winner3120,UK,Male
1922,Medicine,Winner3121,UK,Female
1923,Chemistry,Winner3122,UK,Male
1924,Economics,Winner3123,Japan,Male
1925,Literature,Winner3124,India,Male
1926,Chemistry,Winner3125,USA,Male
1927,Literature,Winner3126,USA,Male
1928,Literature,Winner3127,Japan,Female
1929,Physics,Winner3128,Israel,Male
1930,Physics,Winner3129,Canada,Male
1931,Chemistry,Winner3130,India,Male
1932,Chemistry,Winner3131,UK,Male
1933,Literature,Winner3132,USA,Male
1934,Medicine,Winner3133,Germany,Male
1935,Chemistry,Winner3134,UK,Male
1936,Economics,Winner3135,France,Male
1937,Literature,Winner3136,Brazil,Male
1938,Medicine,Winner3137,India,Male
1939,Peace,Winner3138,Germany,Female
1940,Literature,Winner3139,UK,Male
1941,Chemistry,Winner3140,UK,Female
1942,Medicine,Winner3141,France,Male
1943,Literature,Winner3142,India,Male
1944,Literature,Winner3143,Germany,Female
1945,Chemistry,Winner3144,UK,Female
1946,Economics,Winner3145,Israel,Female
1947,Physics,Winner3146,UK,Male
1948,Literature,Winner3147,Japan,Female
1949,Physics,Winner3148,Brazil,Male
1950,Medicine,Winner3149,UK,Female
1951,Economics,Winner3150,Canada,Male
1952,Medicine,Winner3151,France,Female
1953,Economics,Winner3152,Kenya,Male
1954,Medicine,Winner3153,USA,Female
1955,Literature,Winner3154,Brazil,Male
1956,Peace,Winner3155,Israel,Male
1957,Chemistry,Winner3156,USA,Male
1958,Medicine,Winner3157,Germany,Female
1959,Chemistry,Winner3158,Israel,Male
1960,Physics,Winner3159,France,Female
1961,Literature,Winner3160,Japan,Male
1962,Chemistry,Winner3161,Canada,Male
1963,Economics,Winner3162,USA,Male
1964,Economics,Winner3163,Israel,Female
1965,Economics,Winner3164,India,Male
1966,Medicine,Winner3165,India,Male
1967,Peace,Winner3166,Canada,Female
1968,Physics,Winner3167,Germany,Female
1969,Medicine,Winner3168,Germany,Male
1970,Peace,Winner3169,USA,Male
1971,Economics,Winner3170,Germany,Female
1972,Peace,Winner3171,India,Male
1973,Literature,Winner3172,USA,Male
1974,Literature,Winner3173,UK,Male
1975,Physics,Winner3174,France,Male
1976,Chemistry,Winner3175,UK,Male
1977,Peace,Winner3176,Brazil,Male
1978,Chemistry,Winner3177,Brazil,Male
1979,Literature,Winner3178,Kenya,Female
1980,Chemistry,Winner3179,Germany,Male
1981,Literature,Winner3180,France,Male
1982,Medicine,Winner3181,Japan,Female
1983,Economics,Winner3182,Germany,Female
1984,Literature,Winner3183,UK,Female
1985,Literature,Winner3184,Canada,Male
1986,Literature,Winner3185,Kenya,Female
1987,Peace,Winner3186,Israel,Female
1988,Chemistry,Winner3187,Kenya,Male
1989,Literature,Winner3188,Canada,Male
1990,Medicine,Winner3189,Israel,Male
1991,Peace,Winner3190,France,Female
1992,Literature,Winner3191,Kenya,Female
1993,Literature,Winner3192,Japan,Female
1994,Peace,Winner3193,Israel,Female
1995,Physics,Winner3194,India,Male
1996,Economics,Winner3195,Kenya,Male
1997,Chemistry,Winner3196,Germany,Male
1998,Physics,Winner3197,Brazil,Female
1999,Literature,Winner3198,Canada,Female
2000,Literature,Winner3199,India,Female
2001,Literature,Winner3200,Japan,Male
2002,Literature,Winner3201,USA,Male
2003,Literature,Winner3202,Israel,Male
2004,Chemistry,Winner3203,Canada,Female
2005,Economics,Winner3204,India,Female
2006,Economics,Winner3205,India,Male
2007,Economics,Winner3206,Canada,Female
2008,Economics,Winner3207,Germany,Male
2009,Literature,Winner3208,USA,Female
2010,Economics,Winner3209,USA,Male
2011,Medicine,Winner3210,Israel,Female
2012,Economics,Winner3211,France,Female
2013,Chemistry,Winner3212,Israel,Male
2014,Physics,Winner3213,UK,Male
2015,Economics,Winner3214,Canada,Female
2016,Economics,Winner3215,Israel,Male
2017,Peace,Winner3216,Germany,Female
2018,Chemistry,Winner3217,Canada,Female
2019,Economics,Winner3218,Japan,Female
2020,Peace,Winner3219,Japan,Female
2021,Economics,Winner3220,UK,Male
2022,Economics,Winner3221,Israel,Female
2023,Chemistry,Winner3222,Japan,Male
2024,Economics,Winner3223,Canada,Female
1901,Physics,Winner3224,France,Female
1902,Physics,Winner3225,UK,Male
1903,Economics,Winner3226,Canada,Female
1904,Economics,Winner3227,Japan,Female
1905,Chemistry,Winner3228,France,Female
1906,Chemistry,Winner3229,France,Male
1907,Literature,Winner3230,France,Male
1908,Literature,Winner3231,Israel,Male
1909,Chemistry,Winner3232,Germany,Male
1910,Economics,Winner3233,France,Male
1911,Medicine,Winner3234,Canada,Female
1912,Economics,Winner3235,Israel,Male
1913,Economics,Winner3236,France,Male
1914,Medicine,Winner3237,UK,Female
1915,Physics,Winner3238,Japan,Male
1916,Medicine,Winner3239,USA,Male
1917,Literature,Winner3240,Kenya,Male
1918,Physics,Winner3241,USA,Female
1919,Physics,Winner3242,Israel,Male
1920,Physics,Winner3243,Germany,Male
1921,Literature,Winner3244,Israel,Female
1922,Literature,Winner3245,Kenya,Female
1923,Peace,Winner3246,Canada,Female
1924,Medicine,Winner3247,India,Female
1925,Chemistry,Winner3248,India,Female
1926,Literature,Winner3249,Israel,Male
1927,Medicine,Winner3250,India,Male
1928,Physics,Winner3251,Kenya,Female
1929,Economics,Winner3252,France,Male
1930,Peace,Winner3253,UK,Female
1931,Economics,Winner3254,Germany,Female
1932,Literature,Winner3255,Israel,Female
1933,Peace,Winner3256,Canada,Male
1934,Physics,Winner3257,India,Male
1935,Economics,Winner3258,India,Male
1936,Economics,Winner3259,India,Female
1937,Chemistry,Winner3260,Israel,Female
1938,Literature,Winner3261,Israel,Male
1939,Medicine,Winner3262,Canada,Female
1940,Economics,Winner3263,UK,Female
1941,Medicine,Winner3264,Israel,Male
1942,Economics,Winner3265,France,Male
1943,Chemistry,Winner3266,Kenya,Male
1944,Medicine,Winner3267,Brazil,Female
1945,Chemistry,Winner3268,Kenya,Male
1946,Literature,Winner3269,Brazil,Male
1947,Chemistry,Winner3270,Germany,Male
1948,Economics,Winner3271,UK,Male
1949,Literature,Winner3272,USA,Male
1950,Medicine,Winner3273,Canada,Female
1951,Chemistry,Winner3274,Japan,Female
1952,Economics,Winner3275,UK,Male
1953,Peace,Winner3276,Kenya,Male
1954,Economics,Winner3277,India,Male
1955,Peace,Winner3278,Israel,Male
1956,Economics,Winner3279,India,Female
1957,Economics,Winner3280,Canada,Female
1958,Chemistry,Winner3281,Germany,Female
1959,Physics,Winner3282,Japan,Male
1960,Physics,Winner3283,UK,Female
1961,Economics,Winner3284,Israel,Male
1962,Economics,Winner3285,UK,Female
1963,Chemistry,Winner3286,India,Female
1964,Peace,Winner3287,USA,Female
1965,Physics,Winner3288,Israel,Male
1966,Literature,Winner3289,Canada,Female
1967,Medicine,Winner3290,France,Male
1968,Physics,Winner3291,Canada,Male
1969,Peace,Winner3292,Kenya,Female
1970,Chemistry,Winner3293,Japan,Male
1971,Literature,Winner3294,Kenya,Male
1972,Peace,Winner3295,Japan,Male
1973,Economics,Winner3296,USA,Female
1974,Medicine,Winner3297,Brazil,Male
1975,Medicine,Winner3298,Israel,Female
1976,Economics,Winner3299,Germany,Female
1977,Medicine,Winner3300,Canada,Male
1978,Medicine,Winner3301,France,Male
1979,Economics,Winner3302,Germany,Male
1980,Chemistry,Winner3303,Kenya,Female
1981,Medicine,Winner3304,France,Male
1982,Peace,Winner3305,Canada,Female
1983,Literature,Winner3306,Kenya,Female
1984,Literature,Winner3307,Canada,Male
1985,Peace,Winner3308,Japan,Female
1986,Economics,Winner3309,Germany,Female
1987,Physics,Winner3310,France,Female
1988,Peace,Winner3311,USA,Female
1989,Literature,Winner3312,France,Male
1990,Literature,Winner3313,Kenya,Female
1991,Chemistry,Winner3314,Germany,Male
1992,Economics,Winner3315,Germany,Male
1993,Medicine,Winner3316,Israel,Male
1994,Economics,Winner3317,France,Female
1995,Literature,Winner3318,France,Male
1996,Physics,Winner3319,India,Female
1997,Chemistry,Winner3320,USA,Male
1998,Peace,Winner3321,India,Female
1999,Chemistry,Winner3322,Canada,Male
2000,Physics,Winner3323,UK,Male
2001,Literature,Winner3324,Kenya,Female
2002,Economics,Winner3325,Israel,Male
2003,Economics,Winner3326,Canada,Male
2004,Literature,Winner3327,Canada,Female
2005,Economics,Winner3328,Kenya,Female
2006,Physics,Winner3329,UK,Male
2007,Physics,Winner3330,UK,Female
2008,Economics,Winner3331,Brazil,Male
2009,Physics,Winner3332,Israel,Female
2010,Medicine,Winner3333,UK,Male
2011,Literature,Winner3334,Kenya,Female
2012,Medicine,Winner3335,Israel,Male
2013,Physics,Winner3336,India,Male
2014,Economics,Winner3337,Brazil,Male
2015,Literature,Winner3338,USA,Female
2016,Peace,Winner3339,Brazil,Female
2017,Physics,Winner3340,Brazil,Male
2018,Chemistry,Winner3341,UK,Male
2019,Peace,Winner3342,France,Male
2020,Peace,Winner3343,Kenya,Female
2021,Physics,Winner3344,USA,Male
2022,Peace,Winner3345,Germany,Male
2023,Physics,Winner3346,Brazil,Female
2024,Physics,Winner3347,UK,Male
1901,Peace,Winner3348,Japan,Female
1902,Peace,Winner3349,France,Female
1903,Economics,Winner3350,USA,Male
1904,Medicine,Winner3351,USA,Female
1905,Economics,Winner3352,Brazil,Female
1906,Chemistry,Winner3353,Israel,Female
1907,Economics,Winner3354,India,Female
1908,Peace,Winner3355,Brazil,Male
1909,Economics,Winner3356,UK,Male
1910,Chemistry,Winner3357,USA,Male
1911,Chemistry,Winner3358,Japan,Male
1912,Chemistry,Winner3359,Israel,Male
1913,Peace,Winner3360,India,Female
1914,Chemistry,Winner3361,Israel,Female
1915,Physics,Winner3362,Brazil,Female
1916,Medicine,Winner3363,Canada,Male
1917,Literature,Winner3364,Kenya,Male
1918,Medicine,Winner3365,Canada,Male
1919,Peace,Winner3366,Germany,Male
1920,Economics,Winner3367,Japan,Male
1921,Economics,Winner3368,India,Male
1922,Literature,Winner3369,France,Female
1923,Literature,Winner3370,Canada,Male
1924,Peace,Winner3371,Germany,Male
1925,Medicine,Winner3372,UK,Male
1926,Economics,Winner3373,Brazil,Female
1927,Physics,Winner3374,India,Male
1928,Medicine,Winner3375,India,Female
1929,Chemistry,Winner3376,Germany,Female
1930,Physics,Winner3377,UK,Female
1931,Chemistry,Winner3378,Canada,Male
1932,Physics,Winner3379,France,Female
1933,Peace,Winner3380,Kenya,Male
1934,Peace,Winner3381,India,Female
1935,Peace,Winner3382,Japan,Male
1936,Physics,Winner3383,France,Female
1937,Literature,Winner3384,France,Female
1938,Economics,Winner3385,Brazil,Female
1939,Literature,Winner3386,Israel,Male
1940,Medicine,Winner3387,USA,Male
1941,Economics,Winner3388,France,Male
1942,Literature,Winner3389,Israel,Female
1943,Physics,Winner3390,India,Male
1944,Economics,Winner3391,Israel,Female
1945,Economics,Winner3392,Kenya,Male
1946,Literature,Winner3393,India,Female
1947,Peace,Winner3394,Japan,Female
1948,Literature,Winner3395,Brazil,Male
1949,Medicine,Winner3396,UK,Female
1950,Literature,Winner3397,India,Male
1951,Economics,Winner3398,UK,Male
1952,Economics,Winner3399,Germany,Male
1953,Chemistry,Winner3400,Israel,Male
1954,Physics,Winner3401,Japan,Female
1955,Physics,Winner3402,Canada,Male
1956,Literature,Winner3403,Kenya,Male
1957,Literature,Winner3404,USA,Male
1958,Economics,Winner3405,USA,Female
1959,Economics,Winner3406,Brazil,Female
1960,Chemistry,Winner3407,Brazil,Male
1961,Peace,Winner3408,Kenya,Male
1962,Economics,Winner3409,Brazil,Male
1963,Chemistry,Winner3410,UK,Female
1964,Chemistry,Winner3411,Brazil,Female
1965,Physics,Winner3412,Canada,Female
1966,Literature,Winner3413,France,Female
1967,Physics,Winner3414,India,Male
1968,Peace,Winner3415,UK,Female
1969,Medicine,Winner3416,Kenya,Female
1970,Medicine,Winner3417,Germany,Male
1971,Economics,Winner3418,Israel,Female
1972,Chemistry,Winner3419,Japan,Male
1973,Literature,Winner3420,Israel,Female
1974,Physics,Winner3421,India,Male
1975,Peace,Winner3422,Kenya,Female
1976,Medicine,Winner3423,India,Male
1977,Physics,Winner3424,India,Male
1978,Literature,Winner3425,India,Male
1979,Physics,Winner3426,Canada,Female
1980,Chemistry,Winner3427,UK,Male
1981,Literature,Winner3428,UK,Female
1982,Physics,Winner3429,France,Female
1983,Chemistry,Winner3430,Kenya,Female
1984,Medicine,Winner3431,Japan,Female
1985,Literature,Winner3432,France,Female
1986,Physics,Winner3433,Kenya,Female
1987,Chemistry,Winner3434,France,Female
1988,Economics,Winner3435,Canada,Male
1989,Medicine,Winner3436,Germany,Male
1990,Chemistry,Winner3437,Japan,Male
1991,Chemistry,Winner3438,Canada,Female
1992,Economics,Winner3439,India,Male
1993,Chemistry,Winner3440,Germany,Female
1994,Economics,Winner3441,Japan,Male
1995,Literature,Winner3442,Kenya,Female
1996,Economics,Winner3443,France,Female
1997,Literature,Winner3444,Brazil,Female
1998,Chemistry,Winner3445,UK,Male
1999,Physics,Winner3446,France,Male
2000,Medicine,Winner3447,Brazil,Male
2001,Economics,Winner3448,Germany,Male
2002,Economics,Winner3449,India,Female
2003,Peace,Winner3450,USA,Female
2004,Literature,Winner3451,Japan,Female
2005,Literature,Winner3452,UK,Female
2006,Chemistry,Winner3453,Israel,Male
2007,Economics,Winner3454,Brazil,Male
2008,Chemistry,Winner3455,Japan,Male
2009,Medicine,Winner3456,Germany,Female
2010,Chemistry,Winner3457,Kenya,Male
2011,Economics,Winner3458,Brazil,Male
2012,Chemistry,Winner3459,Israel,Male
2013,Chemistry,Winner3460,UK,Male
2014,Literature,Winner3461,USA,Female
2015,Chemistry,Winner3462,France,Female
2016,Physics,Winner3463,Israel,Male
2017,Physics,Winner3464,USA,Female
2018,Literature,Winner3465,Brazil,Female
2019,Economics,Winner3466,Germany,Male
2020,Medicine,Winner3467,Canada,Female
2021,Physics,Winner3468,Brazil,Female
2022,Economics,Winner3469,USA,Female
2023,Physics,Winner3470,Japan,Female
2024,Medicine,Winner3471,India,Female
1901,Chemistry,Winner3472,India,Male
1902,Chemistry,Winner3473,USA,Male
1903,Physics,Winner3474,India,Male
1904,Medicine,Winner3475,Kenya,Female
1905,Peace,Winner3476,UK,Female
1906,Chemistry,Winner3477,Japan,Female
1907,Medicine,Winner3478,India,Female
1908,Physics,Winner3479,UK,Male
1909,Economics,Winner3480,Brazil,Male
1910,Medicine,Winner3481,India,Female
1911,Economics,Winner3482,Israel,Female
1912,Chemistry,Winner3483,Japan,Male
1913,Peace,Winner3484,Canada,Male
1914,Physics,Winner3485,France,Male
1915,Physics,Winner3486,Israel,Male
1916,Chemistry,Winner3487,Kenya,Male
1917,Physics,Winner3488,Brazil,Female
1918,Medicine,Winner3489,Kenya,Male
1919,Peace,Winner3490,France,Male
1920,Chemistry,Winner3491,Germany,Female
1921,Peace,Winner3492,Japan,Female
1922,Medicine,Winner3493,Kenya,Male
1923,Literature,Winner3494,UK,Female
1924,Literature,Winner3495,Brazil,Male
1925,Chemistry,Winner3496,Israel,Female
1926,Economics,Winner3497,France,Female
1927,Physics,Winner3498,Israel,Male
1928,Economics,Winner3499,Germany,Female
1929,Literature,Winner3500,Brazil,Male
1930,Chemistry,Winner3501,Kenya,Female
1931,Peace,Winner3502,Canada,Female
1932,Peace,Winner3503,Japan,Male
1933,Chemistry,Winner3504,USA,Male
1934,Peace,Winner3505,Germany,Male
1935,Peace,Winner3506,Kenya,Female
1936,Medicine,Winner3507,Germany,Female
1937,Economics,Winner3508,Japan,Male
1938,Chemistry,Winner3509,Germany,Male
1939,Peace,Winner3510,Germany,Female
1940,Physics,Winner3511,France,Female
1941,Chemistry,Winner3512,Japan,Male
1942,Economics,Winner3513,Germany,Male
1943,Peace,Winner3514,UK,Male
1944,Economics,Winner3515,India,Female
1945,Medicine,Winner3516,UK,Female
1946,Economics,Winner3517,France,Female
1947,Peace,Winner3518,Japan,Female
1948,Physics,Winner3519,USA,Female
1949,Chemistry,Winner3520,Japan,Male
1950,Medicine,Winner3521,USA,Male
1951,Economics,Winner3522,Canada,Female
1952,Economics,Winner3523,Israel,Male
1953,Literature,Winner3524,Germany,Female
1954,Medicine,Winner3525,Germany,Female
1955,Chemistry,Winner3526,Kenya,Male
1956,Economics,Winner3527,Canada,Female
1957,Chemistry,Winner3528,Kenya,Male
1958,Literature,Winner3529,France,Female
1959,Chemistry,Winner3530,France,Male
1960,Peace,Winner3531,Kenya,Male
1961,Economics,Winner3532,Japan,Male
1962,Medicine,Winner3533,France,Male
1963,Literature,Winner3534,Israel,Male
1964,Physics,Winner3535,France,Male
1965,Literature,Winner3536,Germany,Female
1966,Economics,Winner3537,Canada,Male
1967,Economics,Winner3538,Brazil,Male
1968,Economics,Winner3539,USA,Male
1969,Literature,Winner3540,Canada,Male
1970,Physics,Winner3541,USA,Male
1971,Chemistry,Winner3542,Germany,Male
1972,Medicine,Winner3543,France,Male
1973,Physics,Winner3544,UK,Female
1974,Economics,Winner3545,UK,Male
1975,Chemistry,Winner3546,Kenya,Female
1976,Chemistry,Winner3547,Japan,Female
1977,Literature,Winner3548,France,Male
1978,Physics,Winner3549,Brazil,Female
1979,Economics,Winner3550,Brazil,Male
1980,Physics,Winner3551,USA,Male
1981,Peace,Winner3552,Japan,Male
1982,Peace,Winner3553,Canada,Male
1983,Physics,Winner3554,Germany,Male
1984,Chemistry,Winner3555,Canada,Female
1985,Chemistry,Winner3556,India,Female
1986,Chemistry,Winner3557,Canada,Male
1987,Literature,Winner3558,France,Male
1988,Chemistry,Winner3559,UK,Female
1989,Medicine,Winner3560,UK,Female
1990,Physics,Winner3561,India,Male
1991,Physics,Winner3562,Israel,Male
1992,Chemistry,Winner3563,Canada,Female
1993,Peace,Winner3564,France,Female
1994,Chemistry,Winner3565,Japan,Female
1995,Medicine,Winner3566,UK,Female
1996,Literature,Winner3567,India,Female
1997,Economics,Winner3568,UK,Male
1998,Chemistry,Winner3569,France,Female
1999,Chemistry,Winner3570,Canada,Female
2000,Economics,Winner3571,Kenya,Male
2001,Physics,Winner3572,Israel,Female
2002,Economics,Winner3573,Japan,Male
2003,Physics,Winner3574,India,Male
2004,Chemistry,Winner3575,Canada,Female
2005,Medicine,Winner3576,Kenya,Female
2006,Literature,Winner3577,Canada,Female
2007,Chemistry,Winner3578,Germany,Female
2008,Literature,Winner3579,Brazil,Female
2009,Peace,Winner3580,Brazil,Female
2010,Peace,Winner3581,Brazil,Male
2011,Literature,Winner3582,UK,Female
2012,Peace,Winner3583,Israel,Male
2013,Economics,Winner3584,UK,Male
2014,Medicine,Winner3585,USA,Male
2015,Physics,Winner3586,India,Female
2016,Chemistry,Winner3587,UK,Male
2017,Medicine,Winner3588,India,Male
2018,Medicine,Winner3589,Kenya,Male
2019,Peace,Winner3590,Canada,Male
2020,Chemistry,Winner3591,Germany,Male
2021,Economics,Winner3592,France,Male
2022,Economics,Winner3593,France,Female
2023,Economics,Winner3594,USA,Female
2024,Medicine,Winner3595,USA,Male
1901,Economics,Winner3596,Israel,Male
1902,Literature,Winner3597,Israel,Male
1903,Physics,Winner3598,France,Female
1904,Chemistry,Winner3599,UK,Male
1905,Physics,Winner3600,USA,Female
1906,Chemistry,Winner3601,France,Female
1907,Economics,Winner3602,France,Female
1908,Literature,Winner3603,Canada,Female
1909,Literature,Winner3604,USA,Female
1910,Physics,Winner3605,France,Male
1911,Economics,Winner3606,USA,Male
1912,Peace,Winner3607,France,Male
1913,Literature,Winner3608,Canada,Female
1914,Peace,Winner3609,Japan,Female
1915,Economics,Winner3610,Germany,Female
1916,Chemistry,Winner3611,Japan,Male
1917,Peace,Winner3612,Canada,Male
1918,Economics,Winner3613,Germany,Female
1919,Peace,Winner3614,USA,Male
1920,Literature,Winner3615,France,Male
1921,Economics,Winner3616,Kenya,Female
1922,Medicine,Winner3617,Canada,Female
1923,Chemistry,Winner3618,USA,Female
1924,Economics,Winner3619,Canada,Male
1925,Medicine,Winner3620,UK,Male
1926,Physics,Winner3621,India,Female
1927,Physics,Winner3622,Germany,Female
1928,Chemistry,Winner3623,Brazil,Male
1929,Physics,Winner3624,Germany,Male
1930,Medicine,Winner3625,Germany,Male
1931,Economics,Winner3626,USA,Male
1932,Medicine,Winner3627,UK,Male
1933,Peace,Winner3628,Kenya,Male
1934,Physics,Winner3629,India,Male
1935,Medicine,Winner3630,USA,Female
1936,Medicine,Winner3631,Canada,Male
1937,Medicine,Winner3632,Canada,Female
1938,Chemistry,Winner3633,UK,Female
1939,Literature,Winner3634,Brazil,Male
1940,Peace,Winner3635,France,Male
1941,Peace,Winner3636,Canada,Female
1942,Peace,Winner3637,USA,Female
1943,Chemistry,Winner3638,France,Female
1944,Physics,Winner3639,UK,Male
1945,Chemistry,Winner3640,France,Male
1946,Peace,Winner3641,Brazil,Female
1947,Literature,Winner3642,France,Female
1948,Medicine,Winner3643,India,Female
1949,Physics,Winner3644,Canada,Male
1950,Chemistry,Winner3645,Israel,Male
1951,Chemistry,Winner3646,Israel,Female
1952,Physics,Winner3647,USA,Male
1953,Medicine,Winner3648,Brazil,Male
1954,Literature,Winner3649,UK,Female
1955,Medicine,Winner3650,France,Female
1956,Chemistry,Winner3651,UK,Female
1957,Peace,Winner3652,India,Female
1958,Physics,Winner3653,UK,Male
1959,Economics,Winner3654,Kenya,Female
1960,Literature,Winner3655,Japan,Female
1961,Economics,Winner3656,France,Male
1962,Peace,Winner3657,Kenya,Male
1963,Medicine,Winner3658,Japan,Female
1964,Literature,Winner3659,Israel,Male
1965,Literature,Winner3660,India,Female
1966,Medicine,Winner3661,UK,Female
1967,Peace,Winner3662,Kenya,Female
1968,Economics,Winner3663,USA,Male
1969,Economics,Winner3664,Germany,Male
1970,Chemistry,Winner3665,UK,Female
1971,Literature,Winner3666,France,Female
1972,Physics,Winner3667,Germany,Female
1973,Literature,Winner3668,UK,Female
1974,Literature,Winner3669,Kenya,Female
1975,Physics,Winner3670,UK,Male
1976,Economics,Winner3671,UK,Female
1977,Literature,Winner3672,Germany,Female
1978,Medicine,Winner3673,UK,Female
1979,Medicine,Winner3674,Israel,Female
1980,Chemistry,Winner3675,Kenya,Male
1981,Medicine,Winner3676,Kenya,Male
1982,Peace,Winner3677,France,Female
1983,Chemistry,Winner3678,Germany,Female
1984,Peace,Winner3679,USA,Female
1985,Physics,Winner3680,India,Female
1986,Literature,Winner3681,Germany,Male
1987,Chemistry,Winner3682,USA,Female
1988,Medicine,Winner3683,Japan,Male
1989,Physics,Winner3684,France,Male
1990,Medicine,Winner3685,Canada,Male
1991,Medicine,Winner3686,Kenya,Female
1992,Peace,Winner3687,Germany,Female
1993,Chemistry,Winner3688,USA,Male
1994,Literature,Winner3689,India,Female
1995,Chemistry,Winner3690,Germany,Female
1996,Literature,Winner3691,Kenya,Female
1997,Peace,Winner3692,France,Female
1998,Medicine,Winner3693,Israel,Female
1999,Physics,Winner3694,Brazil,Male
2000,Physics,Winner3695,Israel,Male
2001,Medicine,Winner3696,India,Male
2002,Chemistry,Winner3697,Kenya,Male
2003,Literature,Winner3698,India,Male
2004,Economics,Winner3699,Canada,Female
2005,Peace,Winner3700,USA,Female
2006,Chemistry,Winner3701,Kenya,Male
2007,Physics,Winner3702,Germany,Male
2008,Literature,Winner3703,Brazil,Male
2009,Peace,Winner3704,Canada,Male
2010,Medicine,Winner3705,Germany,Male
2011,Economics,Winner3706,Israel,Male
2012,Medicine,Winner3707,India,Male
2013,Medicine,Winner3708,Japan,Male
2014,Economics,Winner3709,Kenya,Female
2015,Literature,Winner3710,Canada,Female
2016,Medicine,Winner3711,Brazil,Female
2017,Peace,Winner3712,India,Male
2018,Chemistry,Winner3713,Kenya,Female
2019,Medicine,Winner3714,France,Male
2020,Peace,Winner3715,Canada,Female
2021,Medicine,Winner3716,Canada,Female
2022,Economics,Winner3717,Israel,Male
2023,Physics,Winner3718,UK,Male
2024,Economics,Winner3719,USA,Female
1901,Physics,Winner3720,Kenya,Male
1902,Economics,Winner3721,Kenya,Male
1903,Economics,Winner3722,Japan,Female
1904,Chemistry,Winner3723,Germany,Female
1905,Peace,Winner3724,Canada,Male
1906,Chemistry,Winner3725,Kenya,Male
1907,Medicine,Winner3726,Kenya,Female
1908,Economics,Winner3727,Canada,Male
1909,Medicine,Winner3728,Germany,Female
1910,Medicine,Winner3729,Japan,Female
1911,Literature,Winner3730,Germany,Male
1912,Literature,Winner3731,USA,Male
1913,Physics,Winner3732,France,Female
1914,Peace,Winner3733,Israel,Female
1915,Medicine,Winner3734,France,Female
1916,Chemistry,Winner3735,Brazil,Female
1917,Chemistry,Winner3736,Israel,Female
1918,Physics,Winner3737,Israel,Female
1919,Chemistry,Winner3738,Canada,Male
1920,Literature,Winner3739,India,Male
1921,Literature,Winner3740,Germany,Male
1922,Economics,Winner3741,France,Male
1923,Economics,Winner3742,Israel,Female
1924,Economics,Winner3743,Japan,Male
1925,Medicine,Winner3744,Germany,Male
1926,Physics,Winner3745,USA,Female
1927,Physics,Winner3746,Israel,Male
1928,Physics,Winner3747,Israel,Male
1929,Peace,Winner3748,Canada,Male
1930,Economics,Winner3749,France,Female
1931,Economics,Winner3750,India,Male
1932,Chemistry,Winner3751,Germany,Female
1933,Chemistry,Winner3752,Brazil,Male
1934,Economics,Winner3753,Canada,Female
1935,Economics,Winner3754,USA,Female
1936,Physics,Winner3755,France,Male
1937,Economics,Winner3756,Israel,Male
1938,Physics,Winner3757,Kenya,Male
1939,Physics,Winner3758,France,Female
1940,Medicine,Winner3759,France,Male
1941,Physics,Winner3760,Kenya,Female
1942,Chemistry,Winner3761,Canada,Male
1943,Literature,Winner3762,USA,Female
1944,Physics,Winner3763,Kenya,Male
1945,Chemistry,Winner3764,Canada,Female
1946,Medicine,Winner3765,Kenya,Male
1947,Chemistry,Winner3766,Japan,Male
1948,Chemistry,Winner3767,Israel,Male
1949,Physics,Winner3768,India,Female
1950,Literature,Winner3769,Israel,Male
1951,Chemistry,Winner3770,Brazil,Female
1952,Physics,Winner3771,Germany,Male
1953,Peace,Winner3772,USA,Male
1954,Chemistry,Winner3773,India,Male
1955,Chemistry,Winner3774,USA,Female
1956,Chemistry,Winner3775,Germany,Male
1957,Economics,Winner3776,France,Female
1958,Medicine,Winner3777,Kenya,Male
1959,Physics,Winner3778,India,Female
1960,Literature,Winner3779,Kenya,Female
1961,Peace,Winner3780,Canada,Male
1962,Medicine,Winner3781,France,Male
1963,Economics,Winner3782,Japan,Female
1964,Physics,Winner3783,Israel,Female
1965,Chemistry,Winner3784,Germany,Female
1966,Literature,Winner3785,Kenya,Female
1967,Peace,Winner3786,Japan,Female
1968,Peace,Winner3787,UK,Female
1969,Literature,Winner3788,Germany,Female
1970,Medicine,Winner3789,UK,Female
1971,Chemistry,Winner3790,USA,Female
1972,Peace,Winner3791,Canada,Female
1973,Peace,Winner3792,Brazil,Female
1974,Literature,Winner3793,USA,Male
1975,Chemistry,Winner3794,India,Female
1976,Chemistry,Winner3795,India,Male
1977,Physics,Winner3796,Germany,Female
1978,Medicine,Winner3797,France,Female
1979,Physics,Winner3798,USA,Female
1980,Economics,Winner3799,USA,Female
1981,Chemistry,Winner3800,Kenya,Female
1982,Chemistry,Winner3801,Brazil,Male
1983,Literature,Winner3802,Japan,Male
1984,Peace,Winner3803,Germany,Male
1985,Peace,Winner3804,Japan,Male
1986,Peace,Winner3805,Canada,Female
1987,Medicine,Winner3806,India,Male
1988,Chemistry,Winner3807,USA,Female
1989,Literature,Winner3808,USA,Female
1990,Literature,Winner3809,UK,Male
1991,Literature,Winner3810,France,Female
1992,Peace,Winner3811,Canada,Male
1993,Peace,Winner3812,USA,Female
1994,Physics,Winner3813,Israel,Male
1995,Literature,Winner3814,Japan,Male
1996,Literature,Winner3815,USA,Male
1997,Medicine,Winner3816,USA,Male
1998,Literature,Winner3817,UK,Female
1999,Economics,Winner3818,Japan,Female
2000,Medicine,Winner3819,India,Female
2001,Physics,Winner3820,Brazil,Female
2002,Literature,Winner3821,Israel,Male
2003,Literature,Winner3822,Japan,Female
2004,Literature,Winner3823,UK,Female
2005,Peace,Winner3824,UK,Male
2006,Chemistry,Winner3825,USA,Male
2007,Chemistry,Winner3826,UK,Female
2008,Economics,Winner3827,Canada,Male
2009,Chemistry,Winner3828,UK,Male
2010,Economics,Winner3829,India,Male
2011,Economics,Winner3830,USA,Female
2012,Physics,Winner3831,UK,Male
2013,Medicine,Winner3832,UK,Female
2014,Medicine,Winner3833,Israel,Female
2015,Medicine,Winner3834,France,Male
2016,Peace,Winner3835,Kenya,Male
2017,Chemistry,Winner3836,India,Male
2018,Peace,Winner3837,Canada,Female
2019,Economics,Winner3838,UK,Male
2020,Peace,Winner3839,Kenya,Female
2021,Medicine,Winner3840,India,Female
2022,Chemistry,Winner3841,UK,Female
2023,Medicine,Winner3842,UK,Female
2024,Peace,Winner3843,Germany,Male
1901,Economics,Winner3844,UK,Male
1902,Literature,Winner3845,USA,Male
1903,Physics,Winner3846,Germany,Female
1904,Literature,Winner3847,Germany,Female
1905,Physics,Winner3848,India,Male
1906,Peace,Winner3849,Brazil,Female
1907,Medicine,Winner3850,Kenya,Male
1908,Peace,Winner3851,UK,Male
1909,Chemistry,Winner3852,India,Female
1910,Literature,Winner3853,Israel,Male
1911,Literature,Winner3854,Germany,Male
1912,Medicine,Winner3855,Canada,Male
1913,Economics,Winner3856,Japan,Male
1914,Chemistry,Winner3857,Kenya,Male
1915,Economics,Winner3858,UK,Male
1916,Physics,Winner3859,Kenya,Male
1917,Medicine,Winner3860,USA,Female
1918,Economics,Winner3861,Brazil,Female
1919,Medicine,Winner3862,Japan,Male
1920,Peace,Winner3863,UK,Female
1921,Literature,Winner3864,Germany,Male
1922,Literature,Winner3865,Brazil,Female
1923,Peace,Winner3866,India,Male
1924,Literature,Winner3867,Japan,Female
1925,Physics,Winner3868,USA,Female
1926,Economics,Winner3869,Canada,Male
1927,Medicine,Winner3870,Germany,Female
1928,Chemistry,Winner3871,Israel,Female
1929,Peace,Winner3872,Israel,Female
1930,Peace,Winner3873,Canada,Male
1931,Economics,Winner3874,USA,Male
1932,Physics,Winner3875,Germany,Male
1933,Physics,Winner3876,USA,Female
1934,Chemistry,Winner3877,UK,Male
1935,Medicine,Winner3878,Germany,Female
1936,Literature,Winner3879,Canada,Male
1937,Chemistry,Winner3880,Japan,Female
1938,Chemistry,Winner3881,France,Male
1939,Medicine,Winner3882,Japan,Female
1940,Economics,Winner3883,USA,Male
1941,Chemistry,Winner3884,Brazil,Female
1942,Economics,Winner3885,Japan,Male
1943,Chemistry,Winner3886,India,Male
1944,Chemistry,Winner3887,France,Female
1945,Literature,Winner3888,France,Male
1946,Economics,Winner3889,Kenya,Female
1947,Medicine,Winner3890,USA,Male
1948,Medicine,Winner3891,UK,Male
1949,Economics,Winner3892,USA,Female
1950,Literature,Winner3893,Israel,Male
1951,Literature,Winner3894,Germany,Female
1952,Physics,Winner3895,USA,Male
1953,Peace,Winner3896,Japan,Male
1954,Peace,Winner3897,Brazil,Male
1955,Chemistry,Winner3898,UK,Male
1956,Medicine,Winner3899,India,Female
1957,Literature,Winner3900,India,Female
1958,Economics,Winner3901,Kenya,Female
1959,Medicine,Winner3902,Kenya,Male
1960,Medicine,Winner3903,Japan,Female
1961,Peace,Winner3904,Israel,Female
1962,Physics,Winner3905,Japan,Male
1963,Chemistry,Winner3906,Canada,Male
1964,Economics,Winner3907,France,Female
1965,Literature,Winner3908,USA,Male
1966,Peace,Winner3909,Canada,Female
1967,Chemistry,Winner3910,UK,Male
1968,Literature,Winner3911,UK,Female
1969,Economics,Winner3912,Brazil,Female
1970,Peace,Winner3913,France,Female
1971,Economics,Winner3914,India,Female
1972,Literature,Winner3915,Israel,Female
1973,Medicine,Winner3916,Japan,Male
1974,Physics,Winner3917,Israel,Female
1975,Peace,Winner3918,UK,Female
1976,Literature,Winner3919,Israel,Female
1977,Medicine,Winner3920,UK,Male
1978,Literature,Winner3921,France,Female
1979,Economics,Winner3922,France,Female
1980,Peace,Winner3923,Brazil,Male
1981,Medicine,Winner3924,Kenya,Female
1982,Physics,Winner3925,Japan,Male
1983,Literature,Winner3926,USA,Male
1984,Medicine,Winner3927,Israel,Male
1985,Physics,Winner3928,Kenya,Female
1986,Physics,Winner3929,Canada,Female
1987,Economics,Winner3930,USA,Male
1988,Medicine,Winner3931,France,Female
1989,Medicine,Winner3932,Brazil,Male
1990,Physics,Winner3933,Japan,Male
1991,Economics,Winner3934,Germany,Female
1992,Peace,Winner3935,UK,Female
1993,Chemistry,Winner3936,USA,Female
1994,Medicine,Winner3937,Germany,Female
1995,Literature,Winner3938,Canada,Male
1996,Medicine,Winner3939,Japan,Female
1997,Chemistry,Winner3940,Israel,Female
1998,Economics,Winner3941,India,Male
1999,Economics,Winner3942,Germany,Female
2000,Chemistry,Winner3943,Canada,Male
2001,Medicine,Winner3944,Japan,Male
2002,Medicine,Winner3945,Israel,Female
2003,Peace,Winner3946,France,Female
2004,Literature,Winner3947,UK,Male
2005,Peace,Winner3948,Kenya,Female
2006,Peace,Winner3949,India,Female
2007,Medicine,Winner3950,Canada,Female
2008,Literature,Winner3951,Canada,Female
2009,Physics,Winner3952,Brazil,Male
2010,Literature,Winner3953,UK,Male
2011,Peace,Winner3954,Japan,Male
2012,Peace,Winner3955,Brazil,Female
2013,Chemistry,Winner3956,Israel,Female
2014,Physics,Winner3957,Canada,Male
2015,Literature,Winner3958,USA,Female
2016,Peace,Winner3959,Kenya,Male
2017,Physics,Winner3960,USA,Female
2018,Economics,Winner3961,UK,Female
2019,Peace,Winner3962,UK,Female
2020,Peace,Winner3963,Kenya,Female
2021,Physics,Winner3964,UK,Male
2022,Economics,Winner3965,Germany,Male
2023,Peace,Winner3966,Kenya,Male
2024,Chemistry,Winner3967,France,Female
1901,Economics,Winner3968,Japan,Male
1902,Literature,Winner3969,Israel,Male
1903,Physics,Winner3970,UK,Male
1904,Chemistry,Winner3971,Israel,Male
1905,Peace,Winner3972,UK,Male
1906,Chemistry,Winner3973,UK,Female
1907,Physics,Winner3974,Brazil,Female
1908,Literature,Winner3975,USA,Male
1909,Medicine,Winner3976,Canada,Female
1910,Chemistry,Winner3977,Germany,Female
1911,Peace,Winner3978,Kenya,Male
1912,Literature,Winner3979,France,Male
1913,Chemistry,Winner3980,France,Male
1914,Chemistry,Winner3981,Brazil,Male
1915,Literature,Winner3982,Kenya,Female
1916,Medicine,Winner3983,UK,Female
1917,Medicine,Winner3984,Japan,Female
1918,Literature,Winner3985,UK,Female
1919,Literature,Winner3986,Canada,Male
1920,Physics,Winner3987,Japan,Female
1921,Physics,Winner3988,Israel,Female
1922,Physics,Winner3989,Israel,Female
1923,Physics,Winner3990,Israel,Female
1924,Physics,Winner3991,India,Male
1925,Literature,Winner3992,Kenya,Female
1926,Physics,Winner3993,France,Female
1927,Peace,Winner3994,Brazil,Male
1928,Medicine,Winner3995,Brazil,Female
1929,Peace,Winner3996,UK,Male
1930,Economics,Winner3997,France,Female
1931,Economics,Winner3998,Israel,Female
1932,Literature,Winner3999,France,Female
1933,Economics,Winner4000,Japan,Female
1934,Physics,Winner4001,Kenya,Female
1935,Literature,Winner4002,Israel,Male
1936,Peace,Winner4003,Brazil,Female
1937,Chemistry,Winner4004,India,Female
1938,Peace,Winner4005,Israel,Female
1939,Physics,Winner4006,USA,Male
1940,Economics,Winner4007,France,Male
1941,Physics,Winner4008,UK,Female
1942,Economics,Winner4009,Kenya,Female
1943,Chemistry,Winner4010,Germany,Male
1944,Chemistry,Winner4011,Canada,Female
1945,Physics,Winner4012,USA,Female
1946,Physics,Winner4013,USA,Male
1947,Literature,Winner4014,India,Male
1948,Chemistry,Winner4015,India,Male
1949,Economics,Winner4016,Kenya,Female
1950,Chemistry,Winner4017,Israel,Male
1951,Chemistry,Winner4018,Japan,Female
1952,Literature,Winner4019,Japan,Male
1953,Chemistry,Winner4020,France,Female
1954,Peace,Winner4021,Germany,Male
1955,Peace,Winner4022,USA,Male
1956,Chemistry,Winner4023,USA,Male
1957,Physics,Winner4024,India,Female
1958,Peace,Winner4025,Brazil,Male
1959,Medicine,Winner4026,France,Female
1960,Chemistry,Winner4027,Germany,Female
1961,Peace,Winner4028,India,Female
1962,Peace,Winner4029,Brazil,Male
1963,Physics,Winner4030,Kenya,Female
1964,Economics,Winner4031,Canada,Male
1965,Peace,Winner4032,UK,Male
1966,Peace,Winner4033,Japan,Male
1967,Physics,Winner4034,Kenya,Male
1968,Physics,Winner4035,Israel,Female
1969,Physics,Winner4036,Germany,Female
1970,Medicine,Winner4037,Canada,Female
1971,Physics,Winner4038,France,Female
1972,Physics,Winner4039,Brazil,Male
1973,Peace,Winner4040,Israel,Female
1974,Literature,Winner4041,Israel,Male
1975,Peace,Winner4042,UK,Female
1976,Medicine,Winner4043,USA,Male
1977,Medicine,Winner4044,Canada,Female
1978,Chemistry,Winner4045,India,Male
1979,Chemistry,Winner4046,Germany,Female
1980,Economics,Winner4047,USA,Male
1981,Literature,Winner4048,UK,Male
1982,Medicine,Winner4049,UK,Female
1983,Peace,Winner4050,Israel,Male
1984,Peace,Winner4051,Kenya,Male
1985,Medicine,Winner4052,USA,Male
1986,Physics,Winner4053,Kenya,Male
1987,Economics,Winner4054,India,Female
1988,Literature,Winner4055,Japan,Male
1989,Physics,Winner4056,USA,Male
1990,Chemistry,Winner4057,Brazil,Female
1991,Economics,Winner4058,USA,Female
1992,Physics,Winner4059,Canada,Female
1993,Economics,Winner4060,France,Female
1994,Economics,Winner4061,Canada,Male
1995,Physics,Winner4062,Kenya,Male
1996,Peace,Winner4063,India,Female
1997,Chemistry,Winner4064,India,Female
1998,Physics,Winner4065,Germany,Male
1999,Physics,Winner4066,Israel,Male
2000,Chemistry,Winner4067,Canada,Male
2001,Physics,Winner4068,Germany,Male
2002,Physics,Winner4069,USA,Male
2003,Literature,Winner4070,France,Female
2004,Physics,Winner4071,India,Female
2005,Peace,Winner4072,Germany,Female
2006,Chemistry,Winner4073,Israel,Female
2007,Literature,Winner4074,UK,Male
2008,Physics,Winner4075,Japan,Male
2009,Literature,Winner4076,India,Male
2010,Literature,Winner4077,Japan,Female
2011,Peace,Winner4078,Japan,Male
2012,Peace,Winner4079,Japan,Female
2013,Economics,Winner4080,Brazil,Male
2014,Physics,Winner4081,India,Female
2015,Economics,Winner4082,Israel,Female
2016,Medicine,Winner4083,UK,Male
2017,Chemistry,Winner4084,Brazil,Male
2018,Medicine,Winner4085,Brazil,Male
2019,Physics,Winner4086,India,Male
2020,Physics,Winner4087,Germany,Female
2021,Economics,Winner4088,Kenya,Male
2022,Physics,Winner4089,Kenya,Male
2023,Medicine,Winner4090,Japan,Female
2024,Medicine,Winner4091,UK,Male
1901,Medicine,Winner4092,Israel,Female
1902,Literature,Winner4093,USA,Female
1903,Literature,Winner4094,Kenya,Male
1904,Chemistry,Winner4095,Germany,Female
1905,Chemistry,Winner4096,Canada,Male
1906,Economics,Winner4097,Japan,Male
1907,Peace,Winner4098,India,Male
1908,Peace,Winner4099,India,Female
1909,Peace,Winner4100,Germany,Male
1910,Medicine,Winner4101,Israel,Female
1911,Literature,Winner4102,USA,Male
1912,Peace,Winner4103,Canada,Female
1913,Peace,Winner4104,Kenya,Female
1914,Peace,Winner4105,Israel,Female
1915,Chemistry,Winner4106,Canada,Female
1916,Economics,Winner4107,Germany,Male
1917,Physics,Winner4108,Japan,Female
1918,Physics,Winner4109,Germany,Female
1919,Medicine,Winner4110,Israel,Female
1920,Physics,Winner4111,Israel,Female
1921,Medicine,Winner4112,Japan,Female
1922,Economics,Winner4113,Israel,Male
1923,Physics,Winner4114,Japan,Female
1924,Medicine,Winner4115,France,Female
1925,Literature,Winner4116,USA,Female
1926,Physics,Winner4117,Kenya,Male
1927,Medicine,Winner4118,Kenya,Male
1928,Literature,Winner4119,USA,Male
1929,Medicine,Winner4120,Israel,Female
1930,Physics,Winner4121,Kenya,Male
1931,Medicine,Winner4122,Japan,Female
1932,Literature,Winner4123,France,Male
1933,Economics,Winner4124,France,Male
1934,Peace,Winner4125,USA,Male
1935,Physics,Winner4126,USA,Male
1936,Economics,Winner4127,Brazil,Female
1937,Peace,Winner4128,India,Male
1938,Peace,Winner4129,Germany,Male
1939,Economics,Winner4130,Japan,Female
1940,Physics,Winner4131,India,Male
1941,Peace,Winner4132,Germany,Female
1942,Physics,Winner4133,UK,Female
1943,Physics,Winner4134,Brazil,Male
1944,Chemistry,Winner4135,Germany,Female
1945,Peace,Winner4136,India,Female
1946,Physics,Winner4137,Canada,Female
1947,Chemistry,Winner4138,USA,Female
1948,Peace,Winner4139,India,Female
1949,Literature,Winner4140,India,Female
1950,Medicine,Winner4141,Israel,Male
1951,Chemistry,Winner4142,India,Male
1952,Medicine,Winner4143,France,Male
1953,Physics,Winner4144,Israel,Male
1954,Medicine,Winner4145,Brazil,Female
1955,Chemistry,Winner4146,Canada,Male
1956,Economics,Winner4147,France,Female
1957,Economics,Winner4148,UK,Male
1958,Chemistry,Winner4149,Israel,Female
1959,Peace,Winner4150,UK,Male
1960,Peace,Winner4151,Kenya,Female
1961,Medicine,Winner4152,Japan,Male
1962,Peace,Winner4153,Japan,Male
1963,Medicine,Winner4154,Germany,Female
1964,Chemistry,Winner4155,Kenya,Female
1965,Economics,Winner4156,UK,Male
1966,Literature,Winner4157,Canada,Female
1967,Physics,Winner4158,India,Male
1968,Medicine,Winner4159,Kenya,Male
1969,Literature,Winner4160,Canada,Male
1970,Peace,Winner4161,France,Male
1971,Literature,Winner4162,Israel,Male
1972,Peace,Winner4163,Japan,Female
1973,Medicine,Winner4164,India,Male
1974,Physics,Winner4165,Canada,Female
1975,Peace,Winner4166,France,Female
1976,Economics,Winner4167,Germany,Male
1977,Literature,Winner4168,USA,Male
1978,Physics,Winner4169,Canada,Female
1979,Peace,Winner4170,Kenya,Male
1980,Chemistry,Winner4171,USA,Female
1981,Physics,Winner4172,France,Male
1982,Chemistry,Winner4173,Brazil,Female
1983,Literature,Winner4174,India,Male
1984,Literature,Winner4175,Brazil,Male
1985,Economics,Winner4176,Japan,Male
1986,Medicine,Winner4177,India,Male
1987,Economics,Winner4178,USA,Male
1988,Economics,Winner4179,India,Female
1989,Literature,Winner4180,Kenya,Female
1990,Medicine,Winner4181,Kenya,Male
1991,Economics,Winner4182,France,Male
1992,Chemistry,Winner4183,USA,Female
1993,Economics,Winner4184,Kenya,Female
1994,Medicine,Winner4185,Kenya,Male
1995,Peace,Winner4186,Israel,Female
1996,Physics,Winner4187,Germany,Female
1997,Literature,Winner4188,India,Male
1998,Peace,Winner4189,Brazil,Female
1999,Medicine,Winner4190,India,Female
2000,Medicine,Winner4191,France,Male
2001,Physics,Winner4192,Germany,Female
2002,Peace,Winner4193,Japan,Female
2003,Physics,Winner4194,India,Female
2004,Chemistry,Winner4195,UK,Female
2005,Medicine,Winner4196,Kenya,Female
2006,Chemistry,Winner4197,France,Female
2007,Medicine,Winner4198,Israel,Male
2008,Chemistry,Winner4199,Japan,Male
2009,Physics,Winner4200,Germany,Male
2010,Physics,Winner4201,Israel,Male
2011,Peace,Winner4202,Brazil,Male
2012,Physics,Winner4203,Kenya,Male
2013,Medicine,Winner4204,Germany,Female
2014,Peace,Winner4205,Canada,Female
2015,Peace,Winner4206,France,Female
2016,Medicine,Winner4207,UK,Male
2017,Literature,Winner4208,Canada,Female
2018,Medicine,Winner4209,UK,Male
2019,Medicine,Winner4210,UK,Female
2020,Physics,Winner4211,Germany,Male
2021,Medicine,Winner4212,France,Female
2022,Medicine,Winner4213,Kenya,Male
2023,Economics,Winner4214,India,Male
2024,Literature,Winner4215,UK,Female
1901,Chemistry,Winner4216,Brazil,Male
1902,Economics,Winner4217,USA,Male
1903,Chemistry,Winner4218,Israel,Female
1904,Chemistry,Winner4219,Germany,Female
1905,Literature,Winner4220,France,Female
1906,Chemistry,Winner4221,Kenya,Female
1907,Chemistry,Winner4222,Germany,Male
1908,Peace,Winner4223,Germany,Male
1909,Literature,Winner4224,UK,Female
1910,Peace,Winner4225,Israel,Male
1911,Economics,Winner4226,France,Male
1912,Literature,Winner4227,Japan,Female
1913,Economics,Winner4228,Israel,Male
1914,Economics,Winner4229,India,Female
1915,Peace,Winner4230,France,Female
1916,Chemistry,Winner4231,Japan,Female
1917,Literature,Winner4232,Canada,Female
1918,Peace,Winner4233,Kenya,Female
1919,Physics,Winner4234,Germany,Male
1920,Medicine,Winner4235,Canada,Female
1921,Medicine,Winner4236,Germany,Female
1922,Physics,Winner4237,France,Female
1923,Medicine,Winner4238,UK,Female
1924,Economics,Winner4239,Canada,Male
1925,Literature,Winner4240,Kenya,Female
1926,Economics,Winner4241,Germany,Male
1927,Medicine,Winner4242,Japan,Male
1928,Literature,Winner4243,USA,Female
1929,Medicine,Winner4244,India,Female
1930,Literature,Winner4245,Kenya,Female
1931,Literature,Winner4246,Japan,Male
1932,Medicine,Winner4247,Kenya,Male
1933,Medicine,Winner4248,USA,Female
1934,Literature,Winner4249,Canada,Male
1935,Peace,Winner4250,France,Male
1936,Economics,Winner4251,UK,Female
1937,Chemistry,Winner4252,Israel,Male
1938,Economics,Winner4253,USA,Female
1939,Physics,Winner4254,India,Female
1940,Peace,Winner4255,UK,Male
1941,Peace,Winner4256,Germany,Female
1942,Peace,Winner4257,Germany,Male
1943,Peace,Winner4258,Canada,Male
1944,Medicine,Winner4259,France,Female
1945,Medicine,Winner4260,Canada,Male
1946,Peace,Winner4261,Germany,Male
1947,Physics,Winner4262,USA,Male
1948,Peace,Winner4263,Canada,Female
1949,Physics,Winner4264,France,Female
1950,Medicine,Winner4265,USA,Male
1951,Economics,Winner4266,Germany,Male
1952,Medicine,Winner4267,UK,Female
1953,Economics,Winner4268,Canada,Male
1954,Economics,Winner4269,Japan,Male
1955,Physics,Winner4270,UK,Female
1956,Physics,Winner4271,USA,Male
1957,Physics,Winner4272,Israel,Female
1958,Chemistry,Winner4273,Israel,Female
1959,Medicine,Winner4274,Canada,Male
1960,Medicine,Winner4275,Japan,Female
1961,Chemistry,Winner4276,UK,Female
1962,Economics,Winner4277,Israel,Female
1963,Literature,Winner4278,Japan,Female
1964,Physics,Winner4279,Germany,Female
1965,Peace,Winner4280,Japan,Female
1966,Medicine,Winner4281,Brazil,Male
1967,Literature,Winner4282,USA,Female
1968,Economics,Winner4283,Canada,Female
1969,Peace,Winner4284,UK,Female
1970,Chemistry,Winner4285,Israel,Male
1971,Literature,Winner4286,Germany,Female
1972,Medicine,Winner4287,Kenya,Male
1973,Economics,Winner4288,Japan,Female
1974,Chemistry,Winner4289,UK,Male
1975,Peace,Winner4290,France,Male
1976,Literature,Winner4291,Israel,Male
1977,Physics,Winner4292,France,Female
1978,Peace,Winner4293,Kenya,Male
1979,Physics,Winner4294,Kenya,Female
1980,Literature,Winner4295,Japan,Female
1981,Chemistry,Winner4296,USA,Female
1982,Economics,Winner4297,Israel,Female
1983,Physics,Winner4298,Japan,Male
1984,Peace,Winner4299,Kenya,Female
1985,Medicine,Winner4300,Germany,Female
1986,Literature,Winner4301,Kenya,Male
1987,Physics,Winner4302,Canada,Male
1988,Literature,Winner4303,France,Male
1989,Chemistry,Winner4304,Brazil,Male
1990,Chemistry,Winner4305,Germany,Female
1991,Physics,Winner4306,USA,Female
1992,Literature,Winner4307,France,Female
1993,Chemistry,Winner4308,Brazil,Female
1994,Literature,Winner4309,USA,Female
1995,Physics,Winner4310,Canada,Female
1996,Economics,Winner4311,Japan,Female
1997,Peace,Winner4312,India,Male
1998,Chemistry,Winner4313,Japan,Male
1999,Peace,Winner4314,India,Female
2000,Literature,Winner4315,Kenya,Male
2001,Medicine,Winner4316,France,Male
2002,Peace,Winner4317,Kenya,Male
2003,Medicine,Winner4318,Canada,Male
2004,Chemistry,Winner4319,Kenya,Male
2005,Physics,Winner4320,Japan,Male
2006,Chemistry,Winner4321,UK,Female
2007,Medicine,Winner4322,UK,Male
2008,Peace,Winner4323,Kenya,Male
2009,Physics,Winner4324,India,Male
2010,Medicine,Winner4325,USA,Male
2011,Medicine,Winner4326,Japan,Female
2012,Peace,Winner4327,Japan,Female
2013,Peace,Winner4328,Canada,Female
2014,Peace,Winner4329,Brazil,Male
2015,Physics,Winner4330,Israel,Male
2016,Physics,Winner4331,Germany,Female
2017,Chemistry,Winner4332,Japan,Male
2018,Chemistry,Winner4333,Brazil,Female
2019,Medicine,Winner4334,Israel,Female
2020,Economics,Winner4335,Israel,Female
2021,Chemistry,Winner4336,France,Male
2022,Chemistry,Winner4337,Germany,Male
2023,Peace,Winner4338,France,Male
2024,Chemistry,Winner4339,Kenya,Male
1901,Medicine,Winner4340,UK,Male
1902,Chemistry,Winner4341,Brazil,Female
1903,Literature,Winner4342,Kenya,Female
1904,Medicine,Winner4343,Brazil,Male
1905,Chemistry,Winner4344,Brazil,Female
1906,Literature,Winner4345,Canada,Female
1907,Medicine,Winner4346,Japan,Female
1908,Peace,Winner4347,UK,Male
1909,Chemistry,Winner4348,Japan,Male
1910,Literature,Winner4349,Brazil,Female
1911,Literature,Winner4350,Japan,Male
1912,Peace,Winner4351,Canada,Female
1913,Chemistry,Winner4352,USA,Female
1914,Literature,Winner4353,India,Female
1915,Chemistry,Winner4354,Israel,Male
1916,Literature,Winner4355,India,Male
1917,Economics,Winner4356,USA,Male
1918,Literature,Winner4357,India,Male
1919,Physics,Winner4358,Israel,Female
1920,Medicine,Winner4359,UK,Female
1921,Medicine,Winner4360,Brazil,Male
1922,Peace,Winner4361,Japan,Male
1923,Economics,Winner4362,Japan,Female
1924,Literature,Winner4363,USA,Female
1925,Medicine,Winner4364,USA,Male
1926,Economics,Winner4365,Kenya,Female
1927,Literature,Winner4366,France,Female
1928,Economics,Winner4367,Brazil,Male
1929,Physics,Winner4368,India,Male
1930,Peace,Winner4369,France,Male
1931,Chemistry,Winner4370,UK,Female
1932,Physics,Winner4371,USA,Female
1933,Economics,Winner4372,USA,Female
1934,Physics,Winner4373,Brazil,Female
1935,Chemistry,Winner4374,Israel,Male
1936,Medicine,Winner4375,India,Male
1937,Peace,Winner4376,India,Male
1938,Economics,Winner4377,Canada,Female
1939,Economics,Winner4378,USA,Male
1940,Chemistry,Winner4379,Brazil,Male
1941,Economics,Winner4380,Japan,Male
1942,Chemistry,Winner4381,Kenya,Male
1943,Medicine,Winner4382,Israel,Male
1944,Economics,Winner4383,Brazil,Female
1945,Chemistry,Winner4384,USA,Female
1946,Medicine,Winner4385,Brazil,Female
1947,Physics,Winner4386,India,Female
1948,Peace,Winner4387,UK,Female
1949,Physics,Winner4388,UK,Male
1950,Chemistry,Winner4389,UK,Male
1951,Medicine,Winner4390,Israel,Male
1952,Chemistry,Winner4391,USA,Male
1953,Economics,Winner4392,India,Female
1954,Physics,Winner4393,Germany,Female
1955,Economics,Winner4394,Germany,Male
1956,Medicine,Winner4395,USA,Female
1957,Economics,Winner4396,Japan,Male
1958,Medicine,Winner4397,France,Female
1959,Literature,Winner4398,Germany,Male
1960,Medicine,Winner4399,Germany,Male
1961,Medicine,Winner4400,Japan,Female
1962,Medicine,Winner4401,UK,Female
1963,Medicine,Winner4402,Israel,Female
1964,Medicine,Winner4403,Brazil,Female
1965,Economics,Winner4404,France,Male
1966,Peace,Winner4405,Canada,Male
1967,Peace,Winner4406,Israel,Male
1968,Economics,Winner4407,Canada,Female
1969,Economics,Winner4408,Japan,Male
1970,Medicine,Winner4409,Brazil,Female
1971,Physics,Winner4410,Brazil,Male
1972,Medicine,Winner4411,Germany,Female
1973,Medicine,Winner4412,USA,Male
1974,Peace,Winner4413,France,Female
1975,Chemistry,Winner4414,Kenya,Female
1976,Medicine,Winner4415,Israel,Female
1977,Economics,Winner4416,Israel,Male
1978,Medicine,Winner4417,UK,Female
1979,Physics,Winner4418,France,Female
1980,Literature,Winner4419,India,Female
1981,Economics,Winner4420,UK,Male
1982,Medicine,Winner4421,Japan,Male
1983,Literature,Winner4422,Brazil,Male
1984,Physics,Winner4423,Kenya,Female
1985,Peace,Winner4424,Israel,Female
1986,Economics,Winner4425,Canada,Female
1987,Chemistry,Winner4426,Japan,Female
1988,Peace,Winner4427,India,Female
1989,Economics,Winner4428,Canada,Female
1990,Physics,Winner4429,Germany,Male
1991,Literature,Winner4430,Canada,Female
1992,Peace,Winner4431,Canada,Male
1993,Chemistry,Winner4432,Brazil,Male
1994,Medicine,Winner4433,Israel,Male
1995,Peace,Winner4434,France,Male
1996,Economics,Winner4435,India,Male
1997,Physics,Winner4436,Japan,Male
1998,Medicine,Winner4437,Kenya,Female
1999,Chemistry,Winner4438,Kenya,Male
2000,Economics,Winner4439,France,Male
2001,Chemistry,Winner4440,Japan,Female
2002,Physics,Winner4441,France,Male
2003,Chemistry,Winner4442,Canada,Male
2004,Economics,Winner4443,Germany,Male
2005,Economics,Winner4444,Brazil,Female
2006,Physics,Winner4445,Kenya,Male
2007,Medicine,Winner4446,UK,Female
2008,Peace,Winner4447,Canada,Male
2009,Literature,Winner4448,Canada,Female
2010,Economics,Winner4449,Germany,Male
2011,Literature,Winner4450,France,Female
2012,Chemistry,Winner4451,Canada,Female
2013,Medicine,Winner4452,Canada,Female
2014,Peace,Winner4453,UK,Female
2015,Literature,Winner4454,Israel,Male
2016,Chemistry,Winner4455,Israel,Male
2017,Chemistry,Winner4456,India,Female
2018,Medicine,Winner4457,Brazil,Male
2019,Peace,Winner4458,Israel,Female
2020,Physics,Winner4459,Germany,Male
2021,Literature,Winner4460,Germany,Male
2022,Chemistry,Winner4461,Japan,Female
2023,Physics,Winner4462,India,Female
2024,Economics,Winner4463,France,Female
1901,Chemistry,Winner4464,Japan,Female
1902,Literature,Winner4465,Kenya,Male
1903,Medicine,Winner4466,Canada,Male
1904,Chemistry,Winner4467,Canada,Male
1905,Literature,Winner4468,UK,Female
1906,Economics,Winner4469,UK,Female
1907,Physics,Winner4470,France,Female
1908,Chemistry,Winner4471,Israel,Female
1909,Economics,Winner4472,Kenya,Male
1910,Literature,Winner4473,Canada,Female
1911,Physics,Winner4474,Japan,Female
1912,Medicine,Winner4475,UK,Female
1913,Peace,Winner4476,India,Female
1914,Economics,Winner4477,India,Female
1915,Physics,Winner4478,France,Female
1916,Peace,Winner4479,Canada,Male
1917,Chemistry,Winner4480,USA,Female
1918,Economics,Winner4481,Israel,Female
1919,Chemistry,Winner4482,Brazil,Female
1920,Literature,Winner4483,USA,Female
1921,Medicine,Winner4484,USA,Male
1922,Literature,Winner4485,Kenya,Female
1923,Physics,Winner4486,Israel,Female
1924,Medicine,Winner4487,Canada,Female
1925,Economics,Winner4488,Japan,Male
1926,Peace,Winner4489,Japan,Male
1927,Medicine,Winner4490,India,Female
1928,Physics,Winner4491,Kenya,Female
1929,Medicine,Winner4492,USA,Male
1930,Medicine,Winner4493,USA,Female
1931,Chemistry,Winner4494,France,Male
1932,Peace,Winner4495,UK,Male
1933,Economics,Winner4496,France,Female
1934,Literature,Winner4497,Japan,Female
1935,Literature,Winner4498,Israel,Male
1936,Economics,Winner4499,Brazil,Female
1937,Physics,Winner4500,UK,Female
1938,Medicine,Winner4501,USA,Male
1939,Peace,Winner4502,UK,Female
1940,Peace,Winner4503,UK,Female
1941,Economics,Winner4504,Japan,Female
1942,Literature,Winner4505,USA,Male
1943,Economics,Winner4506,Japan,Male
1944,Literature,Winner4507,UK,Male
1945,Peace,Winner4508,Japan,Female
1946,Peace,Winner4509,Brazil,Male
1947,Economics,Winner4510,USA,Female
1948,Peace,Winner4511,Kenya,Male
1949,Literature,Winner4512,Japan,Male
1950,Medicine,Winner4513,Brazil,Male
1951,Peace,Winner4514,Canada,Male
1952,Economics,Winner4515,Japan,Female
1953,Physics,Winner4516,Canada,Male
1954,Physics,Winner4517,Canada,Male
1955,Medicine,Winner4518,Japan,Female
1956,Peace,Winner4519,India,Male
1957,Chemistry,Winner4520,Germany,Male
1958,Economics,Winner4521,India,Male
1959,Physics,Winner4522,Israel,Female
1960,Economics,Winner4523,Israel,Female
1961,Peace,Winner4524,Canada,Female
1962,Peace,Winner4525,Canada,Female
1963,Peace,Winner4526,USA,Female
1964,Medicine,Winner4527,India,Female
1965,Literature,Winner4528,France,Female
1966,Economics,Winner4529,Kenya,Male
1967,Peace,Winner4530,France,Female
1968,Medicine,Winner4531,Canada,Male
1969,Economics,Winner4532,Israel,Male
1970,Economics,Winner4533,Kenya,Female
1971,Physics,Winner4534,Germany,Female
1972,Medicine,Winner4535,Japan,Female
1973,Literature,Winner4536,Kenya,Male
1974,Chemistry,Winner4537,Israel,Male
1975,Peace,Winner4538,India,Female
1976,Literature,Winner4539,USA,Female
1977,Peace,Winner4540,Kenya,Male
1978,Literature,Winner4541,Brazil,Male
1979,Literature,Winner4542,Israel,Male
1980,Physics,Winner4543,Canada,Male
1981,Chemistry,Winner4544,UK,Female
1982,Chemistry,Winner4545,France,Female
1983,Peace,Winner4546,Canada,Female
1984,Chemistry,Winner4547,Canada,Female
1985,Medicine,Winner4548,India,Male
1986,Economics,Winner4549,India,Female
1987,Chemistry,Winner4550,Canada,Female
1988,Literature,Winner4551,Japan,Female
1989,Chemistry,Winner4552,France,Female
1990,Medicine,Winner4553,USA,Female
1991,Literature,Winner4554,France,Male
1992,Literature,Winner4555,Israel,Female
1993,Literature,Winner4556,Canada,Male
1994,Economics,Winner4557,USA,Male
1995,Chemistry,Winner4558,Israel,Male
1996,Peace,Winner4559,Israel,Female
1997,Physics,Winner4560,India,Male
1998,Chemistry,Winner4561,Israel,Female
1999,Economics,Winner4562,UK,Female
2000,Physics,Winner4563,Israel,Female
2001,Peace,Winner4564,Brazil,Male
2002,Chemistry,Winner4565,Kenya,Female
2003,Economics,Winner4566,Germany,Male
2004,Literature,Winner4567,Germany,Female
2005,Chemistry,Winner4568,Japan,Male
2006,Physics,Winner4569,Germany,Female
2007,Literature,Winner4570,Germany,Female
2008,Chemistry,Winner4571,France,Female
2009,Peace,Winner4572,UK,Female
2010,Chemistry,Winner4573,Germany,Female
2011,Economics,Winner4574,UK,Male
2012,Economics,Winner4575,USA,Female
2013,Peace,Winner4576,Kenya,Female
2014,Physics,Winner4577,Canada,Female
2015,Economics,Winner4578,Brazil,Male
2016,Economics,Winner4579,Israel,Male
2017,Literature,Winner4580,Kenya,Male
2018,Medicine,Winner4581,Canada,Male
2019,Medicine,Winner4582,Canada,Female
2020,Literature,Winner4583,UK,Male
2021,Chemistry,Winner4584,Japan,Male
2022,Economics,Winner4585,France,Female
2023,Literature,Winner4586,India,Male
2024,Chemistry,Winner4587,Kenya,Male
1901,Medicine,Winner4588,UK,Female
1902,Economics,Winner4589,UK,Female
1903,Economics,Winner4590,Kenya,Male
1904,Medicine,Winner4591,India,Female
1905,Economics,Winner4592,Kenya,Female
1906,Literature,Winner4593,Japan,Female
1907,Peace,Winner4594,USA,Male
1908,Chemistry,Winner4595,Brazil,Female
1909,Physics,Winner4596,Germany,Female
1910,Peace,Winner4597,India,Female
1911,Medicine,Winner4598,France,Female
1912,Literature,Winner4599,Kenya,Female
1913,Chemistry,Winner4600,France,Male
1914,Peace,Winner4601,Japan,Female
1915,Medicine,Winner4602,Germany,Male
1916,Chemistry,Winner4603,Israel,Female
1917,Chemistry,Winner4604,Israel,Male
1918,Medicine,Winner4605,India,Female
1919,Literature,Winner4606,Israel,Male
1920,Medicine,Winner4607,France,Female
1921,Peace,Winner4608,India,Female
1922,Literature,Winner4609,France,Female
1923,Chemistry,Winner4610,Kenya,Female
1924,Physics,Winner4611,UK,Female
1925,Chemistry,Winner4612,Japan,Male
1926,Chemistry,Winner4613,France,Female
1927,Peace,Winner4614,UK,Male
1928,Medicine,Winner4615,Kenya,Female
1929,Peace,Winner4616,USA,Male
1930,Economics,Winner4617,Germany,Female
1931,Economics,Winner4618,USA,Female
1932,Economics,Winner4619,UK,Female
1933,Peace,Winner4620,UK,Female
1934,Peace,Winner4621,Brazil,Male
1935,Physics,Winner4622,Kenya,Male
1936,Chemistry,Winner4623,Japan,Male
1937,Economics,Winner4624,Germany,Male
1938,Economics,Winner4625,Kenya,Male
1939,Physics,Winner4626,Israel,Female
1940,Peace,Winner4627,Japan,Male
1941,Economics,Winner4628,Germany,Male
1942,Chemistry,Winner4629,Brazil,Female
1943,Physics,Winner4630,Germany,Male
1944,Chemistry,Winner4631,Israel,Female
1945,Literature,Winner4632,UK,Male
1946,Medicine,Winner4633,UK,Male
1947,Literature,Winner4634,UK,Female
1948,Physics,Winner4635,Kenya,Male
1949,Physics,Winner4636,Brazil,Male
1950,Peace,Winner4637,Kenya,Female
1951,Peace,Winner4638,USA,Female
1952,Physics,Winner4639,Kenya,Male
1953,Peace,Winner4640,Israel,Female
1954,Physics,Winner4641,Japan,Female
1955,Peace,Winner4642,Japan,Female
1956,Economics,Winner4643,France,Female
1957,Peace,Winner4644,Kenya,Female
1958,Economics,Winner4645,Japan,Female
1959,Peace,Winner4646,Germany,Female
1960,Medicine,Winner4647,Brazil,Female
1961,Economics,Winner4648,Kenya,Male
1962,Chemistry,Winner4649,Kenya,Male
1963,Medicine,Winner4650,Brazil,Female
1964,Literature,Winner4651,France,Male
1965,Physics,Winner4652,Canada,Female
1966,Physics,Winner4653,Kenya,Female
1967,Economics,Winner4654,Brazil,Male
1968,Chemistry,Winner4655,UK,Male
1969,Chemistry,Winner4656,Japan,Female
1970,Medicine,Winner4657,Brazil,Female
1971,Physics,Winner4658,Japan,Male
1972,Peace,Winner4659,France,Female
1973,Chemistry,Winner4660,Germany,Female
1974,Chemistry,Winner4661,France,Male
1975,Medicine,Winner4662,Brazil,Female
1976,Economics,Winner4663,Israel,Female
1977,Economics,Winner4664,Japan,Male
1978,Medicine,Winner4665,Kenya,Female
1979,Medicine,Winner4666,France,Female
1980,Medicine,Winner4667,India,Female
1981,Literature,Winner4668,Japan,Female
1982,Peace,Winner4669,Canada,Female
1983,Physics,Winner4670,Canada,Male
1984,Literature,Winner4671,India,Male
1985,Literature,Winner4672,Japan,Male
1986,Economics,Winner4673,Germany,Male
1987,Economics,Winner4674,Japan,Female
1988,Medicine,Winner4675,USA,Female
1989,Literature,Winner4676,Canada,Female
1990,Peace,Winner4677,Brazil,Male
1991,Chemistry,Winner4678,Israel,Female
1992,Medicine,Winner4679,UK,Male
1993,Chemistry,Winner4680,France,Female
1994,Economics,Winner4681,Kenya,Female
1995,Physics,Winner4682,Canada,Female
1996,Chemistry,Winner4683,Japan,Female
1997,Physics,Winner4684,UK,Male
1998,Economics,Winner4685,India,Female
1999,Peace,Winner4686,India,Female
2000,Medicine,Winner4687,UK,Female
2001,Chemistry,Winner4688,UK,Female
2002,Economics,Winner4689,Canada,Male
2003,Chemistry,Winner4690,Israel,Female
2004,Peace,Winner4691,Germany,Male
2005,Literature,Winner4692,Germany,Female
2006,Peace,Winner4693,Brazil,Female
2007,Peace,Winner4694,Brazil,Female
2008,Economics,Winner4695,USA,Male
2009,Physics,Winner4696,India,Female
2010,Literature,Winner4697,Germany,Male
2011,Medicine,Winner4698,Kenya,Male
2012,Literature,Winner4699,India,Female
2013,Chemistry,Winner4700,Japan,Female
2014,Peace,Winner4701,USA,Male
2015,Physics,Winner4702,Canada,Female
2016,Literature,Winner4703,Kenya,Male
2017,Peace,Winner4704,USA,Female
2018,Physics,Winner4705,Israel,Female
2019,Physics,Winner4706,Brazil,Female
2020,Peace,Winner4707,Kenya,Female
2021,Peace,Winner4708,India,Male
2022,Economics,Winner4709,UK,Male
2023,Peace,Winner4710,UK,Male
2024,Peace,Winner4711,UK,Female
1901,Peace,Winner4712,Germany,Male
1902,Economics,Winner4713,Canada,Female
1903,Literature,Winner4714,Kenya,Male
1904,Economics,Winner4715,India,Male
1905,Chemistry,Winner4716,Israel,Female
1906,Literature,Winner4717,Brazil,Female
1907,Physics,Winner4718,Canada,Female
1908,Physics,Winner4719,Israel,Female
1909,Physics,Winner4720,USA,Male
1910,Medicine,Winner4721,Canada,Male
1911,Medicine,Winner4722,Germany,Female
1912,Peace,Winner4723,Kenya,Male
1913,Peace,Winner4724,India,Male
1914,Chemistry,Winner4725,France,Male
1915,Medicine,Winner4726,France,Male
1916,Physics,Winner4727,Brazil,Male
1917,Chemistry,Winner4728,Brazil,Female
1918,Physics,Winner4729,India,Female
1919,Chemistry,Winner4730,Germany,Male
1920,Medicine,Winner4731,France,Female
1921,Medicine,Winner4732,Germany,Male
1922,Medicine,Winner4733,USA,Male
1923,Literature,Winner4734,UK,Female
1924,Physics,Winner4735,Kenya,Male
1925,Literature,Winner4736,USA,Female
1926,Literature,Winner4737,Canada,Male
1927,Chemistry,Winner4738,Canada,Male
1928,Physics,Winner4739,France,Male
1929,Chemistry,Winner4740,Germany,Male
1930,Literature,Winner4741,Israel,Female
1931,Economics,Winner4742,India,Female
1932,Chemistry,Winner4743,Germany,Male
1933,Peace,Winner4744,India,Female
1934,Medicine,Winner4745,Brazil,Male
1935,Literature,Winner4746,USA,Male
1936,Literature,Winner4747,Canada,Female
1937,Physics,Winner4748,India,Female
1938,Medicine,Winner4749,UK,Female
1939,Economics,Winner4750,Japan,Male
1940,Economics,Winner4751,UK,Female
1941,Literature,Winner4752,USA,Female
1942,Economics,Winner4753,India,Male
1943,Chemistry,Winner4754,Germany,Male
1944,Peace,Winner4755,USA,Male
1945,Peace,Winner4756,France,Male
1946,Economics,Winner4757,Kenya,Male
1947,Physics,Winner4758,Israel,Male
1948,Economics,Winner4759,Japan,Female
1949,Peace,Winner4760,Canada,Male
1950,Literature,Winner4761,France,Male
1951,Peace,Winner4762,France,Male
1952,Medicine,Winner4763,UK,Male
1953,Physics,Winner4764,Kenya,Male
1954,Medicine,Winner4765,Canada,Female
1955,Medicine,Winner4766,Israel,Female
1956,Physics,Winner4767,USA,Female
1957,Physics,Winner4768,Kenya,Male
1958,Economics,Winner4769,France,Female
1959,Physics,Winner4770,Brazil,Female
1960,Peace,Winner4771,Brazil,Male
1961,Chemistry,Winner4772,UK,Male
1962,Medicine,Winner4773,Germany,Male
1963,Literature,Winner4774,UK,Male
1964,Literature,Winner4775,Kenya,Female
1965,Peace,Winner4776,Kenya,Male
1966,Peace,Winner4777,USA,Female
1967,Literature,Winner4778,Kenya,Female
1968,Chemistry,Winner4779,India,Female
1969,Peace,Winner4780,UK,Female
1970,Literature,Winner4781,Israel,Male
1971,Chemistry,Winner4782,Germany,Male
1972,Chemistry,Winner4783,Germany,Male
1973,Economics,Winner4784,UK,Female
1974,Medicine,Winner4785,Israel,Male
1975,Chemistry,Winner4786,Germany,Female
1976,Chemistry,Winner4787,Japan,Female
1977,Economics,Winner4788,Kenya,Female
1978,Chemistry,Winner4789,India,Female
1979,Medicine,Winner4790,France,Male
1980,Economics,Winner4791,Canada,Male
1981,Chemistry,Winner4792,France,Male
1982,Chemistry,Winner4793,USA,Male
1983,Chemistry,Winner4794,Canada,Female
1984,Physics,Winner4795,Israel,Female
1985,Literature,Winner4796,India,Male
1986,Economics,Winner4797,Israel,Female
1987,Literature,Winner4798,Germany,Female
1988,Peace,Winner4799,Japan,Female
1989,Physics,Winner4800,Japan,Female
1990,Medicine,Winner4801,France,Female
1991,Medicine,Winner4802,Kenya,Female
1992,Economics,Winner4803,UK,Female
1993,Peace,Winner4804,Japan,Male
1994,Medicine,Winner4805,Canada,Male
1995,Peace,Winner4806,France,Male
1996,Chemistry,Winner4807,Kenya,Male
1997,Physics,Winner4808,Brazil,Female
1998,Chemistry,Winner4809,India,Female
1999,Literature,Winner4810,Canada,Male
2000,Peace,Winner4811,France,Female
2001,Peace,Winner4812,Germany,Male
2002,Economics,Winner4813,Germany,Male
2003,Chemistry,Winner4814,India,Male
2004,Peace,Winner4815,Brazil,Male
2005,Peace,Winner4816,India,Male
2006,Economics,Winner4817,Brazil,Male
2007,Medicine,Winner4818,France,Male
2008,Economics,Winner4819,France,Male
2009,Economics,Winner4820,France,Female
2010,Chemistry,Winner4821,Japan,Male
2011,Literature,Winner4822,Japan,Female
2012,Peace,Winner4823,Canada,Female
2013,Literature,Winner4824,India,Male
2014,Economics,Winner4825,Japan,Male
2015,Physics,Winner4826,Japan,Female
2016,Chemistry,Winner4827,Israel,Male
2017,Physics,Winner4828,Canada,Male
2018,Chemistry,Winner4829,Kenya,Male
2019,Chemistry,Winner4830,Canada,Male
2020,Economics,Winner4831,Canada,Female
2021,Peace,Winner4832,Germany,Male
2022,Medicine,Winner4833,UK,Male
2023,Medicine,Winner4834,France,Female
2024,Physics,Winner4835,Israel,Male
1901,Chemistry,Winner4836,Kenya,Male
1902,Economics,Winner4837,Japan,Female
1903,Physics,Winner4838,UK,Female
1904,Peace,Winner4839,UK,Female
1905,Chemistry,Winner4840,Kenya,Female
1906,Physics,Winner4841,Brazil,Female
1907,Chemistry,Winner4842,UK,Female
1908,Medicine,Winner4843,USA,Female
1909,Medicine,Winner4844,UK,Female
1910,Literature,Winner4845,Israel,Male
1911,Economics,Winner4846,Kenya,Female
1912,Chemistry,Winner4847,Brazil,Male
1913,Physics,Winner4848,Israel,Female
1914,Chemistry,Winner4849,Kenya,Female
1915,Literature,Winner4850,USA,Male
1916,Medicine,Winner4851,Japan,Female
1917,Economics,Winner4852,Brazil,Female
1918,Literature,Winner4853,Japan,Female
1919,Physics,Winner4854,USA,Male
1920,Economics,Winner4855,Kenya,Male
1921,Peace,Winner4856,Kenya,Male
1922,Peace,Winner4857,Canada,Female
1923,Physics,Winner4858,Kenya,Female
1924,Peace,Winner4859,Brazil,Female
1925,Physics,Winner4860,Israel,Male
1926,Peace,Winner4861,UK,Male
1927,Physics,Winner4862,Germany,Female
1928,Peace,Winner4863,Israel,Female
1929,Literature,Winner4864,USA,Female
1930,Economics,Winner4865,Kenya,Female
1931,Peace,Winner4866,Brazil,Male
1932,Literature,Winner4867,Canada,Male
1933,Chemistry,Winner4868,Israel,Male
1934,Physics,Winner4869,India,Male
1935,Medicine,Winner4870,Canada,Male
1936,Economics,Winner4871,Kenya,Female
1937,Medicine,Winner4872,India,Female
1938,Chemistry,Winner4873,Japan,Female
1939,Physics,Winner4874,India,Female
1940,Economics,Winner4875,Japan,Male
1941,Chemistry,Winner4876,Brazil,Female
1942,Economics,Winner4877,Canada,Female
1943,Chemistry,Winner4878,Kenya,Male
1944,Medicine,Winner4879,India,Male
1945,Medicine,Winner4880,Japan,Male
1946,Economics,Winner4881,UK,Female
1947,Medicine,Winner4882,Israel,Female
1948,Economics,Winner4883,France,Female
1949,Chemistry,Winner4884,Japan,Female
1950,Medicine,Winner4885,India,Female
1951,Medicine,Winner4886,France,Male
1952,Medicine,Winner4887,USA,Male
1953,Chemistry,Winner4888,Israel,Female
1954,Peace,Winner4889,Brazil,Female
1955,Peace,Winner4890,Brazil,Male
1956,Literature,Winner4891,Israel,Male
1957,Chemistry,Winner4892,UK,Male
1958,Economics,Winner4893,Israel,Female
1959,Medicine,Winner4894,France,Female
1960,Peace,Winner4895,India,Female
1961,Chemistry,Winner4896,Canada,Male
1962,Economics,Winner4897,Japan,Male
1963,Medicine,Winner4898,Germany,Female
1964,Physics,Winner4899,Germany,Male
1965,Economics,Winner4900,Japan,Male
1966,Literature,Winner4901,Germany,Male
1967,Chemistry,Winner4902,Germany,Female
1968,Economics,Winner4903,Germany,Male
1969,Physics,Winner4904,Japan,Male
1970,Physics,Winner4905,Israel,Female
1971,Literature,Winner4906,Canada,Male
1972,Literature,Winner4907,France,Female
1973,Economics,Winner4908,Israel,Female
1974,Economics,Winner4909,Japan,Female
1975,Medicine,Winner4910,Canada,Female
1976,Medicine,Winner4911,Germany,Female
1977,Peace,Winner4912,India,Male
1978,Economics,Winner4913,France,Female
1979,Economics,Winner4914,Germany,Male
1980,Physics,Winner4915,Brazil,Female
1981,Peace,Winner4916,India,Male
1982,Peace,Winner4917,Germany,Female
1983,Economics,Winner4918,Brazil,Male
1984,Literature,Winner4919,Japan,Male
1985,Literature,Winner4920,Israel,Female
1986,Literature,Winner4921,Israel,Female
1987,Physics,Winner4922,France,Male
1988,Peace,Winner4923,Kenya,Male
1989,Medicine,Winner4924,Kenya,Male
1990,Physics,Winner4925,India,Male
1991,Economics,Winner4926,Japan,Female
1992,Economics,Winner4927,USA,Female
1993,Literature,Winner4928,France,Female
1994,Chemistry,Winner4929,Kenya,Female
1995,Peace,Winner4930,Japan,Female
1996,Chemistry,Winner4931,Israel,Female
1997,Chemistry,Winner4932,Brazil,Female
1998,Physics,Winner4933,Israel,Male
1999,Economics,Winner4934,India,Male
2000,Physics,Winner4935,Israel,Male
2001,Peace,Winner4936,Canada,Male
2002,Economics,Winner4937,Germany,Male
2003,Peace,Winner4938,France,Male
2004,Physics,Winner4939,Kenya,Male
2005,Medicine,Winner4940,UK,Male
2006,Literature,Winner4941,Israel,Female
2007,Literature,Winner4942,Canada,Female
2008,Chemistry,Winner4943,India,Male
2009,Physics,Winner4944,Japan,Female
2010,Chemistry,Winner4945,Canada,Female
2011,Literature,Winner4946,UK,Male
2012,Medicine,Winner4947,Canada,Male
2013,Chemistry,Winner4948,India,Male
2014,Medicine,Winner4949,Kenya,Male
2015,Peace,Winner4950,Japan,Male
2016,Peace,Winner4951,USA,Male
2017,Economics,Winner4952,India,Male
2018,Chemistry,Winner4953,USA,Male
2019,Physics,Winner4954,India,Female
2020,Medicine,Winner4955,USA,Female
2021,Physics,Winner4956,France,Male
2022,Economics,Winner4957,Israel,Female
2023,Chemistry,Winner4958,Brazil,Male
2024,Medicine,Winner4959,UK,Male
1901,Peace,Winner4960,India,Male
1902,Literature,Winner4961,France,Male
1903,Literature,Winner4962,USA,Male
1904,Peace,Winner4963,UK,Female
1905,Medicine,Winner4964,UK,Female
1906,Economics,Winner4965,France,Male
1907,Physics,Winner4966,Kenya,Male
1908,Peace,Winner4967,France,Female
1909,Literature,Winner4968,Brazil,Female
1910,Literature,Winner4969,UK,Male
1911,Medicine,Winner4970,Germany,Female
1912,Chemistry,Winner4971,Germany,Female
1913,Chemistry,Winner4972,Canada,Male
1914,Medicine,Winner4973,USA,Female
1915,Economics,Winner4974,Israel,Male
1916,Peace,Winner4975,UK,Female
1917,Peace,Winner4976,Israel,Female
1918,Peace,Winner4977,Germany,Female
1919,Medicine,Winner4978,France,Female
1920,Chemistry,Winner4979,Japan,Female
1921,Literature,Winner4980,Canada,Female
1922,Physics,Winner4981,Kenya,Male
1923,Literature,Winner4982,UK,Female
1924,Peace,Winner4983,Kenya,Female
1925,Medicine,Winner4984,Kenya,Female
1926,Economics,Winner4985,USA,Male
1927,Chemistry,Winner4986,UK,Female
1928,Peace,Winner4987,Israel,Male
1929,Economics,Winner4988,India,Male
1930,Peace,Winner4989,USA,Male
1931,Medicine,Winner4990,Canada,Male
1932,Medicine,Winner4991,Brazil,Male
1933,Economics,Winner4992,Canada,Male
1934,Peace,Winner4993,India,Male
1935,Chemistry,Winner4994,UK,Female
1936,Chemistry,Winner4995,Germany,Female
1937,Physics,Winner4996,Germany,Female
1938,Chemistry,Winner4997,Israel,Male
1939,Physics,Winner4998,Canada,Male
1940,Economics,Winner4999,UK,Female
1941,Physics,Winner5000,Germany,Female
1942,Chemistry,Winner5001,Canada,Male
1943,Medicine,Winner5002,Canada,Male
1944,Chemistry,Winner5003,France,Male
1945,Peace,Winner5004,Japan,Female
1946,Economics,Winner5005,Israel,Female
1947,Chemistry,Winner5006,Japan,Female
1948,Economics,Winner5007,USA,Female
1949,Literature,Winner5008,Canada,Female
1950,Chemistry,Winner5009,Kenya,Female
1951,Peace,Winner5010,USA,Female
1952,Physics,Winner5011,Kenya,Male
1953,Economics,Winner5012,Germany,Male
1954,Economics,Winner5013,UK,Male
1955,Chemistry,Winner5014,Kenya,Male
1956,Chemistry,Winner5015,Brazil,Female
1957,Chemistry,Winner5016,Japan,Female
1958,Medicine,Winner5017,Brazil,Female
1959,Medicine,Winner5018,Israel,Female
1960,Physics,Winner5019,UK,Female
1961,Chemistry,Winner5020,UK,Female
1962,Chemistry,Winner5021,France,Male
1963,Literature,Winner5022,Kenya,Male
1964,Physics,Winner5023,Germany,Male
1965,Literature,Winner5024,France,Male
1966,Economics,Winner5025,UK,Male
1967,Literature,Winner5026,Israel,Female
1968,Literature,Winner5027,France,Female
1969,Peace,Winner5028,USA,Male
1970,Chemistry,Winner5029,India,Male
1971,Peace,Winner5030,USA,Male
1972,Medicine,Winner5031,Japan,Male
1973,Medicine,Winner5032,Kenya,Male
1974,Economics,Winner5033,USA,Female
1975,Literature,Winner5034,France,Female
1976,Peace,Winner5035,UK,Male
1977,Chemistry,Winner5036,Germany,Female
1978,Economics,Winner5037,Kenya,Male
1979,Literature,Winner5038,UK,Male
1980,Peace,Winner5039,Brazil,Female
1981,Peace,Winner5040,France,Male
1982,Peace,Winner5041,India,Male
1983,Physics,Winner5042,UK,Female
1984,Peace,Winner5043,Brazil,Male
1985,Peace,Winner5044,France,Female
1986,Medicine,Winner5045,USA,Male
1987,Physics,Winner5046,Germany,Male
1988,Literature,Winner5047,USA,Male
1989,Literature,Winner5048,Israel,Male
1990,Chemistry,Winner5049,USA,Male
1991,Physics,Winner5050,Kenya,Female
1992,Medicine,Winner5051,Israel,Female
1993,Literature,Winner5052,Germany,Female
1994,Peace,Winner5053,Japan,Female
1995,Economics,Winner5054,Kenya,Female
1996,Chemistry,Winner5055,Kenya,Female
1997,Chemistry,Winner5056,France,Female
1998,Economics,Winner5057,France,Female
1999,Medicine,Winner5058,France,Female
2000,Economics,Winner5059,USA,Female
2001,Medicine,Winner5060,France,Male
2002,Literature,Winner5061,Canada,Male
2003,Literature,Winner5062,France,Female
2004,Chemistry,Winner5063,Canada,Female
2005,Literature,Winner5064,Kenya,Female
2006,Literature,Winner5065,Canada,Female
2007,Medicine,Winner5066,India,Female
2008,Economics,Winner5067,Canada,Male
2009,Economics,Winner5068,Brazil,Male
2010,Chemistry,Winner5069,Germany,Male
2011,Peace,Winner5070,Germany,Female
2012,Literature,Winner5071,Brazil,Female
2013,Medicine,Winner5072,Japan,Male
2014,Literature,Winner5073,France,Female
2015,Physics,Winner5074,Brazil,Female
2016,Medicine,Winner5075,Israel,Female
2017,Physics,Winner5076,Germany,Male
2018,Medicine,Winner5077,Brazil,Male
2019,Economics,Winner5078,Canada,Female
2020,Chemistry,Winner5079,Kenya,Male
2021,Economics,Winner5080,Germany,Female
2022,Peace,Winner5081,France,Female
2023,Economics,Winner5082,Israel,Male
2024,Economics,Winner5083,Canada,Male
1901,Chemistry,Winner5084,Canada,Female
1902,Literature,Winner5085,Germany,Male
1903,Literature,Winner5086,India,Male
1904,Economics,Winner5087,UK,Male
1905,Physics,Winner5088,USA,Male
1906,Physics,Winner5089,India,Male
1907,Medicine,Winner5090,India,Male
1908,Economics,Winner5091,France,Male
1909,Medicine,Winner5092,UK,Female
1910,Peace,Winner5093,India,Female
1911,Literature,Winner5094,India,Male
1912,Medicine,Winner5095,Japan,Male
1913,Peace,Winner5096,France,Male
1914,Chemistry,Winner5097,Canada,Male
1915,Peace,Winner5098,Israel,Female
1916,Chemistry,Winner5099,Brazil,Female
1917,Economics,Winner5100,Japan,Male
1918,Physics,Winner5101,France,Female
1919,Physics,Winner5102,USA,Male
1920,Literature,Winner5103,Kenya,Female
1921,Literature,Winner5104,France,Male
1922,Peace,Winner5105,India,Female
1923,Peace,Winner5106,Israel,Male
1924,Literature,Winner5107,USA,Female
1925,Economics,Winner5108,Israel,Female
1926,Medicine,Winner5109,UK,Female
1927,Physics,Winner5110,France,Male
1928,Peace,Winner5111,Japan,Female
1929,Chemistry,Winner5112,UK,Male
1930,Economics,Winner5113,India,Female
1931,Economics,Winner5114,UK,Female
1932,Peace,Winner5115,Kenya,Male
1933,Peace,Winner5116,Israel,Female
1934,Chemistry,Winner5117,India,Female
1935,Chemistry,Winner5118,Brazil,Female
1936,Peace,Winner5119,USA,Female
1937,Medicine,Winner5120,France,Male
1938,Economics,Winner5121,Germany,Female
1939,Medicine,Winner5122,Kenya,Female
1940,Medicine,Winner5123,USA,Female
1941,Economics,Winner5124,Kenya,Male
1942,Medicine,Winner5125,Brazil,Male
1943,Chemistry,Winner5126,Israel,Male
1944,Economics,Winner5127,Israel,Male
1945,Medicine,Winner5128,Canada,Male
1946,Literature,Winner5129,Canada,Female
1947,Physics,Winner5130,Japan,Female
1948,Medicine,Winner5131,India,Female
1949,Literature,Winner5132,India,Male
1950,Medicine,Winner5133,Japan,Male
1951,Literature,Winner5134,Japan,Female
1952,Physics,Winner5135,Kenya,Male
1953,Economics,Winner5136,India,Male
1954,Physics,Winner5137,France,Male
1955,Chemistry,Winner5138,UK,Male
1956,Medicine,Winner5139,UK,Male
1957,Peace,Winner5140,Germany,Male
1958,Physics,Winner5141,USA,Male
1959,Economics,Winner5142,India,Male
1960,Chemistry,Winner5143,Israel,Female
1961,Economics,Winner5144,India,Male
1962,Peace,Winner5145,UK,Male
1963,Economics,Winner5146,France,Male
1964,Economics,Winner5147,UK,Male
1965,Physics,Winner5148,UK,Male
1966,Literature,Winner5149,Germany,Male
1967,Physics,Winner5150,UK,Female
1968,Medicine,Winner5151,Brazil,Male
1969,Literature,Winner5152,Germany,Female
1970,Peace,Winner5153,France,Female
1971,Medicine,Winner5154,Israel,Male
1972,Literature,Winner5155,France,Male
1973,Physics,Winner5156,France,Male
1974,Medicine,Winner5157,France,Male
1975,Economics,Winner5158,UK,Male
1976,Chemistry,Winner5159,France,Female
1977,Chemistry,Winner5160,France,Female
1978,Economics,Winner5161,Israel,Female
1979,Peace,Winner5162,Canada,Female
1980,Chemistry,Winner5163,Canada,Female
1981,Medicine,Winner5164,Germany,Male
1982,Economics,Winner5165,Japan,Female
1983,Chemistry,Winner5166,UK,Male
1984,Physics,Winner5167,Kenya,Female
1985,Economics,Winner5168,USA,Female
1986,Physics,Winner5169,Kenya,Male
1987,Economics,Winner5170,UK,Female
1988,Peace,Winner5171,India,Male
1989,Peace,Winner5172,Japan,Female
1990,Literature,Winner5173,India,Female
1991,Medicine,Winner5174,Kenya,Female
1992,Literature,Winner5175,India,Male
1993,Chemistry,Winner5176,Israel,Male
1994,Physics,Winner5177,India,Female
1995,Literature,Winner5178,Kenya,Female
1996,Literature,Winner5179,Kenya,Female
1997,Literature,Winner5180,France,Male
1998,Economics,Winner5181,Canada,Female
1999,Physics,Winner5182,France,Female
2000,Literature,Winner5183,France,Female
2001,Medicine,Winner5184,USA,Female
2002,Economics,Winner5185,France,Male
2003,Peace,Winner5186,France,Male
2004,Physics,Winner5187,USA,Female
2005,Literature,Winner5188,France,Female
2006,Medicine,Winner5189,Germany,Male
2007,Literature,Winner5190,Canada,Male
2008,Medicine,Winner5191,Brazil,Female
2009,Chemistry,Winner5192,Germany,Female
2010,Peace,Winner5193,Kenya,Female
2011,Literature,Winner5194,France,Female
2012,Economics,Winner5195,USA,Female
2013,Physics,Winner5196,UK,Female
2014,Economics,Winner5197,Kenya,Female
2015,Chemistry,Winner5198,Germany,Female
2016,Chemistry,Winner5199,Canada,Female
2017,Physics,Winner5200,Japan,Male
2018,Medicine,Winner5201,Japan,Female
2019,Peace,Winner5202,UK,Male
2020,Peace,Winner5203,Japan,Female
2021,Economics,Winner5204,India,Male
2022,Medicine,Winner5205,Israel,Female
2023,Physics,Winner5206,USA,Female
2024,Medicine,Winner5207,Canada,Male
1901,Chemistry,Winner5208,India,Male
1902,Medicine,Winner5209,Kenya,Female
1903,Peace,Winner5210,India,Female
1904,Economics,Winner5211,Germany,Male
1905,Medicine,Winner5212,Israel,Male
1906,Economics,Winner5213,Israel,Male
1907,Chemistry,Winner5214,Kenya,Female
1908,Physics,Winner5215,India,Male
1909,Literature,Winner5216,France,Female
1910,Physics,Winner5217,Brazil,Female
1911,Literature,Winner5218,Israel,Female
1912,Physics,Winner5219,Kenya,Female
1913,Chemistry,Winner5220,Japan,Male
1914,Medicine,Winner5221,USA,Female
1915,Chemistry,Winner5222,Germany,Male
1916,Medicine,Winner5223,India,Female
1917,Peace,Winner5224,France,Female
1918,Medicine,Winner5225,Kenya,Female
1919,Peace,Winner5226,Brazil,Male
1920,Economics,Winner5227,Germany,Male
1921,Medicine,Winner5228,USA,Male
1922,Peace,Winner5229,Brazil,Female
1923,Chemistry,Winner5230,Canada,Female
1924,Economics,Winner5231,USA,Female
1925,Medicine,Winner5232,Germany,Male
1926,Medicine,Winner5233,USA,Male
1927,Economics,Winner5234,Canada,Male
1928,Medicine,Winner5235,Kenya,Male
1929,Literature,Winner5236,Canada,Male
1930,Peace,Winner5237,Kenya,Female
1931,Physics,Winner5238,Japan,Female
1932,Medicine,Winner5239,Germany,Female
1933,Medicine,Winner5240,France,Male
1934,Medicine,Winner5241,USA,Male
1935,Physics,Winner5242,India,Female
1936,Medicine,Winner5243,France,Female
1937,Economics,Winner5244,Canada,Male
1938,Economics,Winner5245,Canada,Female
1939,Literature,Winner5246,France,Female
1940,Peace,Winner5247,USA,Female
1941,Medicine,Winner5248,Israel,Male
1942,Peace,Winner5249,USA,Male
1943,Literature,Winner5250,UK,Male
1944,Chemistry,Winner5251,France,Male
1945,Peace,Winner5252,France,Male
1946,Physics,Winner5253,India,Female
1947,Medicine,Winner5254,UK,Female
1948,Medicine,Winner5255,UK,Female
1949,Literature,Winner5256,Brazil,Male
1950,Peace,Winner5257,Canada,Female
1951,Economics,Winner5258,France,Male
1952,Chemistry,Winner5259,Kenya,Male
1953,Physics,Winner5260,Japan,Male
1954,Chemistry,Winner5261,USA,Male
1955,Physics,Winner5262,Germany,Female
1956,Physics,Winner5263,USA,Male
1957,Chemistry,Winner5264,France,Male
1958,Peace,Winner5265,India,Female
1959,Literature,Winner5266,Canada,Male
1960,Peace,Winner5267,Japan,Female
1961,Physics,Winner5268,Canada,Male
1962,Physics,Winner5269,Germany,Male
1963,Chemistry,Winner5270,Germany,Female
1964,Physics,Winner5271,India,Male
1965,Peace,Winner5272,India,Male
1966,Literature,Winner5273,Germany,Male
1967,Peace,Winner5274,USA,Female
1968,Medicine,Winner5275,Brazil,Female
1969,Peace,Winner5276,Canada,Male
1970,Chemistry,Winner5277,Israel,Female
1971,Medicine,Winner5278,Germany,Female
1972,Medicine,Winner5279,Canada,Male
1973,Economics,Winner5280,Japan,Female
1974,Physics,Winner5281,Kenya,Female
1975,Chemistry,Winner5282,France,Male
1976,Physics,Winner5283,Canada,Male
1977,Economics,Winner5284,Germany,Male
1978,Peace,Winner5285,Japan,Male
1979,Peace,Winner5286,Japan,Female
1980,Literature,Winner5287,USA,Male
1981,Peace,Winner5288,Japan,Male
1982,Peace,Winner5289,USA,Female
1983,Physics,Winner5290,Germany,Male
1984,Medicine,Winner5291,Germany,Female
1985,Economics,Winner5292,Canada,Female
1986,Literature,Winner5293,Canada,Male
1987,Literature,Winner5294,Kenya,Female
1988,Economics,Winner5295,Germany,Male
1989,Peace,Winner5296,UK,Male
1990,Physics,Winner5297,Israel,Male
1991,Physics,Winner5298,Japan,Male
1992,Medicine,Winner5299,Kenya,Female
1993,Economics,Winner5300,Israel,Male
1994,Physics,Winner5301,USA,Female
1995,Chemistry,Winner5302,Germany,Female
1996,Economics,Winner5303,India,Male
1997,Medicine,Winner5304,Canada,Male
1998,Medicine,Winner5305,USA,Male
1999,Medicine,Winner5306,France,Female
2000,Literature,Winner5307,Germany,Male
2001,Economics,Winner5308,USA,Female
2002,Chemistry,Winner5309,USA,Male
2003,Physics,Winner5310,Germany,Female
2004,Peace,Winner5311,Brazil,Female
2005,Medicine,Winner5312,USA,Female
2006,Physics,Winner5313,France,Male
2007,Physics,Winner5314,Canada,Female
2008,Physics,Winner5315,USA,Female
2009,Literature,Winner5316,Kenya,Female
2010,Chemistry,Winner5317,USA,Male
2011,Economics,Winner5318,UK,Female
2012,Economics,Winner5319,Japan,Female
2013,Chemistry,Winner5320,Japan,Male
2014,Economics,Winner5321,Japan,Male
2015,Chemistry,Winner5322,Kenya,Male
2016,Economics,Winner5323,USA,Female
2017,Peace,Winner5324,Kenya,Male
2018,Economics,Winner5325,USA,Female
2019,Medicine,Winner5326,UK,Female
2020,Literature,Winner5327,Kenya,Male
2021,Medicine,Winner5328,India,Male
2022,Medicine,Winner5329,India,Female
2023,Chemistry,Winner5330,Israel,Female
2024,Medicine,Winner5331,Kenya,Female
1901,Medicine,Winner5332,France,Female
1902,Economics,Winner5333,Brazil,Female
1903,Medicine,Winner5334,Canada,Male
1904,Peace,Winner5335,Japan,Male
1905,Medicine,Winner5336,India,Female
1906,Literature,Winner5337,Brazil,Male
1907,Physics,Winner5338,India,Male
1908,Peace,Winner5339,India,Male
1909,Peace,Winner5340,France,Male
1910,Economics,Winner5341,Canada,Male
1911,Literature,Winner5342,UK,Male
1912,Peace,Winner5343,UK,Male
1913,Medicine,Winner5344,Brazil,Male
1914,Economics,Winner5345,Germany,Female
1915,Literature,Winner5346,UK,Female
1916,Economics,Winner5347,India,Female
1917,Peace,Winner5348,Canada,Male
1918,Peace,Winner5349,India,Female
1919,Economics,Winner5350,UK,Male
1920,Economics,Winner5351,Kenya,Male
1921,Economics,Winner5352,Germany,Male
1922,Peace,Winner5353,UK,Female
1923,Chemistry,Winner5354,UK,Female
1924,Chemistry,Winner5355,Canada,Female
1925,Chemistry,Winner5356,Brazil,Male
1926,Chemistry,Winner5357,USA,Male
1927,Physics,Winner5358,Japan,Male
1928,Chemistry,Winner5359,France,Male
1929,Physics,Winner5360,Japan,Female
1930,Physics,Winner5361,Canada,Female
1931,Economics,Winner5362,Canada,Male
1932,Economics,Winner5363,Israel,Female
1933,Medicine,Winner5364,Canada,Female
1934,Chemistry,Winner5365,Japan,Female
1935,Peace,Winner5366,Israel,Female
1936,Economics,Winner5367,Israel,Male
1937,Economics,Winner5368,Kenya,Male
1938,Literature,Winner5369,India,Female
1939,Physics,Winner5370,Japan,Female
1940,Literature,Winner5371,Brazil,Male
1941,Literature,Winner5372,Israel,Female
1942,Economics,Winner5373,Kenya,Male
1943,Literature,Winner5374,USA,Female
1944,Physics,Winner5375,Kenya,Female
1945,Peace,Winner5376,UK,Male
1946,Chemistry,Winner5377,UK,Female
1947,Literature,Winner5378,India,Male
1948,Peace,Winner5379,Kenya,Male
1949,Medicine,Winner5380,Japan,Female
1950,Chemistry,Winner5381,Israel,Female
1951,Physics,Winner5382,USA,Male
1952,Peace,Winner5383,USA,Female
1953,Physics,Winner5384,Brazil,Male
1954,Literature,Winner5385,Japan,Female
1955,Peace,Winner5386,USA,Female
1956,Peace,Winner5387,UK,Female
1957,Chemistry,Winner5388,Kenya,Female
1958,Chemistry,Winner5389,USA,Female
1959,Peace,Winner5390,India,Female
1960,Physics,Winner5391,France,Male
1961,Chemistry,Winner5392,Kenya,Female
1962,Chemistry,Winner5393,USA,Female
1963,Economics,Winner5394,France,Female
1964,Physics,Winner5395,Japan,Male
1965,Chemistry,Winner5396,India,Female
1966,Chemistry,Winner5397,Kenya,Male
1967,Physics,Winner5398,France,Male
1968,Chemistry,Winner5399,Israel,Male
1969,Literature,Winner5400,Kenya,Female
1970,Economics,Winner5401,Canada,Male
1971,Economics,Winner5402,Brazil,Female
1972,Economics,Winner5403,Brazil,Male
1973,Literature,Winner5404,Kenya,Male
1974,Medicine,Winner5405,Canada,Female
1975,Physics,Winner5406,UK,Male
1976,Medicine,Winner5407,India,Female
1977,Literature,Winner5408,Brazil,Male
1978,Chemistry,Winner5409,UK,Male
1979,Chemistry,Winner5410,UK,Male
1980,Economics,Winner5411,Germany,Female
1981,Economics,Winner5412,Brazil,Female
1982,Peace,Winner5413,Japan,Female
1983,Physics,Winner5414,France,Female
1984,Physics,Winner5415,Brazil,Male
1985,Chemistry,Winner5416,Germany,Male
1986,Medicine,Winner5417,France,Female
1987,Physics,Winner5418,India,Male
1988,Peace,Winner5419,USA,Male
1989,Peace,Winner5420,Japan,Male
1990,Medicine,Winner5421,France,Female
1991,Chemistry,Winner5422,Kenya,Male
1992,Chemistry,Winner5423,Kenya,Female
1993,Literature,Winner5424,Germany,Male
1994,Chemistry,Winner5425,Canada,Male
1995,Chemistry,Winner5426,France,Male
1996,Physics,Winner5427,Kenya,Male
1997,Peace,Winner5428,France,Male
1998,Economics,Winner5429,Canada,Female
1999,Chemistry,Winner5430,Japan,Female
2000,Physics,Winner5431,Canada,Male
2001,Medicine,Winner5432,Canada,Male
2002,Chemistry,Winner5433,India,Female
2003,Literature,Winner5434,Israel,Male
2004,Economics,Winner5435,France,Female
2005,Peace,Winner5436,Brazil,Female
2006,Economics,Winner5437,France,Male
2007,Peace,Winner5438,Brazil,Female
2008,Literature,Winner5439,UK,Female
2009,Peace,Winner5440,USA,Female
2010,Physics,Winner5441,Brazil,Male
2011,Economics,Winner5442,France,Male
2012,Medicine,Winner5443,Japan,Female
2013,Medicine,Winner5444,Kenya,Female
2014,Medicine,Winner5445,Brazil,Female
2015,Medicine,Winner5446,Kenya,Female
2016,Literature,Winner5447,Israel,Male
2017,Literature,Winner5448,India,Male
2018,Economics,Winner5449,Kenya,Female
2019,Peace,Winner5450,Brazil,Male
2020,Medicine,Winner5451,Japan,Female
2021,Medicine,Winner5452,Israel,Male
2022,Medicine,Winner5453,India,Male
2023,Peace,Winner5454,Germany,Female
2024,Medicine,Winner5455,Germany,Female
1901,Peace,Winner5456,Canada,Female
1902,Medicine,Winner5457,Israel,Female
1903,Economics,Winner5458,Germany,Male
1904,Economics,Winner5459,Japan,Male
1905,Economics,Winner5460,India,Female
1906,Chemistry,Winner5461,Kenya,Male
1907,Physics,Winner5462,Japan,Male
1908,Chemistry,Winner5463,Israel,Female
1909,Chemistry,Winner5464,Kenya,Female
1910,Chemistry,Winner5465,Canada,Female
1911,Economics,Winner5466,Japan,Female
1912,Peace,Winner5467,India,Male
1913,Medicine,Winner5468,Israel,Male
1914,Medicine,Winner5469,UK,Female
1915,Peace,Winner5470,Canada,Male
1916,Physics,Winner5471,Germany,Female
1917,Literature,Winner5472,Kenya,Female
1918,Peace,Winner5473,Israel,Female
1919,Chemistry,Winner5474,Japan,Male
1920,Literature,Winner5475,Kenya,Male
1921,Literature,Winner5476,Canada,Female
1922,Medicine,Winner5477,UK,Male
1923,Chemistry,Winner5478,UK,Female
1924,Physics,Winner5479,USA,Male
1925,Medicine,Winner5480,UK,Female
1926,Chemistry,Winner5481,UK,Female
1927,Chemistry,Winner5482,USA,Male
1928,Physics,Winner5483,UK,Female
1929,Peace,Winner5484,Japan,Female
1930,Literature,Winner5485,Germany,Male
1931,Chemistry,Winner5486,Israel,Female
1932,Peace,Winner5487,India,Male
1933,Chemistry,Winner5488,USA,Female
1934,Chemistry,Winner5489,France,Female
1935,Chemistry,Winner5490,Brazil,Male
1936,Chemistry,Winner5491,UK,Female
1937,Literature,Winner5492,UK,Male
1938,Chemistry,Winner5493,Canada,Male
1939,Chemistry,Winner5494,Kenya,Male
1940,Chemistry,Winner5495,Germany,Female
1941,Physics,Winner5496,USA,Male
1942,Economics,Winner5497,Japan,Female
1943,Peace,Winner5498,Israel,Female
1944,Literature,Winner5499,Germany,Male
1945,Physics,Winner5500,UK,Female
1946,Economics,Winner5501,Kenya,Female
1947,Chemistry,Winner5502,Canada,Female
1948,Physics,Winner5503,Brazil,Female
1949,Chemistry,Winner5504,Kenya,Female
1950,Peace,Winner5505,India,Female
1951,Physics,Winner5506,Kenya,Female
1952,Literature,Winner5507,Israel,Male
1953,Medicine,Winner5508,France,Male
1954,Peace,Winner5509,Canada,Male
1955,Literature,Winner5510,Germany,Male
1956,Medicine,Winner5511,India,Female
1957,Medicine,Winner5512,Germany,Female
1958,Chemistry,Winner5513,Canada,Female
1959,Physics,Winner5514,Israel,Male
1960,Economics,Winner5515,UK,Female
1961,Economics,Winner5516,USA,Female
1962,Peace,Winner5517,India,Female
1963,Literature,Winner5518,USA,Female
1964,Literature,Winner5519,Kenya,Female
1965,Physics,Winner5520,Canada,Female
1966,Medicine,Winner5521,Germany,Female
1967,Medicine,Winner5522,Japan,Female
1968,Chemistry,Winner5523,France,Male
1969,Peace,Winner5524,Brazil,Male
1970,Physics,Winner5525,Canada,Female
1971,Physics,Winner5526,Germany,Male
1972,Economics,Winner5527,France,Male
1973,Peace,Winner5528,Brazil,Male
1974,Medicine,Winner5529,UK,Female
1975,Literature,Winner5530,France,Female
1976,Chemistry,Winner5531,Canada,Female
1977,Chemistry,Winner5532,Germany,Female
1978,Medicine,Winner5533,France,Male
1979,Chemistry,Winner5534,UK,Male
1980,Peace,Winner5535,France,Female
1981,Peace,Winner5536,Kenya,Female
1982,Chemistry,Winner5537,Germany,Male
1983,Chemistry,Winner5538,Israel,Male
1984,Physics,Winner5539,UK,Female
1985,Chemistry,Winner5540,Brazil,Male
1986,Literature,Winner5541,Brazil,Female
1987,Economics,Winner5542,France,Male
1988,Peace,Winner5543,France,Male
1989,Physics,Winner5544,India,Male
1990,Medicine,Winner5545,Brazil,Male
1991,Peace,Winner5546,Brazil,Male
1992,Literature,Winner5547,France,Male
1993,Physics,Winner5548,Kenya,Male
1994,Chemistry,Winner5549,Germany,Female
1995,Peace,Winner5550,Japan,Female
1996,Chemistry,Winner5551,Kenya,Male
1997,Economics,Winner5552,UK,Male
1998,Chemistry,Winner5553,Israel,Male
1999,Physics,Winner5554,Canada,Male
2000,Physics,Winner5555,Japan,Female
2001,Peace,Winner5556,Kenya,Female
2002,Peace,Winner5557,Brazil,Female
2003,Peace,Winner5558,Kenya,Female
2004,Peace,Winner5559,Israel,Female
2005,Medicine,Winner5560,Brazil,Female
2006,Chemistry,Winner5561,Brazil,Female
2007,Chemistry,Winner5562,USA,Male
2008,Physics,Winner5563,Israel,Female
2009,Medicine,Winner5564,UK,Female
2010,Literature,Winner5565,Canada,Female
2011,Medicine,Winner5566,USA,Female
2012,Literature,Winner5567,Germany,Male
2013,Chemistry,Winner5568,Canada,Male
2014,Literature,Winner5569,Israel,Male
2015,Economics,Winner5570,Japan,Female
2016,Chemistry,Winner5571,France,Male
2017,Chemistry,Winner5572,Kenya,Female
2018,Literature,Winner5573,Canada,Female
2019,Economics,Winner5574,Kenya,Female
2020,Chemistry,Winner5575,Kenya,Male
2021,Literature,Winner5576,USA,Male
2022,Chemistry,Winner5577,UK,Female
2023,Medicine,Winner5578,USA,Female
2024,Literature,Winner5579,Canada,Female
1901,Physics,Winner5580,Israel,Female
1902,Medicine,Winner5581,Brazil,Female
1903,Physics,Winner5582,Kenya,Male
1904,Medicine,Winner5583,India,Male
1905,Medicine,Winner5584,Brazil,Male
1906,Physics,Winner5585,UK,Male
1907,Economics,Winner5586,Brazil,Female
1908,Physics,Winner5587,USA,Male
1909,Economics,Winner5588,Brazil,Female
1910,Physics,Winner5589,Kenya,Female
1911,Medicine,Winner5590,Israel,Female
1912,Medicine,Winner5591,Israel,Female
1913,Medicine,Winner5592,India,Male
1914,Peace,Winner5593,Israel,Male
1915,Literature,Winner5594,Kenya,Female
1916,Peace,Winner5595,USA,Male
1917,Chemistry,Winner5596,Canada,Female
1918,Economics,Winner5597,Kenya,Female
1919,Chemistry,Winner5598,France,Male
1920,Physics,Winner5599,Israel,Female
1921,Medicine,Winner5600,Canada,Male
1922,Physics,Winner5601,USA,Female
1923,Physics,Winner5602,France,Male
1924,Literature,Winner5603,Israel,Male
1925,Literature,Winner5604,France,Female
1926,Peace,Winner5605,Israel,Female
1927,Chemistry,Winner5606,USA,Male
1928,Chemistry,Winner5607,USA,Female
1929,Economics,Winner5608,Kenya,Male
1930,Chemistry,Winner5609,Kenya,Male
1931,Economics,Winner5610,Kenya,Male
1932,Physics,Winner5611,Kenya,Female
1933,Peace,Winner5612,India,Female
1934,Medicine,Winner5613,Israel,Female
1935,Economics,Winner5614,India,Male
1936,Economics,Winner5615,Israel,Female
1937,Peace,Winner5616,Germany,Male
1938,Physics,Winner5617,Canada,Female
1939,Medicine,Winner5618,India,Female
1940,Literature,Winner5619,Canada,Male
1941,Peace,Winner5620,Japan,Female
1942,Physics,Winner5621,France,Male
1943,Chemistry,Winner5622,Germany,Female
1944,Chemistry,Winner5623,UK,Female
1945,Literature,Winner5624,Canada,Female
1946,Peace,Winner5625,India,Female
1947,Physics,Winner5626,Germany,Male
1948,Peace,Winner5627,Kenya,Male
1949,Medicine,Winner5628,USA,Female
1950,Literature,Winner5629,Canada,Male
1951,Literature,Winner5630,Kenya,Male
1952,Medicine,Winner5631,India,Male
1953,Medicine,Winner5632,Germany,Female
1954,Literature,Winner5633,Canada,Male
1955,Literature,Winner5634,Canada,Male
1956,Medicine,Winner5635,Germany,Male
1957,Medicine,Winner5636,France,Female
1958,Peace,Winner5637,Canada,Male
1959,Physics,Winner5638,UK,Male
1960,Economics,Winner5639,USA,Male
1961,Peace,Winner5640,Canada,Female
1962,Physics,Winner5641,France,Male
1963,Physics,Winner5642,Kenya,Male
1964,Physics,Winner5643,France,Female
1965,Medicine,Winner5644,India,Male
1966,Physics,Winner5645,France,Female
1967,Medicine,Winner5646,UK,Male
1968,Peace,Winner5647,UK,Male
1969,Peace,Winner5648,USA,Male
1970,Chemistry,Winner5649,Canada,Female
1971,Physics,Winner5650,Japan,Female
1972,Peace,Winner5651,Brazil,Male
1973,Peace,Winner5652,Japan,Male
1974,Physics,Winner5653,Kenya,Female
1975,Chemistry,Winner5654,Brazil,Male
1976,Literature,Winner5655,Israel,Male
1977,Economics,Winner5656,Japan,Male
1978,Literature,Winner5657,India,Male
1979,Economics,Winner5658,Kenya,Female
1980,Medicine,Winner5659,Brazil,Female
1981,Medicine,Winner5660,Canada,Female
1982,Chemistry,Winner5661,Japan,Female
1983,Chemistry,Winner5662,Germany,Female
1984,Chemistry,Winner5663,France,Male
1985,Physics,Winner5664,USA,Male
1986,Chemistry,Winner5665,UK,Female
1987,Chemistry,Winner5666,France,Male
1988,Medicine,Winner5667,India,Female
1989,Peace,Winner5668,Germany,Female
1990,Literature,Winner5669,Canada,Male
1991,Economics,Winner5670,Brazil,Female
1992,Economics,Winner5671,Germany,Female
1993,Economics,Winner5672,USA,Female
1994,Chemistry,Winner5673,Canada,Male
1995,Medicine,Winner5674,UK,Male
1996,Physics,Winner5675,Japan,Female
1997,Chemistry,Winner5676,Kenya,Female
1998,Economics,Winner5677,Canada,Female
1999,Literature,Winner5678,France,Female
2000,Economics,Winner5679,Canada,Female
2001,Peace,Winner5680,France,Male
2002,Chemistry,Winner5681,Japan,Female
2003,Physics,Winner5682,Kenya,Female
2004,Chemistry,Winner5683,USA,Male
2005,Chemistry,Winner5684,Brazil,Female
2006,Medicine,Winner5685,Germany,Male
2007,Literature,Winner5686,USA,Male
2008,Economics,Winner5687,India,Female
2009,Peace,Winner5688,India,Female
2010,Physics,Winner5689,UK,Female
2011,Peace,Winner5690,Germany,Male
2012,Chemistry,Winner5691,India,Female
2013,Peace,Winner5692,Canada,Male
2014,Literature,Winner5693,USA,Female
2015,Economics,Winner5694,Israel,Female
2016,Peace,Winner5695,Kenya,Male
2017,Medicine,Winner5696,India,Male
2018,Literature,Winner5697,Israel,Male
2019,Literature,Winner5698,Canada,Female
2020,Peace,Winner5699,Israel,Male
2021,Medicine,Winner5700,Israel,Male
2022,Literature,Winner5701,Japan,Female
2023,Economics,Winner5702,USA,Male
2024,Economics,Winner5703,Israel,Female
1901,Literature,Winner5704,Japan,Male
1902,Peace,Winner5705,Germany,Male
1903,Chemistry,Winner5706,Kenya,Male
1904,Literature,Winner5707,USA,Female
1905,Physics,Winner5708,UK,Female
1906,Peace,Winner5709,Brazil,Female
1907,Physics,Winner5710,Brazil,Female
1908,Peace,Winner5711,USA,Female
1909,Peace,Winner5712,Germany,Female
1910,Physics,Winner5713,Germany,Female
1911,Peace,Winner5714,India,Male
1912,Peace,Winner5715,Germany,Male
1913,Economics,Winner5716,Canada,Male
1914,Medicine,Winner5717,Germany,Female
1915,Physics,Winner5718,UK,Male
1916,Economics,Winner5719,Japan,Male
1917,Economics,Winner5720,Japan,Female
1918,Literature,Winner5721,France,Female
1919,Chemistry,Winner5722,France,Female
1920,Physics,Winner5723,Japan,Female
1921,Peace,Winner5724,Brazil,Male
1922,Physics,Winner5725,France,Male
1923,Physics,Winner5726,Germany,Male
1924,Medicine,Winner5727,France,Male
1925,Literature,Winner5728,India,Male
1926,Peace,Winner5729,Brazil,Female
1927,Peace,Winner5730,UK,Female
1928,Economics,Winner5731,Israel,Female
1929,Physics,Winner5732,India,Male
1930,Medicine,Winner5733,France,Female
1931,Chemistry,Winner5734,Brazil,Female
1932,Economics,Winner5735,USA,Male
1933,Physics,Winner5736,France,Male
1934,Medicine,Winner5737,France,Male
1935,Literature,Winner5738,India,Male
1936,Medicine,Winner5739,Canada,Female
1937,Physics,Winner5740,Brazil,Female
1938,Chemistry,Winner5741,France,Male
1939,Peace,Winner5742,Kenya,Male
1940,Economics,Winner5743,Germany,Female
1941,Peace,Winner5744,Kenya,Female
1942,Medicine,Winner5745,India,Male
1943,Physics,Winner5746,USA,Female
1944,Chemistry,Winner5747,USA,Female
1945,Physics,Winner5748,India,Female
1946,Literature,Winner5749,USA,Female
1947,Literature,Winner5750,UK,Male
1948,Physics,Winner5751,Israel,Male
1949,Peace,Winner5752,France,Female
1950,Literature,Winner5753,Brazil,Female
1951,Physics,Winner5754,Israel,Male
1952,Economics,Winner5755,India,Male
1953,Medicine,Winner5756,Brazil,Female
1954,Medicine,Winner5757,USA,Male
1955,Physics,Winner5758,Japan,Male
1956,Economics,Winner5759,Japan,Female
1957,Chemistry,Winner5760,Japan,Female
1958,Literature,Winner5761,UK,Female
1959,Physics,Winner5762,Kenya,Female
1960,Economics,Winner5763,Japan,Female
1961,Physics,Winner5764,USA,Female
1962,Medicine,Winner5765,France,Male
1963,Chemistry,Winner5766,Brazil,Male
1964,Medicine,Winner5767,UK,Male
1965,Medicine,Winner5768,India,Female
1966,Physics,Winner5769,France,Male
1967,Peace,Winner5770,UK,Male
1968,Physics,Winner5771,Japan,Female
1969,Peace,Winner5772,Brazil,Male
1970,Economics,Winner5773,Brazil,Female
1971,Peace,Winner5774,Japan,Male
1972,Literature,Winner5775,USA,Female
1973,Literature,Winner5776,UK,Female
1974,Medicine,Winner5777,USA,Male
1975,Physics,Winner5778,UK,Male
1976,Physics,Winner5779,Kenya,Male
1977,Literature,Winner5780,India,Female
1978,Peace,Winner5781,UK,Female
1979,Chemistry,Winner5782,Israel,Male
1980,Physics,Winner5783,India,Male
1981,Chemistry,Winner5784,Israel,Male
1982,Economics,Winner5785,USA,Female
1983,Chemistry,Winner5786,France,Male
1984,Economics,Winner5787,Brazil,Male
1985,Literature,Winner5788,USA,Female
1986,Peace,Winner5789,Germany,Female
1987,Peace,Winner5790,Germany,Male
1988,Literature,Winner5791,Germany,Female
1989,Chemistry,Winner5792,Brazil,Female
1990,Medicine,Winner5793,France,Female
1991,Peace,Winner5794,Canada,Female
1992,Medicine,Winner5795,Germany,Male
1993,Economics,Winner5796,Canada,Female
1994,Economics,Winner5797,Israel,Female
1995,Physics,Winner5798,UK,Female
1996,Peace,Winner5799,Germany,Female
1997,Economics,Winner5800,France,Male
1998,Economics,Winner5801,Israel,Male
1999,Economics,Winner5802,Germany,Male
2000,Economics,Winner5803,USA,Male
2001,Chemistry,Winner5804,USA,Male
2002,Economics,Winner5805,Canada,Male
2003,Chemistry,Winner5806,Japan,Male
2004,Peace,Winner5807,USA,Male
2005,Economics,Winner5808,UK,Male
2006,Literature,Winner5809,UK,Female
2007,Chemistry,Winner5810,Kenya,Male
2008,Chemistry,Winner5811,UK,Female
2009,Medicine,Winner5812,Canada,Female
2010,Economics,Winner5813,Brazil,Female
2011,Literature,Winner5814,Germany,Male
2012,Chemistry,Winner5815,Canada,Female
2013,Chemistry,Winner5816,Germany,Female
2014,Literature,Winner5817,Japan,Female
2015,Physics,Winner5818,Japan,Male
2016,Literature,Winner5819,Kenya,Male
2017,Physics,Winner5820,USA,Female
2018,Peace,Winner5821,Japan,Male
2019,Literature,Winner5822,UK,Female
2020,Chemistry,Winner5823,Japan,Female
2021,Chemistry,Winner5824,Canada,Male
2022,Literature,Winner5825,Brazil,Male
2023,Peace,Winner5826,Kenya,Female
2024,Medicine,Winner5827,Germany,Female
1901,Chemistry,Winner5828,Japan,Female
1902,Literature,Winner5829,Japan,Male
1903,Literature,Winner5830,Germany,Female
1904,Chemistry,Winner5831,USA,Male
1905,Economics,Winner5832,Kenya,Female
1906,Chemistry,Winner5833,Brazil,Male
1907,Physics,Winner5834,Japan,Female
1908,Peace,Winner5835,Japan,Male
1909,Medicine,Winner5836,Brazil,Female
1910,Economics,Winner5837,Canada,Male
1911,Physics,Winner5838,Israel,Male
1912,Chemistry,Winner5839,Japan,Female
1913,Chemistry,Winner5840,Brazil,Male
1914,Economics,Winner5841,Kenya,Male
1915,Chemistry,Winner5842,USA,Female
1916,Economics,Winner5843,Brazil,Female
1917,Peace,Winner5844,India,Male
1918,Literature,Winner5845,Germany,Male
1919,Physics,Winner5846,Japan,Female
1920,Medicine,Winner5847,Japan,Male
1921,Economics,Winner5848,Canada,Female
1922,Physics,Winner5849,Canada,Female
1923,Peace,Winner5850,Germany,Male
1924,Medicine,Winner5851,USA,Female
1925,Medicine,Winner5852,Kenya,Male
1926,Peace,Winner5853,India,Female
1927,Chemistry,Winner5854,Canada,Male
1928,Economics,Winner5855,UK,Male
1929,Peace,Winner5856,France,Male
1930,Literature,Winner5857,USA,Male
1931,Literature,Winner5858,Canada,Male
1932,Physics,Winner5859,Brazil,Female
1933,Economics,Winner5860,France,Male
1934,Economics,Winner5861,Germany,Male
1935,Medicine,Winner5862,UK,Male
1936,Medicine,Winner5863,USA,Female
1937,Physics,Winner5864,Japan,Female
1938,Chemistry,Winner5865,UK,Female
1939,Chemistry,Winner5866,Israel,Male
1940,Physics,Winner5867,Japan,Male
1941,Physics,Winner5868,Kenya,Female
1942,Peace,Winner5869,France,Male
1943,Literature,Winner5870,Germany,Female
1944,Medicine,Winner5871,UK,Male
1945,Peace,Winner5872,Israel,Male
1946,Peace,Winner5873,Japan,Male
1947,Literature,Winner5874,India,Female
1948,Literature,Winner5875,Brazil,Male
1949,Physics,Winner5876,UK,Male
1950,Economics,Winner5877,Japan,Male
1951,Chemistry,Winner5878,France,Male
1952,Economics,Winner5879,USA,Male
1953,Chemistry,Winner5880,Germany,Male
1954,Chemistry,Winner5881,Japan,Female
1955,Physics,Winner5882,Kenya,Male
1956,Peace,Winner5883,France,Male
1957,Physics,Winner5884,Germany,Female
1958,Economics,Winner5885,Japan,Female
1959,Chemistry,Winner5886,UK,Male
1960,Literature,Winner5887,Canada,Male
1961,Chemistry,Winner5888,India,Male
1962,Peace,Winner5889,France,Female
1963,Physics,Winner5890,UK,Male
1964,Chemistry,Winner5891,UK,Male
1965,Literature,Winner5892,UK,Female
1966,Chemistry,Winner5893,France,Female
1967,Economics,Winner5894,Brazil,Female
1968,Literature,Winner5895,France,Male
1969,Literature,Winner5896,Canada,Male
1970,Peace,Winner5897,Kenya,Female
1971,Medicine,Winner5898,Japan,Male
1972,Economics,Winner5899,USA,Male
1973,Literature,Winner5900,Japan,Female
1974,Peace,Winner5901,Kenya,Male
1975,Peace,Winner5902,UK,Male
1976,Physics,Winner5903,Germany,Male
1977,Peace,Winner5904,Kenya,Female
1978,Economics,Winner5905,Israel,Male
1979,Physics,Winner5906,Brazil,Male
1980,Peace,Winner5907,Germany,Male
1981,Chemistry,Winner5908,USA,Male
1982,Chemistry,Winner5909,Brazil,Male
1983,Medicine,Winner5910,Brazil,Male
1984,Medicine,Winner5911,Japan,Female
1985,Peace,Winner5912,France,Male
1986,Physics,Winner5913,Canada,Female
1987,Chemistry,Winner5914,France,Male
1988,Economics,Winner5915,UK,Male
1989,Peace,Winner5916,Kenya,Male
1990,Literature,Winner5917,Brazil,Male
1991,Economics,Winner5918,India,Female
1992,Chemistry,Winner5919,Japan,Female
1993,Physics,Winner5920,USA,Male
1994,Physics,Winner5921,USA,Male
1995,Physics,Winner5922,India,Male
1996,Economics,Winner5923,Israel,Male
1997,Physics,Winner5924,Germany,Female
1998,Physics,Winner5925,Kenya,Female
1999,Physics,Winner5926,Israel,Male
2000,Economics,Winner5927,France,Female
2001,Medicine,Winner5928,Canada,Male
2002,Peace,Winner5929,Japan,Female
2003,Medicine,Winner5930,France,Male
2004,Peace,Winner5931,France,Female
2005,Medicine,Winner5932,Kenya,Male
2006,Chemistry,Winner5933,France,Female
2007,Peace,Winner5934,Israel,Male
2008,Medicine,Winner5935,Canada,Female
2009,Physics,Winner5936,Brazil,Female
2010,Literature,Winner5937,USA,Male
2011,Peace,Winner5938,USA,Male
2012,Economics,Winner5939,Japan,Male
2013,Literature,Winner5940,India,Female
2014,Physics,Winner5941,India,Female
2015,Peace,Winner5942,France,Female
2016,Literature,Winner5943,Israel,Male
2017,Chemistry,Winner5944,Canada,Male
2018,Medicine,Winner5945,Brazil,Male
2019,Medicine,Winner5946,India,Male
2020,Medicine,Winner5947,Japan,Male
2021,Peace,Winner5948,Canada,Male
2022,Peace,Winner5949,USA,Female
2023,Physics,Winner5950,Canada,Male
2024,Chemistry,Winner5951,Canada,Female
1901,Peace,Winner5952,India,Male
1902,Peace,Winner5953,Brazil,Male
1903,Chemistry,Winner5954,UK,Male
1904,Medicine,Winner5955,USA,Male
1905,Literature,Winner5956,Japan,Male
1906,Peace,Winner5957,Brazil,Male
1907,Medicine,Winner5958,Japan,Male
1908,Peace,Winner5959,Kenya,Female
1909,Chemistry,Winner5960,Brazil,Male
1910,Literature,Winner5961,Germany,Male
1911,Literature,Winner5962,Japan,Male
1912,Chemistry,Winner5963,UK,Male
1913,Economics,Winner5964,Canada,Female
1914,Economics,Winner5965,France,Female
1915,Literature,Winner5966,Japan,Male
1916,Physics,Winner5967,Germany,Female
1917,Economics,Winner5968,France,Female
1918,Economics,Winner5969,Brazil,Female
1919,Chemistry,Winner5970,UK,Female
1920,Medicine,Winner5971,UK,Female
1921,Physics,Winner5972,Canada,Female
1922,Economics,Winner5973,Canada,Male
1923,Medicine,Winner5974,India,Female
1924,Physics,Winner5975,France,Female
1925,Chemistry,Winner5976,India,Female
1926,Peace,Winner5977,France,Female
1927,Chemistry,Winner5978,USA,Male
1928,Literature,Winner5979,Canada,Female
1929,Literature,Winner5980,Japan,Female
1930,Peace,Winner5981,Israel,Male
1931,Chemistry,Winner5982,UK,Female
1932,Chemistry,Winner5983,Brazil,Male
1933,Medicine,Winner5984,India,Male
1934,Literature,Winner5985,Israel,Male
1935,Economics,Winner5986,India,Male
1936,Medicine,Winner5987,USA,Female
1937,Chemistry,Winner5988,Germany,Male
1938,Chemistry,Winner5989,India,Male
1939,Peace,Winner5990,Japan,Female
1940,Economics,Winner5991,UK,Female
1941,Economics,Winner5992,Germany,Male
1942,Physics,Winner5993,UK,Male
1943,Economics,Winner5994,Israel,Female
1944,Peace,Winner5995,Kenya,Male
1945,Peace,Winner5996,USA,Male
1946,Chemistry,Winner5997,Israel,Male
1947,Economics,Winner5998,Germany,Female
1948,Chemistry,Winner5999,France,Female
1949,Economics,Winner6000,India,Male
1950,Physics,Winner6001,Canada,Male
1951,Economics,Winner6002,UK,Male
1952,Peace,Winner6003,Brazil,Female
1953,Medicine,Winner6004,Canada,Male
1954,Literature,Winner6005,Brazil,Female
1955,Peace,Winner6006,Brazil,Male
1956,Physics,Winner6007,France,Male
1957,Physics,Winner6008,USA,Male
1958,Medicine,Winner6009,Canada,Male
1959,Peace,Winner6010,France,Male
1960,Chemistry,Winner6011,Canada,Female
1961,Literature,Winner6012,Kenya,Female
1962,Economics,Winner6013,Japan,Male
1963,Economics,Winner6014,Canada,Male
1964,Peace,Winner6015,Germany,Female
1965,Medicine,Winner6016,Israel,Female
1966,Chemistry,Winner6017,USA,Male
1967,Medicine,Winner6018,Israel,Male
1968,Physics,Winner6019,Brazil,Female
1969,Physics,Winner6020,Brazil,Female
1970,Chemistry,Winner6021,Germany,Female
1971,Peace,Winner6022,Kenya,Female
1972,Physics,Winner6023,Israel,Male
1973,Literature,Winner6024,Germany,Male
1974,Economics,Winner6025,France,Male
1975,Peace,Winner6026,Israel,Male
1976,Physics,Winner6027,Germany,Female
1977,Medicine,Winner6028,India,Female
1978,Literature,Winner6029,UK,Male
1979,Medicine,Winner6030,USA,Female
1980,Chemistry,Winner6031,Brazil,Female
1981,Economics,Winner6032,USA,Female
1982,Economics,Winner6033,USA,Female
1983,Chemistry,Winner6034,Kenya,Female
1984,Literature,Winner6035,Canada,Male
1985,Peace,Winner6036,UK,Male
1986,Economics,Winner6037,France,Female
1987,Physics,Winner6038,USA,Male
1988,Physics,Winner6039,Brazil,Male
1989,Medicine,Winner6040,Canada,Female
1990,Peace,Winner6041,UK,Male
1991,Literature,Winner6042,France,Female
1992,Physics,Winner6043,India,Male
1993,Physics,Winner6044,France,Male
1994,Medicine,Winner6045,India,Female
1995,Physics,Winner6046,Canada,Male
1996,Literature,Winner6047,Israel,Male
1997,Literature,Winner6048,Kenya,Female
1998,Peace,Winner6049,France,Male
1999,Peace,Winner6050,Japan,Female
2000,Economics,Winner6051,USA,Male
2001,Chemistry,Winner6052,Japan,Male
2002,Peace,Winner6053,Kenya,Male
2003,Medicine,Winner6054,Japan,Male
2004,Literature,Winner6055,Brazil,Male
2005,Literature,Winner6056,USA,Male
2006,Chemistry,Winner6057,India,Male
2007,Physics,Winner6058,UK,Female
2008,Literature,Winner6059,USA,Male
2009,Peace,Winner6060,India,Male
2010,Medicine,Winner6061,Japan,Male
2011,Physics,Winner6062,Kenya,Female
2012,Peace,Winner6063,France,Female
2013,Peace,Winner6064,Israel,Female
2014,Peace,Winner6065,Israel,Female
2015,Economics,Winner6066,Japan,Female
2016,Physics,Winner6067,Brazil,Female
2017,Chemistry,Winner6068,Brazil,Female
2018,Peace,Winner6069,Canada,Male
2019,Chemistry,Winner6070,India,Male
2020,Medicine,Winner6071,USA,Female
2021,Peace,Winner6072,Israel,Male
2022,Chemistry,Winner6073,Germany,Male
2023,Chemistry,Winner6074,Germany,Female
2024,Chemistry,Winner6075,Canada,Female
1901,Peace,Winner6076,Brazil,Male
1902,Literature,Winner6077,Israel,Male
1903,Peace,Winner6078,Kenya,Male
1904,Literature,Winner6079,UK,Female
1905,Literature,Winner6080,USA,Female
1906,Chemistry,Winner6081,Germany,Female
1907,Peace,Winner6082,Germany,Male
1908,Medicine,Winner6083,Israel,Female
1909,Economics,Winner6084,Germany,Male
1910,Economics,Winner6085,Brazil,Male
1911,Medicine,Winner6086,USA,Female
1912,Literature,Winner6087,UK,Male
1913,Economics,Winner6088,Israel,Female
1914,Medicine,Winner6089,USA,Male
1915,Literature,Winner6090,Israel,Female
1916,Peace,Winner6091,France,Female
1917,Economics,Winner6092,Japan,Male
1918,Peace,Winner6093,Canada,Female
1919,Medicine,Winner6094,Canada,Male
1920,Chemistry,Winner6095,USA,Female
1921,Literature,Winner6096,UK,Male
1922,Chemistry,Winner6097,Brazil,Female
1923,Peace,Winner6098,India,Male
1924,Medicine,Winner6099,Germany,Female
1925,Literature,Winner6100,Brazil,Male
1926,Chemistry,Winner6101,Israel,Female
1927,Peace,Winner6102,Japan,Male
1928,Physics,Winner6103,France,Female
1929,Chemistry,Winner6104,USA,Male
1930,Economics,Winner6105,Brazil,Female
1931,Peace,Winner6106,Canada,Female
1932,Physics,Winner6107,USA,Male
1933,Literature,Winner6108,Brazil,Male
1934,Physics,Winner6109,UK,Male
1935,Peace,Winner6110,India,Male
1936,Physics,Winner6111,UK,Female
1937,Peace,Winner6112,USA,Female
1938,Physics,Winner6113,Japan,Male
1939,Economics,Winner6114,India,Male
1940,Literature,Winner6115,Canada,Male
1941,Economics,Winner6116,Brazil,Male
1942,Peace,Winner6117,Kenya,Female
1943,Economics,Winner6118,France,Male
1944,Economics,Winner6119,India,Male
1945,Economics,Winner6120,Japan,Female
1946,Physics,Winner6121,Kenya,Female
1947,Literature,Winner6122,Israel,Female
1948,Literature,Winner6123,France,Male
1949,Economics,Winner6124,Kenya,Male
1950,Economics,Winner6125,Canada,Female
1951,Economics,Winner6126,France,Male
1952,Medicine,Winner6127,USA,Male
1953,Economics,Winner6128,Kenya,Female
1954,Literature,Winner6129,USA,Male
1955,Peace,Winner6130,Israel,Male
1956,Medicine,Winner6131,USA,Female
1957,Peace,Winner6132,Brazil,Female
1958,Physics,Winner6133,Germany,Male
1959,Chemistry,Winner6134,Kenya,Male
1960,Physics,Winner6135,France,Female
1961,Medicine,Winner6136,France,Male
1962,Medicine,Winner6137,Canada,Male
1963,Literature,Winner6138,Brazil,Male
1964,Literature,Winner6139,USA,Male
1965,Chemistry,Winner6140,UK,Male
1966,Peace,Winner6141,France,Male
1967,Literature,Winner6142,UK,Male
1968,Literature,Winner6143,Germany,Female
1969,Chemistry,Winner6144,Kenya,Female
1970,Peace,Winner6145,Israel,Female
1971,Literature,Winner6146,UK,Male
1972,Chemistry,Winner6147,Kenya,Male
1973,Economics,Winner6148,Brazil,Female
1974,Medicine,Winner6149,Japan,Male
1975,Economics,Winner6150,France,Female
1976,Physics,Winner6151,France,Female
1977,Medicine,Winner6152,Brazil,Male
1978,Physics,Winner6153,Canada,Female
1979,Medicine,Winner6154,USA,Male
1980,Literature,Winner6155,Germany,Female
1981,Physics,Winner6156,Canada,Female
1982,Peace,Winner6157,UK,Male
1983,Literature,Winner6158,Kenya,Male
1984,Chemistry,Winner6159,UK,Male
1985,Chemistry,Winner6160,UK,Female
1986,Peace,Winner6161,Brazil,Male
1987,Physics,Winner6162,Germany,Female
1988,Peace,Winner6163,Canada,Male
1989,Peace,Winner6164,Brazil,Female
1990,Economics,Winner6165,Kenya,Female
1991,Chemistry,Winner6166,Canada,Male
1992,Peace,Winner6167,Germany,Male
1993,Peace,Winner6168,France,Female
1994,Literature,Winner6169,USA,Female
1995,Chemistry,Winner6170,Israel,Female
1996,Economics,Winner6171,USA,Female
1997,Economics,Winner6172,Israel,Female
1998,Literature,Winner6173,UK,Female
1999,Literature,Winner6174,USA,Female
2000,Literature,Winner6175,Germany,Female
2001,Peace,Winner6176,France,Male
2002,Medicine,Winner6177,USA,Female
2003,Peace,Winner6178,France,Male
2004,Economics,Winner6179,France,Male
2005,Chemistry,Winner6180,India,Female
2006,Economics,Winner6181,France,Male
2007,Literature,Winner6182,India,Male
2008,Medicine,Winner6183,Brazil,Female
2009,Physics,Winner6184,Japan,Female
2010,Peace,Winner6185,France,Male
2011,Peace,Winner6186,France,Male
2012,Peace,Winner6187,France,Female
2013,Peace,Winner6188,Canada,Female
2014,Peace,Winner6189,USA,Female
2015,Chemistry,Winner6190,Canada,Female
2016,Peace,Winner6191,USA,Male
2017,Chemistry,Winner6192,USA,Female
2018,Physics,Winner6193,Israel,Male
2019,Economics,Winner6194,Brazil,Female
2020,Economics,Winner6195,Israel,Female
2021,Peace,Winner6196,Japan,Male
2022,Medicine,Winner6197,Israel,Female
2023,Economics,Winner6198,Israel,Male
2024,Economics,Winner6199,UK,Female
1901,Medicine,Winner6200,Kenya,Female
1902,Physics,Winner6201,Kenya,Male
1903,Medicine,Winner6202,France,Male
1904,Peace,Winner6203,Canada,Female
1905,Literature,Winner6204,Kenya,Male
1906,Peace,Winner6205,France,Male
1907,Peace,Winner6206,Kenya,Female
1908,Literature,Winner6207,UK,Male
1909,Economics,Winner6208,Kenya,Female
1910,Peace,Winner6209,Brazil,Female
1911,Literature,Winner6210,Brazil,Male
1912,Peace,Winner6211,Israel,Female
1913,Peace,Winner6212,Kenya,Male
1914,Chemistry,Winner6213,India,Male
1915,Literature,Winner6214,USA,Female
1916,Economics,Winner6215,Brazil,Male
1917,Literature,Winner6216,France,Male
1918,Medicine,Winner6217,USA,Female
1919,Physics,Winner6218,India,Female
1920,Literature,Winner6219,Israel,Female
1921,Economics,Winner6220,Kenya,Male
1922,Physics,Winner6221,UK,Male
1923,Medicine,Winner6222,Brazil,Male
1924,Economics,Winner6223,India,Female
1925,Medicine,Winner6224,Japan,Male
1926,Peace,Winner6225,Canada,Female
1927,Peace,Winner6226,Canada,Male
1928,Chemistry,Winner6227,India,Female
1929,Chemistry,Winner6228,Germany,Male
1930,Economics,Winner6229,Brazil,Female
1931,Literature,Winner6230,Germany,Male
1932,Peace,Winner6231,Israel,Male
1933,Medicine,Winner6232,Canada,Male
1934,Medicine,Winner6233,UK,Female
1935,Chemistry,Winner6234,Brazil,Female
1936,Economics,Winner6235,Kenya,Male
1937,Medicine,Winner6236,Canada,Male
1938,Peace,Winner6237,France,Female
1939,Peace,Winner6238,Germany,Male
1940,Medicine,Winner6239,Brazil,Female
1941,Physics,Winner6240,Germany,Male
1942,Peace,Winner6241,Canada,Female
1943,Medicine,Winner6242,USA,Female
1944,Peace,Winner6243,Japan,Female
1945,Peace,Winner6244,India,Male
1946,Peace,Winner6245,India,Female
1947,Economics,Winner6246,Japan,Female
1948,Chemistry,Winner6247,USA,Male
1949,Medicine,Winner6248,Israel,Male
1950,Economics,Winner6249,Brazil,Male
1951,Physics,Winner6250,Kenya,Female
1952,Chemistry,Winner6251,USA,Male
1953,Peace,Winner6252,India,Male
1954,Medicine,Winner6253,USA,Male
1955,Medicine,Winner6254,Germany,Female
1956,Medicine,Winner6255,UK,Female
1957,Medicine,Winner6256,Kenya,Male
1958,Medicine,Winner6257,India,Male
1959,Physics,Winner6258,Germany,Male
1960,Medicine,Winner6259,Israel,Male
1961,Literature,Winner6260,Kenya,Male
1962,Chemistry,Winner6261,Canada,Female
1963,Medicine,Winner6262,USA,Male
1964,Peace,Winner6263,Japan,Male
1965,Economics,Winner6264,UK,Female
1966,Physics,Winner6265,USA,Female
1967,Chemistry,Winner6266,Kenya,Female
1968,Peace,Winner6267,Brazil,Male
1969,Economics,Winner6268,Israel,Female
1970,Peace,Winner6269,USA,Male
1971,Literature,Winner6270,USA,Female
1972,Medicine,Winner6271,France,Male
1973,Peace,Winner6272,Brazil,Female
1974,Literature,Winner6273,France,Male
1975,Medicine,Winner6274,Brazil,Female
1976,Literature,Winner6275,USA,Female
1977,Peace,Winner6276,Brazil,Female
1978,Literature,Winner6277,Brazil,Female
1979,Medicine,Winner6278,Japan,Male
1980,Chemistry,Winner6279,Kenya,Female
1981,Peace,Winner6280,India,Female
1982,Peace,Winner6281,India,Female
1983,Medicine,Winner6282,India,Female
1984,Chemistry,Winner6283,Brazil,Male
1985,Medicine,Winner6284,Israel,Male
1986,Physics,Winner6285,Canada,Female
1987,Physics,Winner6286,France,Male
1988,Physics,Winner6287,USA,Male
1989,Medicine,Winner6288,India,Male
1990,Peace,Winner6289,Germany,Male
1991,Chemistry,Winner6290,France,Male
1992,Medicine,Winner6291,India,Male
1993,Chemistry,Winner6292,USA,Female
1994,Medicine,Winner6293,Kenya,Male
1995,Peace,Winner6294,Germany,Female
1996,Peace,Winner6295,France,Male
1997,Medicine,Winner6296,Japan,Female
1998,Peace,Winner6297,Brazil,Female
1999,Literature,Winner6298,Israel,Female
2000,Chemistry,Winner6299,Kenya,Male
2001,Literature,Winner6300,Kenya,Female
2002,Economics,Winner6301,Japan,Female
2003,Chemistry,Winner6302,USA,Male
2004,Medicine,Winner6303,Brazil,Male
2005,Medicine,Winner6304,Japan,Male
2006,Physics,Winner6305,Brazil,Male
2007,Chemistry,Winner6306,Brazil,Male
2008,Economics,Winner6307,France,Male
2009,Physics,Winner6308,France,Male
2010,Peace,Winner6309,France,Male
2011,Economics,Winner6310,Japan,Male
2012,Physics,Winner6311,Canada,Male
2013,Physics,Winner6312,Brazil,Male
2014,Literature,Winner6313,Japan,Female
2015,Chemistry,Winner6314,Germany,Female
2016,Medicine,Winner6315,USA,Male
2017,Literature,Winner6316,Canada,Male
2018,Economics,Winner6317,Kenya,Male
2019,Chemistry,Winner6318,India,Female
2020,Literature,Winner6319,India,Female
2021,Economics,Winner6320,India,Female
2022,Literature,Winner6321,France,Female
2023,Chemistry,Winner6322,Israel,Male
2024,Medicine,Winner6323,France,Male
1901,Peace,Winner6324,Kenya,Female
1902,Economics,Winner6325,Brazil,Male
1903,Economics,Winner6326,UK,Female
1904,Physics,Winner6327,Brazil,Male
1905,Economics,Winner6328,Kenya,Male
1906,Economics,Winner6329,Kenya,Male
1907,Physics,Winner6330,Kenya,Male
1908,Chemistry,Winner6331,Kenya,Male
1909,Peace,Winner6332,Israel,Male
1910,Physics,Winner6333,India,Male
1911,Chemistry,Winner6334,France,Male
1912,Economics,Winner6335,Canada,Male
1913,Physics,Winner6336,Canada,Female
1914,Economics,Winner6337,Israel,Male
1915,Economics,Winner6338,Japan,Male
1916,Peace,Winner6339,Brazil,Male
1917,Chemistry,Winner6340,France,Female
1918,Economics,Winner6341,India,Male
1919,Peace,Winner6342,Brazil,Male
1920,Medicine,Winner6343,Brazil,Female
1921,Medicine,Winner6344,Canada,Male
1922,Literature,Winner6345,Kenya,Female
1923,Chemistry,Winner6346,France,Female
1924,Medicine,Winner6347,Germany,Male
1925,Peace,Winner6348,India,Female
1926,Medicine,Winner6349,Israel,Female
1927,Peace,Winner6350,UK,Male
1928,Literature,Winner6351,Israel,Female
1929,Physics,Winner6352,France,Male
1930,Literature,Winner6353,UK,Male
1931,Physics,Winner6354,India,Male
1932,Economics,Winner6355,Israel,Female
1933,Peace,Winner6356,Kenya,Male
1934,Chemistry,Winner6357,Kenya,Female
1935,Chemistry,Winner6358,Israel,Male
1936,Chemistry,Winner6359,France,Male
1937,Economics,Winner6360,UK,Male
1938,Medicine,Winner6361,Canada,Male
1939,Peace,Winner6362,Germany,Male
1940,Physics,Winner6363,USA,Female
1941,Peace,Winner6364,Kenya,Female
1942,Peace,Winner6365,Brazil,Female
1943,Medicine,Winner6366,Germany,Female
1944,Economics,Winner6367,Brazil,Female
1945,Chemistry,Winner6368,Germany,Female
1946,Physics,Winner6369,USA,Male
1947,Physics,Winner6370,Japan,Female
1948,Chemistry,Winner6371,Canada,Male
1949,Peace,Winner6372,Israel,Female
1950,Physics,Winner6373,Kenya,Male
1951,Medicine,Winner6374,France,Male
1952,Economics,Winner6375,Israel,Male
1953,Physics,Winner6376,France,Male
1954,Economics,Winner6377,Israel,Female
1955,Economics,Winner6378,USA,Male
1956,Medicine,Winner6379,Germany,Female
1957,Medicine,Winner6380,Brazil,Male
1958,Physics,Winner6381,Israel,Male
1959,Physics,Winner6382,Israel,Female
1960,Literature,Winner6383,UK,Male
1961,Economics,Winner6384,Israel,Female
1962,Physics,Winner6385,Israel,Male
1963,Chemistry,Winner6386,Canada,Male
1964,Economics,Winner6387,France,Male
1965,Physics,Winner6388,Germany,Male
1966,Physics,Winner6389,Kenya,Female
1967,Literature,Winner6390,France,Male
1968,Physics,Winner6391,Israel,Male
1969,Physics,Winner6392,UK,Female
1970,Literature,Winner6393,UK,Male
1971,Chemistry,Winner6394,USA,Male
1972,Peace,Winner6395,USA,Female
1973,Chemistry,Winner6396,India,Female
1974,Chemistry,Winner6397,Germany,Male
1975,Physics,Winner6398,Japan,Male
1976,Literature,Winner6399,Canada,Female
1977,Chemistry,Winner6400,Brazil,Male
1978,Economics,Winner6401,France,Female
1979,Economics,Winner6402,Japan,Male
1980,Chemistry,Winner6403,Japan,Male
1981,Physics,Winner6404,UK,Female
1982,Physics,Winner6405,Brazil,Female
1983,Economics,Winner6406,Brazil,Male
1984,Medicine,Winner6407,USA,Female
1985,Chemistry,Winner6408,France,Female
1986,Literature,Winner6409,France,Male
1987,Peace,Winner6410,Germany,Female
1988,Medicine,Winner6411,Canada,Male
1989,Economics,Winner6412,USA,Male
1990,Economics,Winner6413,Israel,Female
1991,Chemistry,Winner6414,Israel,Female
1992,Physics,Winner6415,UK,Male
1993,Literature,Winner6416,UK,Male
1994,Medicine,Winner6417,Germany,Female
1995,Medicine,Winner6418,Brazil,Female
1996,Peace,Winner6419,India,Female
1997,Medicine,Winner6420,France,Male
1998,Physics,Winner6421,Japan,Male
1999,Economics,Winner6422,France,Male
2000,Chemistry,Winner6423,Kenya,Male
2001,Literature,Winner6424,UK,Female
2002,Peace,Winner6425,France,Female
2003,Chemistry,Winner6426,Brazil,Female
2004,Medicine,Winner6427,USA,Male
2005,Peace,Winner6428,Israel,Male
2006,Literature,Winner6429,UK,Female
2007,Literature,Winner6430,Israel,Male
2008,Literature,Winner6431,Germany,Male
2009,Chemistry,Winner6432,Japan,Male
2010,Medicine,Winner6433,India,Female
2011,Chemistry,Winner6434,USA,Male
2012,Economics,Winner6435,Japan,Male
2013,Chemistry,Winner6436,USA,Male
2014,Physics,Winner6437,Israel,Female
2015,Literature,Winner6438,Kenya,Female
2016,Medicine,Winner6439,Canada,Female
2017,Peace,Winner6440,UK,Female
2018,Literature,Winner6441,Israel,Female
2019,Medicine,Winner6442,Japan,Female
2020,Chemistry,Winner6443,Germany,Female
2021,Literature,Winner6444,UK,Male
2022,Medicine,Winner6445,Kenya,Female
2023,Physics,Winner6446,UK,Male
2024,Peace,Winner6447,USA,Male
1901,Peace,Winner6448,UK,Male
1902,Chemistry,Winner6449,USA,Female
1903,Peace,Winner6450,Germany,Male
1904,Literature,Winner6451,Canada,Female
1905,Physics,Winner6452,Kenya,Male
1906,Literature,Winner6453,Brazil,Male
1907,Peace,Winner6454,USA,Male
1908,Economics,Winner6455,India,Female
1909,Physics,Winner6456,France,Male
1910,Economics,Winner6457,UK,Female
1911,Economics,Winner6458,USA,Female
1912,Physics,Winner6459,Germany,Male
1913,Literature,Winner6460,Kenya,Male
1914,Chemistry,Winner6461,USA,Female
1915,Economics,Winner6462,Germany,Female
1916,Physics,Winner6463,USA,Female
1917,Medicine,Winner6464,Brazil,Female
1918,Literature,Winner6465,Japan,Male
1919,Literature,Winner6466,France,Male
1920,Economics,Winner6467,Germany,Male
1921,Physics,Winner6468,Israel,Female
1922,Chemistry,Winner6469,India,Female
1923,Literature,Winner6470,Canada,Female
1924,Peace,Winner6471,Japan,Female
1925,Physics,Winner6472,Germany,Male
1926,Peace,Winner6473,USA,Female
1927,Chemistry,Winner6474,Germany,Female
1928,Chemistry,Winner6475,Kenya,Female
1929,Literature,Winner6476,Canada,Female
1930,Chemistry,Winner6477,UK,Female
1931,Peace,Winner6478,UK,Male
1932,Chemistry,Winner6479,Kenya,Male
1933,Physics,Winner6480,USA,Female
1934,Literature,Winner6481,Canada,Female
1935,Physics,Winner6482,Japan,Female
1936,Economics,Winner6483,Israel,Male
1937,Physics,Winner6484,UK,Male
1938,Literature,Winner6485,Israel,Female
1939,Economics,Winner6486,Kenya,Male
1940,Medicine,Winner6487,USA,Male
1941,Economics,Winner6488,Japan,Male
1942,Peace,Winner6489,Brazil,Male
1943,Economics,Winner6490,Israel,Female
1944,Peace,Winner6491,USA,Female
1945,Chemistry,Winner6492,UK,Female
1946,Chemistry,Winner6493,USA,Female
1947,Peace,Winner6494,Israel,Male
1948,Peace,Winner6495,Japan,Female
1949,Literature,Winner6496,Israel,Female
1950,Economics,Winner6497,Germany,Male
1951,Chemistry,Winner6498,Kenya,Female
1952,Economics,Winner6499,UK,Female
1953,Literature,Winner6500,Israel,Female
1954,Physics,Winner6501,Canada,Female
1955,Physics,Winner6502,France,Male
1956,Literature,Winner6503,Japan,Male
1957,Literature,Winner6504,Kenya,Female
1958,Chemistry,Winner6505,Germany,Male
1959,Medicine,Winner6506,Canada,Male
1960,Chemistry,Winner6507,Brazil,Female
1961,Peace,Winner6508,Israel,Male
1962,Peace,Winner6509,Kenya,Male
1963,Physics,Winner6510,Japan,Male
1964,Literature,Winner6511,France,Male
1965,Chemistry,Winner6512,Kenya,Male
1966,Peace,Winner6513,Kenya,Male
1967,Physics,Winner6514,UK,Female
1968,Physics,Winner6515,France,Male
1969,Economics,Winner6516,Japan,Male
1970,Peace,Winner6517,UK,Male
1971,Medicine,Winner6518,Israel,Female
1972,Chemistry,Winner6519,UK,Male
1973,Literature,Winner6520,USA,Female
1974,Economics,Winner6521,Brazil,Male
1975,Physics,Winner6522,Brazil,Female
1976,Medicine,Winner6523,Japan,Male
1977,Chemistry,Winner6524,UK,Female
1978,Medicine,Winner6525,Brazil,Male
1979,Peace,Winner6526,Kenya,Female
1980,Literature,Winner6527,USA,Male
1981,Physics,Winner6528,USA,Female
1982,Peace,Winner6529,USA,Female
1983,Literature,Winner6530,India,Female
1984,Economics,Winner6531,UK,Male
1985,Chemistry,Winner6532,Canada,Male
1986,Medicine,Winner6533,Israel,Female
1987,Physics,Winner6534,UK,Male
1988,Peace,Winner6535,Kenya,Female
1989,Chemistry,Winner6536,Israel,Female
1990,Peace,Winner6537,Brazil,Male
1991,Literature,Winner6538,Canada,Female
1992,Economics,Winner6539,USA,Female
1993,Physics,Winner6540,Israel,Female
1994,Chemistry,Winner6541,UK,Female
1995,Physics,Winner6542,Israel,Female
1996,Physics,Winner6543,India,Female
1997,Physics,Winner6544,Kenya,Male
1998,Chemistry,Winner6545,Kenya,Female
1999,Economics,Winner6546,Brazil,Male
2000,Medicine,Winner6547,Canada,Female
2001,Physics,Winner6548,Kenya,Female
2002,Chemistry,Winner6549,Japan,Male
2003,Peace,Winner6550,Canada,Female
2004,Peace,Winner6551,Canada,Female
2005,Peace,Winner6552,Germany,Female
2006,Peace,Winner6553,Canada,Male
2007,Medicine,Winner6554,Kenya,Female
2008,Chemistry,Winner6555,UK,Female
2009,Physics,Winner6556,France,Female
2010,Physics,Winner6557,Canada,Male
2011,Chemistry,Winner6558,India,Male
2012,Economics,Winner6559,Canada,Female
2013,Peace,Winner6560,Brazil,Male
2014,Physics,Winner6561,Brazil,Male
2015,Medicine,Winner6562,Brazil,Female
2016,Peace,Winner6563,Brazil,Male
2017,Peace,Winner6564,USA,Female
2018,Chemistry,Winner6565,Japan,Female
2019,Literature,Winner6566,France,Female
2020,Peace,Winner6567,Israel,Male
2021,Literature,Winner6568,USA,Male
2022,Physics,Winner6569,Japan,Male
2023,Chemistry,Winner6570,UK,Male
2024,Medicine,Winner6571,Israel,Male
1901,Chemistry,Winner6572,Canada,Male
1902,Chemistry,Winner6573,Germany,Female
1903,Economics,Winner6574,Canada,Male
1904,Medicine,Winner6575,France,Male
1905,Physics,Winner6576,Japan,Female
1906,Peace,Winner6577,Brazil,Male
1907,Literature,Winner6578,India,Male
1908,Chemistry,Winner6579,India,Female
1909,Medicine,Winner6580,Kenya,Male
1910,Medicine,Winner6581,UK,Male
1911,Literature,Winner6582,India,Male
1912,Chemistry,Winner6583,Japan,Female
1913,Physics,Winner6584,Israel,Female
1914,Literature,Winner6585,UK,Female
1915,Economics,Winner6586,Kenya,Male
1916,Peace,Winner6587,France,Female
1917,Peace,Winner6588,Brazil,Male
1918,Peace,Winner6589,Brazil,Male
1919,Literature,Winner6590,Kenya,Male
1920,Physics,Winner6591,Japan,Male
1921,Literature,Winner6592,Japan,Female
1922,Peace,Winner6593,UK,Male
1923,Medicine,Winner6594,Israel,Male
1924,Literature,Winner6595,Canada,Female
1925,Peace,Winner6596,Canada,Male
1926,Economics,Winner6597,Israel,Female
1927,Economics,Winner6598,Israel,Female
1928,Medicine,Winner6599,Brazil,Female
1929,Peace,Winner6600,Japan,Male
1930,Medicine,Winner6601,India,Female
1931,Medicine,Winner6602,USA,Male
1932,Physics,Winner6603,Israel,Male
1933,Economics,Winner6604,Israel,Male
1934,Physics,Winner6605,Kenya,Female
1935,Chemistry,Winner6606,Canada,Male
1936,Medicine,Winner6607,UK,Male
1937,Literature,Winner6608,UK,Female
1938,Economics,Winner6609,USA,Male
1939,Peace,Winner6610,Brazil,Female
1940,Chemistry,Winner6611,Canada,Female
1941,Chemistry,Winner6612,Canada,Male
1942,Physics,Winner6613,Brazil,Female
1943,Medicine,Winner6614,India,Male
1944,Literature,Winner6615,Kenya,Male
1945,Physics,Winner6616,USA,Female
1946,Chemistry,Winner6617,Japan,Female
1947,Chemistry,Winner6618,USA,Female
1948,Literature,Winner6619,Canada,Female
1949,Economics,Winner6620,Brazil,Female
1950,Literature,Winner6621,Kenya,Female
1951,Physics,Winner6622,India,Female
1952,Medicine,Winner6623,France,Male
1953,Medicine,Winner6624,India,Female
1954,Medicine,Winner6625,Kenya,Female
1955,Medicine,Winner6626,Brazil,Male
1956,Peace,Winner6627,Kenya,Female
1957,Medicine,Winner6628,Germany,Male
1958,Peace,Winner6629,Israel,Male
1959,Literature,Winner6630,France,Male
1960,Medicine,Winner6631,Japan,Female
1961,Literature,Winner6632,France,Male
1962,Literature,Winner6633,India,Female
1963,Physics,Winner6634,UK,Female
1964,Economics,Winner6635,India,Female
1965,Chemistry,Winner6636,USA,Male
1966,Economics,Winner6637,Canada,Male
1967,Chemistry,Winner6638,UK,Male
1968,Chemistry,Winner6639,Japan,Male
1969,Literature,Winner6640,Canada,Female
1970,Economics,Winner6641,Kenya,Female
1971,Literature,Winner6642,France,Female
1972,Peace,Winner6643,UK,Female
1973,Physics,Winner6644,UK,Male
1974,Chemistry,Winner6645,Japan,Male
1975,Physics,Winner6646,India,Female
1976,Peace,Winner6647,Brazil,Female
1977,Physics,Winner6648,USA,Male
1978,Physics,Winner6649,Kenya,Female
1979,Literature,Winner6650,Kenya,Male
1980,Chemistry,Winner6651,UK,Male
1981,Peace,Winner6652,Israel,Female
1982,Literature,Winner6653,USA,Female
1983,Literature,Winner6654,France,Female
1984,Medicine,Winner6655,France,Female
1985,Physics,Winner6656,France,Male
1986,Chemistry,Winner6657,USA,Male
1987,Peace,Winner6658,Japan,Male
1988,Economics,Winner6659,Kenya,Female
1989,Chemistry,Winner6660,Canada,Female
1990,Economics,Winner6661,Israel,Female
1991,Peace,Winner6662,USA,Female
1992,Peace,Winner6663,India,Male
1993,Medicine,Winner6664,Japan,Male
1994,Medicine,Winner6665,France,Male
1995,Economics,Winner6666,Brazil,Male
1996,Peace,Winner6667,India,Female
1997,Medicine,Winner6668,Japan,Male
1998,Physics,Winner6669,Canada,Female
1999,Medicine,Winner6670,India,Female
2000,Economics,Winner6671,Kenya,Female
2001,Economics,Winner6672,France,Male
2002,Physics,Winner6673,UK,Male
2003,Chemistry,Winner6674,France,Female
2004,Medicine,Winner6675,Brazil,Female
2005,Economics,Winner6676,Israel,Male
2006,Literature,Winner6677,Kenya,Female
2007,Chemistry,Winner6678,Germany,Female
2008,Economics,Winner6679,France,Female
2009,Chemistry,Winner6680,USA,Male
2010,Peace,Winner6681,Brazil,Female
2011,Economics,Winner6682,France,Male
2012,Literature,Winner6683,India,Male
2013,Economics,Winner6684,Brazil,Male
2014,Physics,Winner6685,Israel,Female
2015,Chemistry,Winner6686,USA,Female
2016,Medicine,Winner6687,Germany,Male
2017,Literature,Winner6688,Israel,Male
2018,Medicine,Winner6689,Brazil,Male
2019,Medicine,Winner6690,Israel,Male
2020,Medicine,Winner6691,Germany,Female
2021,Physics,Winner6692,USA,Male
2022,Peace,Winner6693,UK,Female
2023,Literature,Winner6694,Kenya,Female
2024,Peace,Winner6695,UK,Female
1901,Medicine,Winner6696,France,Female
1902,Medicine,Winner6697,Japan,Female
1903,Medicine,Winner6698,Japan,Female
1904,Physics,Winner6699,Brazil,Male
1905,Peace,Winner6700,India,Male
1906,Literature,Winner6701,Israel,Male
1907,Literature,Winner6702,Brazil,Male
1908,Physics,Winner6703,India,Male
1909,Economics,Winner6704,Israel,Male
1910,Chemistry,Winner6705,Brazil,Female
1911,Peace,Winner6706,Brazil,Female
1912,Peace,Winner6707,Canada,Female
1913,Peace,Winner6708,Brazil,Male
1914,Economics,Winner6709,Israel,Male
1915,Medicine,Winner6710,India,Female
1916,Peace,Winner6711,France,Female
1917,Physics,Winner6712,Japan,Female
1918,Economics,Winner6713,France,Female
1919,Literature,Winner6714,Germany,Male
1920,Physics,Winner6715,Israel,Female
1921,Economics,Winner6716,Japan,Male
1922,Medicine,Winner6717,France,Male
1923,Peace,Winner6718,Germany,Female
1924,Chemistry,Winner6719,Brazil,Male
1925,Chemistry,Winner6720,Israel,Male
1926,Chemistry,Winner6721,UK,Female
1927,Physics,Winner6722,Canada,Male
1928,Peace,Winner6723,Germany,Male
1929,Peace,Winner6724,Brazil,Male
1930,Economics,Winner6725,Israel,Male
1931,Chemistry,Winner6726,France,Male
1932,Physics,Winner6727,UK,Male
1933,Chemistry,Winner6728,Germany,Male
1934,Physics,Winner6729,USA,Male
1935,Economics,Winner6730,Brazil,Female
1936,Literature,Winner6731,Canada,Female
1937,Physics,Winner6732,USA,Male
1938,Peace,Winner6733,Israel,Female
1939,Economics,Winner6734,Canada,Male
1940,Physics,Winner6735,Brazil,Male
1941,Medicine,Winner6736,Germany,Female
1942,Literature,Winner6737,UK,Female
1943,Physics,Winner6738,Germany,Female
1944,Medicine,Winner6739,Germany,Male
1945,Peace,Winner6740,Brazil,Male
1946,Literature,Winner6741,Japan,Female
1947,Peace,Winner6742,France,Male
1948,Medicine,Winner6743,Japan,Female
1949,Peace,Winner6744,India,Male
1950,Physics,Winner6745,USA,Male
1951,Economics,Winner6746,USA,Female
1952,Literature,Winner6747,France,Male
1953,Medicine,Winner6748,Japan,Female
1954,Economics,Winner6749,Israel,Female
1955,Literature,Winner6750,UK,Female
1956,Physics,Winner6751,USA,Female
1957,Literature,Winner6752,Canada,Female
1958,Medicine,Winner6753,UK,Male
1959,Physics,Winner6754,Canada,Female
1960,Medicine,Winner6755,UK,Male
1961,Economics,Winner6756,Germany,Female
1962,Physics,Winner6757,Kenya,Female
1963,Physics,Winner6758,Canada,Female
1964,Peace,Winner6759,Kenya,Male
1965,Peace,Winner6760,Israel,Male
1966,Medicine,Winner6761,Brazil,Male
1967,Literature,Winner6762,Canada,Male
1968,Medicine,Winner6763,Brazil,Male
1969,Literature,Winner6764,Brazil,Female
1970,Chemistry,Winner6765,Canada,Female
1971,Physics,Winner6766,Brazil,Male
1972,Peace,Winner6767,Canada,Male
1973,Literature,Winner6768,Brazil,Female
1974,Peace,Winner6769,UK,Female
1975,Physics,Winner6770,India,Female
1976,Chemistry,Winner6771,India,Female
1977,Physics,Winner6772,Israel,Female
1978,Literature,Winner6773,USA,Male
1979,Chemistry,Winner6774,USA,Male
1980,Chemistry,Winner6775,Canada,Female
1981,Literature,Winner6776,Brazil,Male
1982,Literature,Winner6777,USA,Female
1983,Physics,Winner6778,Brazil,Male
1984,Peace,Winner6779,India,Male
1985,Physics,Winner6780,Kenya,Female
1986,Medicine,Winner6781,Brazil,Female
1987,Physics,Winner6782,Kenya,Female
1988,Literature,Winner6783,Japan,Male
1989,Economics,Winner6784,France,Female
1990,Medicine,Winner6785,Canada,Male
1991,Physics,Winner6786,UK,Male
1992,Medicine,Winner6787,UK,Female
1993,Chemistry,Winner6788,Canada,Female
1994,Chemistry,Winner6789,France,Male
1995,Peace,Winner6790,Kenya,Female
1996,Peace,Winner6791,Israel,Male
1997,Literature,Winner6792,USA,Female
1998,Economics,Winner6793,India,Female
1999,Chemistry,Winner6794,UK,Female
2000,Economics,Winner6795,Japan,Female
2001,Literature,Winner6796,USA,Female
2002,Literature,Winner6797,Brazil,Male
2003,Physics,Winner6798,Israel,Male
2004,Chemistry,Winner6799,India,Female
2005,Physics,Winner6800,Israel,Male
2006,Economics,Winner6801,USA,Male
2007,Economics,Winner6802,Canada,Male
2008,Economics,Winner6803,India,Female
2009,Medicine,Winner6804,USA,Female
2010,Chemistry,Winner6805,Germany,Male
2011,Medicine,Winner6806,Kenya,Male
2012,Peace,Winner6807,France,Female
2013,Economics,Winner6808,Japan,Male
2014,Physics,Winner6809,UK,Female
2015,Peace,Winner6810,Brazil,Male
2016,Chemistry,Winner6811,Japan,Female
2017,Chemistry,Winner6812,UK,Male
2018,Literature,Winner6813,UK,Female
2019,Peace,Winner6814,India,Male
2020,Literature,Winner6815,UK,Male
2021,Medicine,Winner6816,Brazil,Male
2022,Physics,Winner6817,UK,Female
2023,Physics,Winner6818,Israel,Male
2024,Literature,Winner6819,UK,Male
1901,Medicine,Winner6820,France,Female
1902,Physics,Winner6821,USA,Female
1903,Chemistry,Winner6822,Kenya,Male
1904,Peace,Winner6823,France,Male
1905,Physics,Winner6824,USA,Female
1906,Physics,Winner6825,Canada,Female
1907,Economics,Winner6826,USA,Male
1908,Literature,Winner6827,Japan,Male
1909,Peace,Winner6828,Israel,Female
1910,Peace,Winner6829,India,Female
1911,Chemistry,Winner6830,France,Female
1912,Literature,Winner6831,Israel,Male
1913,Literature,Winner6832,India,Male
1914,Peace,Winner6833,Japan,Female
1915,Literature,Winner6834,UK,Female
1916,Economics,Winner6835,UK,Male
1917,Literature,Winner6836,Germany,Female
1918,Peace,Winner6837,UK,Male
1919,Economics,Winner6838,UK,Male
1920,Medicine,Winner6839,India,Male
1921,Chemistry,Winner6840,India,Female
1922,Chemistry,Winner6841,France,Male
1923,Literature,Winner6842,Japan,Male
1924,Economics,Winner6843,India,Female
1925,Medicine,Winner6844,Brazil,Male
1926,Medicine,Winner6845,France,Female
1927,Peace,Winner6846,USA,Female
1928,Medicine,Winner6847,Brazil,Female
1929,Physics,Winner6848,Canada,Female
1930,Chemistry,Winner6849,Israel,Male
1931,Economics,Winner6850,Japan,Female
1932,Peace,Winner6851,Brazil,Male
1933,Peace,Winner6852,Japan,Male
1934,Medicine,Winner6853,Germany,Female
1935,Economics,Winner6854,Japan,Female
1936,Chemistry,Winner6855,Brazil,Male
1937,Medicine,Winner6856,India,Male
1938,Literature,Winner6857,Kenya,Female
1939,Economics,Winner6858,USA,Female
1940,Medicine,Winner6859,Kenya,Female
1941,Medicine,Winner6860,UK,Female
1942,Literature,Winner6861,France,Male
1943,Peace,Winner6862,France,Male
1944,Peace,Winner6863,USA,Female
1945,Medicine,Winner6864,UK,Male
1946,Literature,Winner6865,Japan,Male
1947,Economics,Winner6866,Israel,Male
1948,Chemistry,Winner6867,UK,Male
1949,Physics,Winner6868,Kenya,Female
1950,Physics,Winner6869,Israel,Male
1951,Chemistry,Winner6870,India,Female
1952,Economics,Winner6871,Kenya,Female
1953,Physics,Winner6872,France,Male
1954,Economics,Winner6873,USA,Female
1955,Economics,Winner6874,Israel,Female
1956,Chemistry,Winner6875,India,Female
1957,Economics,Winner6876,UK,Male
1958,Physics,Winner6877,UK,Male
1959,Chemistry,Winner6878,Kenya,Female
1960,Peace,Winner6879,India,Male
1961,Physics,Winner6880,France,Female
1962,Economics,Winner6881,USA,Male
1963,Medicine,Winner6882,UK,Female
1964,Chemistry,Winner6883,France,Female
1965,Economics,Winner6884,Israel,Female
1966,Literature,Winner6885,Israel,Female
1967,Physics,Winner6886,Kenya,Female
1968,Physics,Winner6887,Kenya,Male
1969,Literature,Winner6888,Germany,Male
1970,Literature,Winner6889,Israel,Male
1971,Medicine,Winner6890,Israel,Female
1972,Economics,Winner6891,USA,Male
1973,Economics,Winner6892,UK,Male
1974,Physics,Winner6893,Canada,Female
1975,Economics,Winner6894,Israel,Male
1976,Medicine,Winner6895,USA,Male
1977,Economics,Winner6896,Israel,Male
1978,Physics,Winner6897,Japan,Female
1979,Chemistry,Winner6898,USA,Male
1980,Literature,Winner6899,USA,Female
1981,Physics,Winner6900,UK,Female
1982,Economics,Winner6901,Israel,Male
1983,Chemistry,Winner6902,India,Male
1984,Peace,Winner6903,India,Female
1985,Chemistry,Winner6904,India,Female
1986,Chemistry,Winner6905,USA,Female
1987,Literature,Winner6906,UK,Male
1988,Physics,Winner6907,Canada,Female
1989,Peace,Winner6908,Israel,Male
1990,Economics,Winner6909,USA,Female
1991,Peace,Winner6910,Canada,Male
1992,Physics,Winner6911,Brazil,Female
1993,Economics,Winner6912,Kenya,Female
1994,Medicine,Winner6913,USA,Male
1995,Literature,Winner6914,Brazil,Female
1996,Economics,Winner6915,France,Male
1997,Economics,Winner6916,Germany,Female
1998,Medicine,Winner6917,Israel,Female
1999,Chemistry,Winner6918,USA,Male
2000,Literature,Winner6919,Kenya,Female
2001,Literature,Winner6920,France,Female
2002,Medicine,Winner6921,USA,Male
2003,Chemistry,Winner6922,India,Male
2004,Physics,Winner6923,Kenya,Male
2005,Literature,Winner6924,India,Female
2006,Chemistry,Winner6925,Canada,Male
2007,Medicine,Winner6926,UK,Female
2008,Peace,Winner6927,Japan,Male
2009,Peace,Winner6928,USA,Male
2010,Economics,Winner6929,Israel,Male
2011,Chemistry,Winner6930,Germany,Female
2012,Medicine,Winner6931,UK,Male
2013,Physics,Winner6932,USA,Male
2014,Economics,Winner6933,Canada,Male
2015,Medicine,Winner6934,Germany,Male
2016,Economics,Winner6935,Brazil,Female
2017,Peace,Winner6936,Japan,Male
2018,Physics,Winner6937,France,Male
2019,Physics,Winner6938,Canada,Female
2020,Literature,Winner6939,Germany,Male
2021,Peace,Winner6940,USA,Female
2022,Economics,Winner6941,India,Female
2023,Medicine,Winner6942,Israel,Female
2024,Medicine,Winner6943,Israel,Male
1901,Physics,Winner6944,France,Female
1902,Medicine,Winner6945,France,Female
1903,Physics,Winner6946,Germany,Male
1904,Literature,Winner6947,France,Male
1905,Economics,Winner6948,France,Female
1906,Medicine,Winner6949,India,Male
1907,Physics,Winner6950,Japan,Female
1908,Literature,Winner6951,USA,Male
1909,Physics,Winner6952,Kenya,Male
1910,Physics,Winner6953,India,Male
1911,Chemistry,Winner6954,Brazil,Male
1912,Chemistry,Winner6955,Germany,Female
1913,Economics,Winner6956,France,Male
1914,Economics,Winner6957,Israel,Male
1915,Physics,Winner6958,India,Male
1916,Peace,Winner6959,Israel,Female
1917,Economics,Winner6960,USA,Female
1918,Peace,Winner6961,UK,Female
1919,Physics,Winner6962,UK,Female
1920,Chemistry,Winner6963,Brazil,Female
1921,Medicine,Winner6964,Brazil,Male
1922,Economics,Winner6965,Israel,Female
1923,Peace,Winner6966,Kenya,Female
1924,Chemistry,Winner6967,UK,Female
1925,Peace,Winner6968,Brazil,Male
1926,Economics,Winner6969,USA,Female
1927,Chemistry,Winner6970,Kenya,Male
1928,Physics,Winner6971,Brazil,Female
1929,Peace,Winner6972,France,Female
1930,Chemistry,Winner6973,Brazil,Female
1931,Medicine,Winner6974,Japan,Male
1932,Economics,Winner6975,UK,Male
1933,Chemistry,Winner6976,Kenya,Male
1934,Physics,Winner6977,USA,Male
1935,Peace,Winner6978,Germany,Female
1936,Peace,Winner6979,France,Male
1937,Chemistry,Winner6980,France,Male
1938,Medicine,Winner6981,UK,Female
1939,Medicine,Winner6982,Kenya,Female
1940,Economics,Winner6983,Germany,Male
1941,Economics,Winner6984,Brazil,Male
1942,Physics,Winner6985,Canada,Female
1943,Peace,Winner6986,Israel,Male
1944,Economics,Winner6987,USA,Male
1945,Economics,Winner6988,USA,Male
1946,Physics,Winner6989,Germany,Male
1947,Medicine,Winner6990,France,Male
1948,Chemistry,Winner6991,France,Female
1949,Literature,Winner6992,India,Male
1950,Economics,Winner6993,UK,Male
1951,Medicine,Winner6994,Germany,Male
1952,Chemistry,Winner6995,Brazil,Male
1953,Literature,Winner6996,India,Male
1954,Literature,Winner6997,Japan,Female
1955,Chemistry,Winner6998,USA,Male
1956,Medicine,Winner6999,Israel,Male
1957,Literature,Winner7000,Kenya,Female
1958,Medicine,Winner7001,Canada,Male
1959,Peace,Winner7002,Brazil,Male
1960,Chemistry,Winner7003,UK,Male
1961,Economics,Winner7004,France,Male
1962,Literature,Winner7005,UK,Female
1963,Medicine,Winner7006,Canada,Male
1964,Chemistry,Winner7007,Israel,Male
1965,Physics,Winner7008,USA,Female
1966,Chemistry,Winner7009,Brazil,Female
1967,Physics,Winner7010,Israel,Female
1968,Literature,Winner7011,France,Male
1969,Peace,Winner7012,UK,Male
1970,Physics,Winner7013,Canada,Female
1971,Physics,Winner7014,Brazil,Male
1972,Medicine,Winner7015,Canada,Female
1973,Literature,Winner7016,Canada,Female
1974,Physics,Winner7017,Canada,Male
1975,Economics,Winner7018,Canada,Male
1976,Physics,Winner7019,Israel,Female
1977,Medicine,Winner7020,India,Male
1978,Medicine,Winner7021,Israel,Female
1979,Medicine,Winner7022,Japan,Male
1980,Literature,Winner7023,Canada,Female
1981,Chemistry,Winner7024,Japan,Male
1982,Economics,Winner7025,Germany,Female
1983,Medicine,Winner7026,USA,Female
1984,Economics,Winner7027,Israel,Female
1985,Chemistry,Winner7028,Kenya,Male
1986,Chemistry,Winner7029,France,Female
1987,Chemistry,Winner7030,Canada,Male
1988,Physics,Winner7031,Japan,Male
1989,Medicine,Winner7032,Germany,Female
1990,Economics,Winner7033,France,Female
1991,Economics,Winner7034,Brazil,Female
1992,Medicine,Winner7035,France,Male
1993,Economics,Winner7036,Brazil,Male
1994,Peace,Winner7037,Kenya,Male
1995,Economics,Winner7038,Israel,Female
1996,Chemistry,Winner7039,Germany,Female
1997,Economics,Winner7040,UK,Female
1998,Medicine,Winner7041,Germany,Male
1999,Peace,Winner7042,India,Male
2000,Chemistry,Winner7043,Japan,Female
2001,Chemistry,Winner7044,India,Male
2002,Medicine,Winner7045,Brazil,Male
2003,Chemistry,Winner7046,Germany,Female
2004,Chemistry,Winner7047,USA,Male
2005,Physics,Winner7048,UK,Female
2006,Economics,Winner7049,Brazil,Female
2007,Literature,Winner7050,USA,Female
2008,Economics,Winner7051,Japan,Female
2009,Literature,Winner7052,Canada,Female
2010,Literature,Winner7053,India,Female
2011,Literature,Winner7054,Israel,Female
2012,Economics,Winner7055,India,Male
2013,Medicine,Winner7056,Germany,Female
2014,Medicine,Winner7057,Israel,Female
2015,Medicine,Winner7058,Canada,Female
2016,Economics,Winner7059,Israel,Female
2017,Physics,Winner7060,Canada,Male
2018,Medicine,Winner7061,France,Male
2019,Chemistry,Winner7062,India,Female
2020,Medicine,Winner7063,USA,Male
2021,Peace,Winner7064,India,Female
2022,Peace,Winner7065,UK,Female
2023,Chemistry,Winner7066,Canada,Male
2024,Medicine,Winner7067,India,Female
1901,Literature,Winner7068,Japan,Female
1902,Chemistry,Winner7069,UK,Male
1903,Physics,Winner7070,Kenya,Female
1904,Chemistry,Winner7071,Germany,Female
1905,Economics,Winner7072,Israel,Male
1906,Medicine,Winner7073,France,Female
1907,Physics,Winner7074,Japan,Male
1908,Economics,Winner7075,Japan,Male
1909,Chemistry,Winner7076,France,Female
1910,Physics,Winner7077,Japan,Female
1911,Medicine,Winner7078,Germany,Male
1912,Literature,Winner7079,Israel,Female
1913,Chemistry,Winner7080,Kenya,Male
1914,Physics,Winner7081,USA,Male
1915,Peace,Winner7082,UK,Female
1916,Peace,Winner7083,India,Male
1917,Chemistry,Winner7084,UK,Male
1918,Medicine,Winner7085,Brazil,Female
1919,Physics,Winner7086,Brazil,Female
1920,Medicine,Winner7087,France,Male
1921,Medicine,Winner7088,Japan,Male
1922,Literature,Winner7089,Brazil,Female
1923,Medicine,Winner7090,Japan,Female
1924,Physics,Winner7091,UK,Female
1925,Chemistry,Winner7092,France,Male
1926,Economics,Winner7093,Brazil,Female
1927,Medicine,Winner7094,France,Male
1928,Literature,Winner7095,Kenya,Female
1929,Chemistry,Winner7096,Israel,Female
1930,Literature,Winner7097,India,Female
1931,Chemistry,Winner7098,Germany,Female
1932,Physics,Winner7099,UK,Female
1933,Physics,Winner7100,USA,Female
1934,Chemistry,Winner7101,Kenya,Male
1935,Physics,Winner7102,India,Female
1936,Economics,Winner7103,Brazil,Male
1937,Physics,Winner7104,USA,Male
1938,Literature,Winner7105,France,Male
1939,Physics,Winner7106,Japan,Male
1940,Medicine,Winner7107,Kenya,Male
1941,Physics,Winner7108,Canada,Male
1942,Peace,Winner7109,Japan,Male
1943,Peace,Winner7110,UK,Male
1944,Literature,Winner7111,Brazil,Male
1945,Literature,Winner7112,France,Male
1946,Chemistry,Winner7113,UK,Male
1947,Literature,Winner7114,Israel,Female
1948,Medicine,Winner7115,France,Female
1949,Chemistry,Winner7116,USA,Male
1950,Peace,Winner7117,Kenya,Male
1951,Medicine,Winner7118,France,Female
1952,Peace,Winner7119,India,Male
1953,Chemistry,Winner7120,France,Male
1954,Chemistry,Winner7121,Kenya,Male
1955,Economics,Winner7122,Israel,Male
1956,Peace,Winner7123,Israel,Male
1957,Physics,Winner7124,Japan,Female
1958,Literature,Winner7125,Germany,Female
1959,Chemistry,Winner7126,France,Male
1960,Literature,Winner7127,Canada,Male
1961,Peace,Winner7128,India,Male
1962,Literature,Winner7129,Canada,Male
1963,Physics,Winner7130,Brazil,Female
1964,Physics,Winner7131,Brazil,Male
1965,Literature,Winner7132,Israel,Female
1966,Physics,Winner7133,Brazil,Male
1967,Chemistry,Winner7134,Canada,Male
1968,Physics,Winner7135,USA,Female
1969,Physics,Winner7136,France,Female
1970,Physics,Winner7137,India,Male
1971,Peace,Winner7138,Brazil,Male
1972,Economics,Winner7139,UK,Female
1973,Economics,Winner7140,Canada,Female
1974,Peace,Winner7141,Japan,Female
1975,Literature,Winner7142,Germany,Female
1976,Literature,Winner7143,Japan,Male
1977,Chemistry,Winner7144,Germany,Male
1978,Economics,Winner7145,France,Male
1979,Chemistry,Winner7146,Brazil,Male
1980,Economics,Winner7147,UK,Female
1981,Medicine,Winner7148,France,Female
1982,Peace,Winner7149,Israel,Male
1983,Economics,Winner7150,France,Male
1984,Economics,Winner7151,India,Female
1985,Physics,Winner7152,Canada,Male
1986,Peace,Winner7153,India,Male
1987,Medicine,Winner7154,USA,Female
1988,Chemistry,Winner7155,Kenya,Male
1989,Physics,Winner7156,UK,Male
1990,Medicine,Winner7157,Canada,Female
1991,Medicine,Winner7158,UK,Male
1992,Physics,Winner7159,Kenya,Female
1993,Chemistry,Winner7160,Brazil,Female
1994,Physics,Winner7161,Brazil,Female
1995,Chemistry,Winner7162,USA,Male
1996,Chemistry,Winner7163,Canada,Male
1997,Literature,Winner7164,USA,Female
1998,Economics,Winner7165,Canada,Male
1999,Peace,Winner7166,Kenya,Female
2000,Literature,Winner7167,UK,Female
2001,Economics,Winner7168,Japan,Female
2002,Physics,Winner7169,India,Female
2003,Medicine,Winner7170,Israel,Male
2004,Chemistry,Winner7171,UK,Female
2005,Physics,Winner7172,Canada,Female
2006,Physics,Winner7173,UK,Female
2007,Medicine,Winner7174,Canada,Female
2008,Physics,Winner7175,Israel,Male
2009,Peace,Winner7176,Canada,Male
2010,Peace,Winner7177,India,Female
2011,Peace,Winner7178,Kenya,Female
2012,Chemistry,Winner7179,USA,Female
2013,Physics,Winner7180,France,Male
2014,Medicine,Winner7181,France,Female
2015,Chemistry,Winner7182,USA,Male
2016,Peace,Winner7183,Kenya,Male
2017,Chemistry,Winner7184,UK,Male
2018,Medicine,Winner7185,UK,Male
2019,Peace,Winner7186,Germany,Female
2020,Peace,Winner7187,Canada,Female
2021,Peace,Winner7188,Israel,Female
2022,Literature,Winner7189,USA,Female
2023,Chemistry,Winner7190,UK,Male
2024,Literature,Winner7191,Kenya,Female
1901,Chemistry,Winner7192,UK,Male
1902,Chemistry,Winner7193,Kenya,Female
1903,Economics,Winner7194,USA,Female
1904,Medicine,Winner7195,Israel,Female
1905,Economics,Winner7196,Brazil,Female
1906,Medicine,Winner7197,Germany,Male
1907,Economics,Winner7198,Israel,Female
1908,Chemistry,Winner7199,UK,Male
1909,Economics,Winner7200,Canada,Female
1910,Medicine,Winner7201,Germany,Male
1911,Peace,Winner7202,Israel,Female
1912,Chemistry,Winner7203,Germany,Male
1913,Chemistry,Winner7204,USA,Male
1914,Physics,Winner7205,Israel,Male
1915,Medicine,Winner7206,USA,Female
1916,Literature,Winner7207,Canada,Female
1917,Medicine,Winner7208,Israel,Female
1918,Medicine,Winner7209,Kenya,Male
1919,Economics,Winner7210,USA,Male
1920,Chemistry,Winner7211,Canada,Female
1921,Literature,Winner7212,Japan,Female
1922,Peace,Winner7213,Canada,Female
1923,Literature,Winner7214,Japan,Female
1924,Peace,Winner7215,Kenya,Female
1925,Physics,Winner7216,Canada,Male
1926,Literature,Winner7217,India,Female
1927,Economics,Winner7218,USA,Female
1928,Medicine,Winner7219,USA,Male
1929,Literature,Winner7220,Germany,Female
1930,Medicine,Winner7221,Germany,Female
1931,Chemistry,Winner7222,USA,Female
1932,Medicine,Winner7223,Israel,Female
1933,Peace,Winner7224,France,Female
1934,Literature,Winner7225,UK,Male
1935,Economics,Winner7226,Israel,Female
1936,Chemistry,Winner7227,Israel,Female
1937,Chemistry,Winner7228,India,Male
1938,Physics,Winner7229,India,Female
1939,Economics,Winner7230,USA,Male
1940,Medicine,Winner7231,India,Male
1941,Chemistry,Winner7232,Brazil,Male
1942,Literature,Winner7233,Canada,Male
1943,Literature,Winner7234,Japan,Male
1944,Physics,Winner7235,India,Female
1945,Peace,Winner7236,Israel,Female
1946,Peace,Winner7237,Canada,Female
1947,Medicine,Winner7238,Canada,Female
1948,Chemistry,Winner7239,Japan,Female
1949,Medicine,Winner7240,Japan,Male
1950,Medicine,Winner7241,Japan,Male
1951,Medicine,Winner7242,Israel,Male
1952,Literature,Winner7243,Israel,Male
1953,Peace,Winner7244,Germany,Female
1954,Medicine,Winner7245,Israel,Female
1955,Medicine,Winner7246,Germany,Female
1956,Literature,Winner7247,Japan,Male
1957,Peace,Winner7248,Brazil,Male
1958,Chemistry,Winner7249,Germany,Male
1959,Peace,Winner7250,India,Female
1960,Chemistry,Winner7251,Israel,Female
1961,Economics,Winner7252,Germany,Female
1962,Physics,Winner7253,Germany,Male
1963,Physics,Winner7254,USA,Female
1964,Chemistry,Winner7255,USA,Male
1965,Physics,Winner7256,Kenya,Male
1966,Literature,Winner7257,India,Female
1967,Peace,Winner7258,India,Male
1968,Medicine,Winner7259,Canada,Female
1969,Medicine,Winner7260,Kenya,Male
1970,Chemistry,Winner7261,USA,Male
1971,Physics,Winner7262,USA,Female
1972,Medicine,Winner7263,Israel,Female
1973,Medicine,Winner7264,Canada,Male
1974,Chemistry,Winner7265,Israel,Male
1975,Peace,Winner7266,USA,Male
1976,Chemistry,Winner7267,India,Male
1977,Chemistry,Winner7268,UK,Male
1978,Economics,Winner7269,Kenya,Female
1979,Literature,Winner7270,India,Female
1980,Chemistry,Winner7271,India,Female
1981,Economics,Winner7272,Kenya,Male
1982,Peace,Winner7273,Canada,Male
1983,Peace,Winner7274,Israel,Male
1984,Physics,Winner7275,Japan,Female
1985,Peace,Winner7276,Japan,Male
1986,Medicine,Winner7277,India,Female
1987,Literature,Winner7278,Germany,Male
1988,Physics,Winner7279,Germany,Female
1989,Physics,Winner7280,Germany,Female
1990,Chemistry,Winner7281,Germany,Female
1991,Chemistry,Winner7282,France,Male
1992,Chemistry,Winner7283,Germany,Female
1993,Literature,Winner7284,Japan,Male
1994,Medicine,Winner7285,Canada,Male
1995,Economics,Winner7286,UK,Male
1996,Medicine,Winner7287,Germany,Female
1997,Economics,Winner7288,Israel,Female
1998,Peace,Winner7289,Canada,Male
1999,Physics,Winner7290,Brazil,Female
2000,Economics,Winner7291,France,Female
2001,Literature,Winner7292,Israel,Male
2002,Chemistry,Winner7293,UK,Female
2003,Literature,Winner7294,Japan,Male
2004,Literature,Winner7295,Japan,Male
2005,Physics,Winner7296,Japan,Male
2006,Medicine,Winner7297,USA,Male
2007,Chemistry,Winner7298,Brazil,Female
2008,Physics,Winner7299,France,Male
2009,Peace,Winner7300,Israel,Female
2010,Literature,Winner7301,Canada,Female
2011,Chemistry,Winner7302,Kenya,Female
2012,Economics,Winner7303,France,Male
2013,Chemistry,Winner7304,France,Male
2014,Peace,Winner7305,Germany,Male
2015,Chemistry,Winner7306,USA,Male
2016,Medicine,Winner7307,Canada,Male
2017,Chemistry,Winner7308,Germany,Male
2018,Chemistry,Winner7309,USA,Male
2019,Chemistry,Winner7310,Japan,Female
2020,Literature,Winner7311,Kenya,Male
2021,Economics,Winner7312,UK,Female
2022,Literature,Winner7313,India,Male
2023,Literature,Winner7314,Canada,Male
2024,Literature,Winner7315,Israel,Female
1901,Medicine,Winner7316,Germany,Male
1902,Chemistry,Winner7317,Japan,Female
1903,Chemistry,Winner7318,USA,Male
1904,Chemistry,Winner7319,Germany,Female
1905,Literature,Winner7320,France,Male
1906,Physics,Winner7321,Germany,Female
1907,Economics,Winner7322,France,Male
1908,Chemistry,Winner7323,Brazil,Female
1909,Literature,Winner7324,UK,Male
1910,Physics,Winner7325,Kenya,Male
1911,Chemistry,Winner7326,France,Female
1912,Physics,Winner7327,India,Male
1913,Literature,Winner7328,Canada,Female
1914,Economics,Winner7329,Brazil,Female
1915,Economics,Winner7330,UK,Female
1916,Economics,Winner7331,Kenya,Female
1917,Medicine,Winner7332,Canada,Male
1918,Peace,Winner7333,Israel,Male
1919,Medicine,Winner7334,USA,Female
1920,Medicine,Winner7335,Brazil,Male
1921,Peace,Winner7336,Kenya,Male
1922,Economics,Winner7337,Kenya,Male
1923,Medicine,Winner7338,Brazil,Male
1924,Chemistry,Winner7339,France,Female
1925,Peace,Winner7340,USA,Female
1926,Literature,Winner7341,Canada,Female
1927,Economics,Winner7342,Japan,Male
1928,Chemistry,Winner7343,Kenya,Male
1929,Economics,Winner7344,Germany,Female
1930,Peace,Winner7345,UK,Male
1931,Physics,Winner7346,France,Male
1932,Physics,Winner7347,USA,Male
1933,Peace,Winner7348,Kenya,Male
1934,Chemistry,Winner7349,India,Female
1935,Economics,Winner7350,Israel,Male
1936,Economics,Winner7351,UK,Female
1937,Physics,Winner7352,Kenya,Female
1938,Economics,Winner7353,USA,Male
1939,Peace,Winner7354,France,Female
1940,Physics,Winner7355,Israel,Female
1941,Economics,Winner7356,India,Male
1942,Peace,Winner7357,India,Male
1943,Literature,Winner7358,UK,Male
1944,Chemistry,Winner7359,France,Female
1945,Literature,Winner7360,Japan,Male
1946,Chemistry,Winner7361,Brazil,Female
1947,Chemistry,Winner7362,France,Male
1948,Medicine,Winner7363,Japan,Male
1949,Chemistry,Winner7364,UK,Female
1950,Chemistry,Winner7365,Canada,Female
1951,Economics,Winner7366,Japan,Female
1952,Chemistry,Winner7367,Germany,Male
1953,Economics,Winner7368,Brazil,Male
1954,Chemistry,Winner7369,Japan,Female
1955,Medicine,Winner7370,Kenya,Male
1956,Medicine,Winner7371,Brazil,Female
1957,Peace,Winner7372,Israel,Female
1958,Physics,Winner7373,Japan,Female
1959,Physics,Winner7374,France,Male
1960,Medicine,Winner7375,Israel,Female
1961,Peace,Winner7376,India,Male
1962,Peace,Winner7377,India,Male
1963,Economics,Winner7378,Kenya,Female
1964,Medicine,Winner7379,Israel,Male
1965,Literature,Winner7380,Canada,Male
1966,Chemistry,Winner7381,Israel,Female
1967,Literature,Winner7382,Germany,Female
1968,Chemistry,Winner7383,Kenya,Female
1969,Literature,Winner7384,India,Male
1970,Chemistry,Winner7385,India,Male
1971,Physics,Winner7386,Canada,Male
1972,Literature,Winner7387,India,Male
1973,Chemistry,Winner7388,Israel,Male
1974,Physics,Winner7389,India,Male
1975,Chemistry,Winner7390,Israel,Female
1976,Physics,Winner7391,UK,Female
1977,Literature,Winner7392,Germany,Male
1978,Chemistry,Winner7393,Israel,Female
1979,Medicine,Winner7394,Israel,Female
1980,Chemistry,Winner7395,Canada,Male
1981,Literature,Winner7396,France,Female
1982,Chemistry,Winner7397,Israel,Female
1983,Economics,Winner7398,France,Male
1984,Literature,Winner7399,Canada,Male
1985,Medicine,Winner7400,Japan,Male
1986,Economics,Winner7401,Brazil,Female
1987,Physics,Winner7402,Germany,Male
1988,Economics,Winner7403,UK,Male
1989,Economics,Winner7404,Brazil,Male
1990,Physics,Winner7405,Japan,Male
1991,Economics,Winner7406,France,Male
1992,Economics,Winner7407,UK,Male
1993,Chemistry,Winner7408,UK,Male
1994,Physics,Winner7409,India,Female
1995,Peace,Winner7410,UK,Female
1996,Peace,Winner7411,France,Female
1997,Peace,Winner7412,Canada,Female
1998,Literature,Winner7413,Japan,Male
1999,Physics,Winner7414,Israel,Male
2000,Peace,Winner7415,India,Female
2001,Peace,Winner7416,Brazil,Male
2002,Literature,Winner7417,Japan,Female
2003,Chemistry,Winner7418,USA,Male
2004,Literature,Winner7419,France,Female
2005,Literature,Winner7420,Brazil,Female
2006,Chemistry,Winner7421,India,Female
2007,Economics,Winner7422,Canada,Female
2008,Medicine,Winner7423,Canada,Female
2009,Economics,Winner7424,UK,Female
2010,Economics,Winner7425,France,Male
2011,Medicine,Winner7426,France,Male
2012,Peace,Winner7427,France,Female
2013,Chemistry,Winner7428,France,Male
2014,Chemistry,Winner7429,France,Male
2015,Medicine,Winner7430,UK,Male
2016,Medicine,Winner7431,France,Female
2017,Peace,Winner7432,Germany,Male
2018,Medicine,Winner7433,Kenya,Male
2019,Physics,Winner7434,Kenya,Female
2020,Chemistry,Winner7435,Canada,Female
2021,Peace,Winner7436,Brazil,Male
2022,Economics,Winner7437,France,Male
2023,Physics,Winner7438,Brazil,Male
2024,Physics,Winner7439,Germany,Female
1901,Literature,Winner7440,Canada,Male
1902,Economics,Winner7441,France,Male
1903,Physics,Winner7442,USA,Female
1904,Chemistry,Winner7443,France,Female
1905,Chemistry,Winner7444,Brazil,Female
1906,Chemistry,Winner7445,UK,Male
1907,Medicine,Winner7446,USA,Female
1908,Chemistry,Winner7447,Japan,Male
1909,Peace,Winner7448,Germany,Male
1910,Medicine,Winner7449,Brazil,Male
1911,Literature,Winner7450,Israel,Male
1912,Economics,Winner7451,Israel,Male
1913,Physics,Winner7452,Kenya,Female
1914,Peace,Winner7453,Canada,Male
1915,Literature,Winner7454,Canada,Male
1916,Chemistry,Winner7455,France,Male
1917,Peace,Winner7456,Israel,Female
1918,Economics,Winner7457,Germany,Male
1919,Literature,Winner7458,Canada,Male
1920,Peace,Winner7459,India,Male
1921,Economics,Winner7460,Brazil,Female
1922,Chemistry,Winner7461,Canada,Female
1923,Physics,Winner7462,Germany,Female
1924,Peace,Winner7463,Japan,Male
1925,Physics,Winner7464,UK,Male
1926,Chemistry,Winner7465,Brazil,Male
1927,Chemistry,Winner7466,Germany,Male
1928,Physics,Winner7467,Brazil,Male
1929,Medicine,Winner7468,France,Female
1930,Economics,Winner7469,Israel,Male
1931,Peace,Winner7470,Kenya,Female
1932,Economics,Winner7471,USA,Female
1933,Literature,Winner7472,Kenya,Female
1934,Physics,Winner7473,USA,Female
1935,Economics,Winner7474,India,Male
1936,Physics,Winner7475,Brazil,Male
1937,Economics,Winner7476,Japan,Male
1938,Physics,Winner7477,Israel,Male
1939,Literature,Winner7478,Israel,Female
1940,Literature,Winner7479,UK,Female
1941,Peace,Winner7480,UK,Female
1942,Peace,Winner7481,Canada,Male
1943,Peace,Winner7482,Japan,Female
1944,Economics,Winner7483,Kenya,Male
1945,Economics,Winner7484,USA,Male
1946,Economics,Winner7485,Canada,Female
1947,Medicine,Winner7486,Canada,Female
1948,Chemistry,Winner7487,Israel,Female
1949,Peace,Winner7488,UK,Male
1950,Medicine,Winner7489,Kenya,Male
1951,Medicine,Winner7490,Israel,Male
1952,Medicine,Winner7491,India,Male
1953,Peace,Winner7492,Japan,Female
1954,Economics,Winner7493,USA,Female
1955,Economics,Winner7494,Japan,Male
1956,Peace,Winner7495,Israel,Male
1957,Literature,Winner7496,Japan,Female
1958,Chemistry,Winner7497,Israel,Female
1959,Literature,Winner7498,Israel,Female
1960,Physics,Winner7499,Kenya,Female
1961,Literature,Winner7500,USA,Male
1962,Peace,Winner7501,Israel,Female
1963,Medicine,Winner7502,Kenya,Female
1964,Peace,Winner7503,India,Female
1965,Literature,Winner7504,Japan,Male
1966,Peace,Winner7505,Germany,Female
1967,Physics,Winner7506,Canada,Female
1968,Chemistry,Winner7507,Japan,Female
1969,Peace,Winner7508,India,Male
1970,Literature,Winner7509,Israel,Male
1971,Literature,Winner7510,Japan,Male
1972,Medicine,Winner7511,Japan,Female
1973,Physics,Winner7512,Israel,Male
1974,Economics,Winner7513,Brazil,Female
1975,Physics,Winner7514,India,Male
1976,Physics,Winner7515,USA,Male
1977,Literature,Winner7516,France,Female
1978,Physics,Winner7517,Canada,Female
1979,Medicine,Winner7518,Brazil,Male
1980,Physics,Winner7519,Brazil,Male
1981,Medicine,Winner7520,Brazil,Female
1982,Medicine,Winner7521,Brazil,Male
1983,Chemistry,Winner7522,USA,Male
1984,Economics,Winner7523,USA,Female
1985,Literature,Winner7524,Japan,Male
1986,Peace,Winner7525,Israel,Female
1987,Medicine,Winner7526,UK,Female
1988,Literature,Winner7527,Germany,Male
1989,Chemistry,Winner7528,Kenya,Female
1990,Physics,Winner7529,USA,Male
1991,Chemistry,Winner7530,USA,Female
1992,Economics,Winner7531,Canada,Female
1993,Physics,Winner7532,Israel,Female
1994,Economics,Winner7533,Germany,Male
1995,Medicine,Winner7534,Canada,Female
1996,Physics,Winner7535,Brazil,Female
1997,Peace,Winner7536,Germany,Female
1998,Peace,Winner7537,Japan,Female
1999,Literature,Winner7538,Israel,Male
2000,Peace,Winner7539,Kenya,Male
2001,Economics,Winner7540,UK,Female
2002,Chemistry,Winner7541,Canada,Male
2003,Physics,Winner7542,UK,Male
2004,Literature,Winner7543,India,Male
2005,Physics,Winner7544,Germany,Female
2006,Medicine,Winner7545,Japan,Female
2007,Chemistry,Winner7546,Israel,Male
2008,Literature,Winner7547,Kenya,Female
2009,Economics,Winner7548,India,Female
2010,Peace,Winner7549,Canada,Female
2011,Chemistry,Winner7550,Japan,Male
2012,Literature,Winner7551,France,Male
2013,Physics,Winner7552,India,Female
2014,Peace,Winner7553,Israel,Female
2015,Literature,Winner7554,France,Female
2016,Literature,Winner7555,France,Male
2017,Chemistry,Winner7556,UK,Male
2018,Medicine,Winner7557,Germany,Male
2019,Economics,Winner7558,Japan,Female
2020,Physics,Winner7559,Japan,Female
2021,Medicine,Winner7560,Kenya,Female
2022,Medicine,Winner7561,Brazil,Female
2023,Economics,Winner7562,India,Female
2024,Peace,Winner7563,Germany,Female
1901,Medicine,Winner7564,France,Male
1902,Chemistry,Winner7565,Brazil,Male
1903,Medicine,Winner7566,USA,Female
1904,Physics,Winner7567,France,Female
1905,Medicine,Winner7568,India,Male
1906,Physics,Winner7569,France,Male
1907,Physics,Winner7570,Germany,Female
1908,Chemistry,Winner7571,France,Male
1909,Physics,Winner7572,Kenya,Male
1910,Economics,Winner7573,France,Female
1911,Literature,Winner7574,France,Female
1912,Medicine,Winner7575,Brazil,Male
1913,Peace,Winner7576,India,Female
1914,Economics,Winner7577,India,Female
1915,Chemistry,Winner7578,France,Female
1916,Chemistry,Winner7579,India,Male
1917,Economics,Winner7580,India,Male
1918,Literature,Winner7581,UK,Female
1919,Literature,Winner7582,India,Male
1920,Literature,Winner7583,UK,Male
1921,Medicine,Winner7584,USA,Male
1922,Medicine,Winner7585,Japan,Male
1923,Medicine,Winner7586,Kenya,Female
1924,Medicine,Winner7587,Japan,Female
1925,Chemistry,Winner7588,India,Male
1926,Medicine,Winner7589,France,Female
1927,Literature,Winner7590,Brazil,Female
1928,Physics,Winner7591,Kenya,Male
1929,Medicine,Winner7592,Israel,Female
1930,Economics,Winner7593,Israel,Female
1931,Chemistry,Winner7594,Japan,Female
1932,Peace,Winner7595,Germany,Male
1933,Medicine,Winner7596,Germany,Female
1934,Peace,Winner7597,Brazil,Male
1935,Chemistry,Winner7598,Germany,Male
1936,Peace,Winner7599,Germany,Female
1937,Physics,Winner7600,UK,Male
1938,Chemistry,Winner7601,Brazil,Male
1939,Literature,Winner7602,USA,Female
1940,Peace,Winner7603,Brazil,Male
1941,Peace,Winner7604,UK,Female
1942,Chemistry,Winner7605,Kenya,Female
1943,Chemistry,Winner7606,USA,Female
1944,Peace,Winner7607,Canada,Male
1945,Medicine,Winner7608,UK,Female
1946,Chemistry,Winner7609,UK,Female
1947,Economics,Winner7610,Japan,Female
1948,Medicine,Winner7611,Germany,Female
1949,Economics,Winner7612,Germany,Female
1950,Peace,Winner7613,USA,Male
1951,Peace,Winner7614,Israel,Male
1952,Medicine,Winner7615,Canada,Female
1953,Chemistry,Winner7616,Japan,Female
1954,Literature,Winner7617,Kenya,Male
1955,Economics,Winner7618,Kenya,Female
1956,Economics,Winner7619,Canada,Male
1957,Peace,Winner7620,Canada,Male
1958,Medicine,Winner7621,Germany,Male
1959,Literature,Winner7622,France,Female
1960,Literature,Winner7623,Canada,Female
1961,Medicine,Winner7624,USA,Male
1962,Economics,Winner7625,USA,Male
1963,Physics,Winner7626,Brazil,Female
1964,Literature,Winner7627,Germany,Male
1965,Peace,Winner7628,Germany,Female
1966,Chemistry,Winner7629,UK,Male
1967,Peace,Winner7630,Israel,Female
1968,Economics,Winner7631,Brazil,Female
1969,Medicine,Winner7632,France,Female
1970,Literature,Winner7633,Japan,Female
1971,Peace,Winner7634,Israel,Female
1972,Peace,Winner7635,India,Female
1973,Chemistry,Winner7636,Brazil,Female
1974,Literature,Winner7637,India,Female
1975,Peace,Winner7638,France,Male
1976,Peace,Winner7639,USA,Male
1977,Chemistry,Winner7640,UK,Female
1978,Economics,Winner7641,Israel,Female
1979,Economics,Winner7642,Brazil,Male
1980,Chemistry,Winner7643,Japan,Male
1981,Economics,Winner7644,Israel,Female
1982,Physics,Winner7645,Kenya,Male
1983,Medicine,Winner7646,Israel,Female
1984,Medicine,Winner7647,India,Male
1985,Medicine,Winner7648,Germany,Female
1986,Literature,Winner7649,France,Female
1987,Peace,Winner7650,UK,Male
1988,Chemistry,Winner7651,Germany,Male
1989,Chemistry,Winner7652,Brazil,Female
1990,Literature,Winner7653,Brazil,Male
1991,Physics,Winner7654,Israel,Male
1992,Peace,Winner7655,Kenya,Male
1993,Medicine,Winner7656,India,Male
1994,Physics,Winner7657,Israel,Male
1995,Physics,Winner7658,Kenya,Female
1996,Peace,Winner7659,USA,Female
1997,Medicine,Winner7660,France,Female
1998,Literature,Winner7661,Israel,Male
1999,Chemistry,Winner7662,India,Male
2000,Economics,Winner7663,India,Male
2001,Economics,Winner7664,Kenya,Male
2002,Economics,Winner7665,India,Male
2003,Chemistry,Winner7666,Canada,Male
2004,Economics,Winner7667,UK,Male
2005,Peace,Winner7668,Germany,Male
2006,Physics,Winner7669,Germany,Male
2007,Peace,Winner7670,Kenya,Female
2008,Chemistry,Winner7671,India,Female
2009,Physics,Winner7672,Germany,Female
2010,Physics,Winner7673,Israel,Male
2011,Economics,Winner7674,Brazil,Female
2012,Peace,Winner7675,UK,Male
2013,Physics,Winner7676,Japan,Female
2014,Physics,Winner7677,France,Female
2015,Chemistry,Winner7678,Kenya,Male
2016,Literature,Winner7679,UK,Female
2017,Economics,Winner7680,Brazil,Female
2018,Chemistry,Winner7681,Canada,Female
2019,Chemistry,Winner7682,Kenya,Male
2020,Chemistry,Winner7683,India,Female
2021,Peace,Winner7684,Germany,Male
2022,Medicine,Winner7685,Germany,Male
2023,Economics,Winner7686,USA,Female
2024,Peace,Winner7687,India,Female
1901,Physics,Winner7688,India,Female
1902,Literature,Winner7689,Germany,Male
1903,Economics,Winner7690,India,Female
1904,Literature,Winner7691,Germany,Female
1905,Peace,Winner7692,France,Female
1906,Medicine,Winner7693,UK,Male
1907,Literature,Winner7694,Japan,Male
1908,Literature,Winner7695,Israel,Male
1909,Economics,Winner7696,France,Male
1910,Literature,Winner7697,Kenya,Male
1911,Literature,Winner7698,USA,Male
1912,Peace,Winner7699,Israel,Female
1913,Economics,Winner7700,Canada,Female
1914,Physics,Winner7701,India,Male
1915,Medicine,Winner7702,France,Male
1916,Literature,Winner7703,Japan,Female
1917,Physics,Winner7704,Canada,Male
1918,Physics,Winner7705,UK,Female
1919,Medicine,Winner7706,Germany,Female
1920,Peace,Winner7707,Japan,Female
1921,Medicine,Winner7708,USA,Female
1922,Physics,Winner7709,USA,Male
1923,Economics,Winner7710,Brazil,Male
1924,Chemistry,Winner7711,Kenya,Male
1925,Physics,Winner7712,Japan,Male
1926,Literature,Winner7713,Canada,Male
1927,Literature,Winner7714,France,Male
1928,Medicine,Winner7715,Japan,Female
1929,Literature,Winner7716,UK,Male
1930,Peace,Winner7717,India,Male
1931,Physics,Winner7718,Israel,Female
1932,Peace,Winner7719,USA,Female
1933,Literature,Winner7720,Canada,Female
1934,Economics,Winner7721,Israel,Male
1935,Peace,Winner7722,France,Male
1936,Peace,Winner7723,Brazil,Female
1937,Peace,Winner7724,Brazil,Female
1938,Medicine,Winner7725,India,Female
1939,Physics,Winner7726,Germany,Female
1940,Peace,Winner7727,Kenya,Male
1941,Literature,Winner7728,UK,Female
1942,Medicine,Winner7729,Germany,Male
1943,Economics,Winner7730,Canada,Male
1944,Physics,Winner7731,Canada,Female
1945,Economics,Winner7732,USA,Male
1946,Medicine,Winner7733,Germany,Male
1947,Peace,Winner7734,Kenya,Male
1948,Peace,Winner7735,Kenya,Female
1949,Economics,Winner7736,India,Male
1950,Economics,Winner7737,Germany,Male
1951,Literature,Winner7738,Japan,Female
1952,Literature,Winner7739,USA,Female
1953,Physics,Winner7740,Germany,Male
1954,Peace,Winner7741,USA,Male
1955,Medicine,Winner7742,Germany,Female
1956,Physics,Winner7743,France,Male
1957,Literature,Winner7744,France,Female
1958,Medicine,Winner7745,France,Male
1959,Medicine,Winner7746,UK,Male
1960,Chemistry,Winner7747,UK,Male
1961,Economics,Winner7748,India,Female
1962,Literature,Winner7749,France,Male
1963,Medicine,Winner7750,Japan,Male
1964,Physics,Winner7751,USA,Female
1965,Economics,Winner7752,Israel,Female
1966,Physics,Winner7753,Israel,Male
1967,Chemistry,Winner7754,Japan,Female
1968,Chemistry,Winner7755,Brazil,Male
1969,Physics,Winner7756,Israel,Female
1970,Economics,Winner7757,Israel,Female
1971,Physics,Winner7758,France,Male
1972,Medicine,Winner7759,Brazil,Female
1973,Physics,Winner7760,Israel,Female
1974,Chemistry,Winner7761,Canada,Female
1975,Peace,Winner7762,Canada,Male
1976,Chemistry,Winner7763,France,Female
1977,Physics,Winner7764,Kenya,Female
1978,Chemistry,Winner7765,France,Female
1979,Physics,Winner7766,Japan,Male
1980,Chemistry,Winner7767,Canada,Male
1981,Physics,Winner7768,Brazil,Male
1982,Physics,Winner7769,Germany,Female
1983,Literature,Winner7770,Brazil,Female
1984,Physics,Winner7771,Canada,Male
1985,Physics,Winner7772,Kenya,Male
1986,Chemistry,Winner7773,Brazil,Female
1987,Literature,Winner7774,France,Male
1988,Chemistry,Winner7775,USA,Male
1989,Peace,Winner7776,India,Male
1990,Literature,Winner7777,Canada,Male
1991,Physics,Winner7778,Israel,Female
1992,Chemistry,Winner7779,Canada,Male
1993,Physics,Winner7780,India,Female
1994,Literature,Winner7781,Israel,Female
1995,Physics,Winner7782,USA,Male
1996,Literature,Winner7783,Germany,Male
1997,Medicine,Winner7784,Israel,Male
1998,Physics,Winner7785,Kenya,Male
1999,Peace,Winner7786,Kenya,Male
2000,Chemistry,Winner7787,USA,Female
2001,Chemistry,Winner7788,France,Male
2002,Physics,Winner7789,Germany,Female
2003,Peace,Winner7790,USA,Female
2004,Physics,Winner7791,Canada,Female
2005,Chemistry,Winner7792,France,Male
2006,Physics,Winner7793,Japan,Female
2007,Economics,Winner7794,Japan,Female
2008,Physics,Winner7795,Kenya,Male
2009,Peace,Winner7796,France,Male
2010,Literature,Winner7797,USA,Female
2011,Medicine,Winner7798,Japan,Male
2012,Literature,Winner7799,USA,Male
2013,Chemistry,Winner7800,Japan,Female
2014,Chemistry,Winner7801,France,Female
2015,Chemistry,Winner7802,UK,Female
2016,Physics,Winner7803,France,Female
2017,Chemistry,Winner7804,Germany,Female
2018,Physics,Winner7805,France,Male
2019,Peace,Winner7806,Japan,Female
2020,Economics,Winner7807,Kenya,Female
2021,Chemistry,Winner7808,Canada,Male
2022,Chemistry,Winner7809,France,Female
2023,Economics,Winner7810,India,Female
2024,Physics,Winner7811,Germany,Male
1901,Literature,Winner7812,Canada,Male
1902,Economics,Winner7813,Kenya,Female
1903,Economics,Winner7814,Brazil,Male
1904,Economics,Winner7815,France,Female
1905,Medicine,Winner7816,India,Female
1906,Physics,Winner7817,Canada,Male
1907,Chemistry,Winner7818,UK,Male
1908,Peace,Winner7819,UK,Female
1909,Peace,Winner7820,Israel,Male
1910,Chemistry,Winner7821,Canada,Female
1911,Economics,Winner7822,Japan,Female
1912,Medicine,Winner7823,Kenya,Female
1913,Peace,Winner7824,Canada,Male
1914,Chemistry,Winner7825,Kenya,Female
1915,Physics,Winner7826,USA,Female
1916,Medicine,Winner7827,Kenya,Female
1917,Physics,Winner7828,Brazil,Male
1918,Literature,Winner7829,Brazil,Male
1919,Peace,Winner7830,UK,Male
1920,Literature,Winner7831,Japan,Male
1921,Physics,Winner7832,Canada,Female
1922,Physics,Winner7833,USA,Female
1923,Peace,Winner7834,Brazil,Male
1924,Literature,Winner7835,Israel,Male
1925,Chemistry,Winner7836,India,Male
1926,Medicine,Winner7837,Brazil,Female
1927,Peace,Winner7838,Canada,Female
1928,Literature,Winner7839,USA,Male
1929,Physics,Winner7840,Germany,Female
1930,Medicine,Winner7841,Japan,Female
1931,Chemistry,Winner7842,France,Male
1932,Chemistry,Winner7843,UK,Male
1933,Chemistry,Winner7844,Kenya,Male
1934,Physics,Winner7845,India,Female
1935,Physics,Winner7846,Germany,Male
1936,Physics,Winner7847,USA,Male
1937,Physics,Winner7848,Brazil,Female
1938,Chemistry,Winner7849,Japan,Female
1939,Literature,Winner7850,Germany,Male
1940,Peace,Winner7851,USA,Male
1941,Peace,Winner7852,Brazil,Male
1942,Physics,Winner7853,Japan,Male
1943,Literature,Winner7854,USA,Male
1944,Peace,Winner7855,UK,Female
1945,Peace,Winner7856,France,Male
1946,Chemistry,Winner7857,Kenya,Male
1947,Literature,Winner7858,Israel,Female
1948,Economics,Winner7859,Israel,Male
1949,Literature,Winner7860,USA,Female
1950,Medicine,Winner7861,Brazil,Male
1951,Peace,Winner7862,Canada,Female
1952,Medicine,Winner7863,Canada,Male
1953,Physics,Winner7864,USA,Male
1954,Peace,Winner7865,Israel,Female
1955,Economics,Winner7866,Germany,Male
1956,Literature,Winner7867,UK,Male
1957,Economics,Winner7868,Germany,Female
1958,Physics,Winner7869,UK,Male
1959,Medicine,Winner7870,UK,Female
1960,Economics,Winner7871,Japan,Female
1961,Peace,Winner7872,France,Female
1962,Chemistry,Winner7873,USA,Male
1963,Economics,Winner7874,Japan,Male
1964,Physics,Winner7875,India,Male
1965,Medicine,Winner7876,Germany,Female
1966,Literature,Winner7877,Canada,Male
1967,Literature,Winner7878,India,Female
1968,Peace,Winner7879,Israel,Female
1969,Medicine,Winner7880,Israel,Female
1970,Literature,Winner7881,Canada,Female
1971,Chemistry,Winner7882,USA,Male
1972,Physics,Winner7883,Brazil,Male
1973,Medicine,Winner7884,USA,Male
1974,Economics,Winner7885,Brazil,Male
1975,Economics,Winner7886,Brazil,Male
1976,Chemistry,Winner7887,Germany,Female
1977,Peace,Winner7888,Japan,Male
1978,Chemistry,Winner7889,Canada,Male
1979,Physics,Winner7890,Brazil,Female
1980,Peace,Winner7891,UK,Female
1981,Medicine,Winner7892,India,Male
1982,Literature,Winner7893,Germany,Female
1983,Economics,Winner7894,Germany,Female
1984,Medicine,Winner7895,France,Male
1985,Medicine,Winner7896,Kenya,Male
1986,Physics,Winner7897,Japan,Male
1987,Chemistry,Winner7898,Israel,Male
1988,Peace,Winner7899,France,Female
1989,Physics,Winner7900,Brazil,Male
1990,Economics,Winner7901,Canada,Male
1991,Economics,Winner7902,France,Female
1992,Medicine,Winner7903,Israel,Male
1993,Medicine,Winner7904,Canada,Male
1994,Physics,Winner7905,USA,Female
1995,Peace,Winner7906,France,Male
1996,Physics,Winner7907,Japan,Female
1997,Literature,Winner7908,USA,Male
1998,Physics,Winner7909,France,Male
1999,Peace,Winner7910,France,Female
2000,Physics,Winner7911,USA,Male
2001,Economics,Winner7912,France,Male
2002,Chemistry,Winner7913,Israel,Female
2003,Physics,Winner7914,India,Male
2004,Chemistry,Winner7915,USA,Female
2005,Peace,Winner7916,India,Male
2006,Literature,Winner7917,Canada,Female
2007,Medicine,Winner7918,Germany,Female
2008,Medicine,Winner7919,Canada,Male
2009,Medicine,Winner7920,France,Male
2010,Literature,Winner7921,Canada,Male
2011,Economics,Winner7922,Japan,Female
2012,Physics,Winner7923,UK,Male
2013,Medicine,Winner7924,Germany,Male
2014,Medicine,Winner7925,Kenya,Male
2015,Economics,Winner7926,Japan,Female
2016,Chemistry,Winner7927,Japan,Male
2017,Medicine,Winner7928,Brazil,Female
2018,Physics,Winner7929,Kenya,Female
2019,Peace,Winner7930,France,Male
2020,Medicine,Winner7931,UK,Male
2021,Literature,Winner7932,France,Female
2022,Literature,Winner7933,USA,Female
2023,Literature,Winner7934,Canada,Female
2024,Economics,Winner7935,Canada,Male
1901,Chemistry,Winner7936,Japan,Male
1902,Peace,Winner7937,Kenya,Female
1903,Peace,Winner7938,Kenya,Female
1904,Peace,Winner7939,Japan,Female
1905,Literature,Winner7940,UK,Male
1906,Peace,Winner7941,USA,Male
1907,Medicine,Winner7942,USA,Male
1908,Literature,Winner7943,UK,Female
1909,Peace,Winner7944,Israel,Female
1910,Medicine,Winner7945,France,Male
1911,Chemistry,Winner7946,India,Female
1912,Chemistry,Winner7947,Japan,Male
1913,Medicine,Winner7948,Canada,Female
1914,Peace,Winner7949,France,Male
1915,Chemistry,Winner7950,UK,Female
1916,Economics,Winner7951,Canada,Female
1917,Peace,Winner7952,India,Male
1918,Medicine,Winner7953,Japan,Male
1919,Physics,Winner7954,Canada,Female
1920,Medicine,Winner7955,UK,Male
1921,Physics,Winner7956,Israel,Female
1922,Chemistry,Winner7957,Brazil,Male
1923,Peace,Winner7958,France,Female
1924,Chemistry,Winner7959,USA,Female
1925,Chemistry,Winner7960,Japan,Male
1926,Medicine,Winner7961,Israel,Female
1927,Peace,Winner7962,Brazil,Male
1928,Economics,Winner7963,UK,Female
1929,Peace,Winner7964,Canada,Male
1930,Literature,Winner7965,Canada,Female
1931,Physics,Winner7966,India,Male
1932,Physics,Winner7967,USA,Male
1933,Physics,Winner7968,France,Female
1934,Medicine,Winner7969,Germany,Female
1935,Physics,Winner7970,France,Male
1936,Physics,Winner7971,UK,Female
1937,Physics,Winner7972,Japan,Female
1938,Physics,Winner7973,Germany,Female
1939,Chemistry,Winner7974,UK,Female
1940,Physics,Winner7975,USA,Male
1941,Chemistry,Winner7976,USA,Male
1942,Physics,Winner7977,Israel,Female
1943,Peace,Winner7978,Israel,Male
1944,Physics,Winner7979,UK,Female
1945,Physics,Winner7980,USA,Male
1946,Medicine,Winner7981,Kenya,Male
1947,Chemistry,Winner7982,UK,Female
1948,Economics,Winner7983,UK,Female
1949,Economics,Winner7984,Brazil,Female
1950,Physics,Winner7985,UK,Female
1951,Chemistry,Winner7986,India,Male
1952,Economics,Winner7987,Brazil,Female
1953,Physics,Winner7988,Israel,Female
1954,Economics,Winner7989,Kenya,Female
1955,Medicine,Winner7990,USA,Male
1956,Physics,Winner7991,Germany,Female
1957,Medicine,Winner7992,Germany,Female
1958,Peace,Winner7993,France,Male
1959,Physics,Winner7994,Kenya,Male
1960,Peace,Winner7995,Brazil,Female
1961,Peace,Winner7996,USA,Female
1962,Chemistry,Winner7997,Kenya,Male
1963,Economics,Winner7998,Germany,Female
1964,Physics,Winner7999,Canada,Male
1965,Literature,Winner8000,USA,Male
1966,Peace,Winner8001,Kenya,Male
1967,Chemistry,Winner8002,Germany,Female
1968,Medicine,Winner8003,Kenya,Female
1969,Physics,Winner8004,Brazil,Male
1970,Literature,Winner8005,India,Male
1971,Physics,Winner8006,Kenya,Female
1972,Peace,Winner8007,UK,Male
1973,Chemistry,Winner8008,Japan,Male
1974,Economics,Winner8009,Brazil,Female
1975,Medicine,Winner8010,Kenya,Male
1976,Physics,Winner8011,France,Female
1977,Economics,Winner8012,Japan,Male
1978,Chemistry,Winner8013,Germany,Female
1979,Chemistry,Winner8014,France,Male
1980,Literature,Winner8015,Israel,Male
1981,Literature,Winner8016,Israel,Female
1982,Peace,Winner8017,India,Female
1983,Medicine,Winner8018,Canada,Female
1984,Physics,Winner8019,Canada,Female
1985,Economics,Winner8020,India,Male
1986,Literature,Winner8021,Israel,Male
1987,Chemistry,Winner8022,Israel,Female
1988,Economics,Winner8023,France,Male
1989,Medicine,Winner8024,USA,Male
1990,Literature,Winner8025,Japan,Male
1991,Literature,Winner8026,UK,Male
1992,Literature,Winner8027,USA,Male
1993,Chemistry,Winner8028,India,Male
1994,Economics,Winner8029,Brazil,Female
1995,Chemistry,Winner8030,Japan,Male
1996,Economics,Winner8031,UK,Male
1997,Peace,Winner8032,France,Female
1998,Peace,Winner8033,Japan,Male
1999,Chemistry,Winner8034,USA,Male
2000,Medicine,Winner8035,UK,Female
2001,Peace,Winner8036,UK,Male
2002,Medicine,Winner8037,Germany,Male
2003,Chemistry,Winner8038,UK,Female
2004,Physics,Winner8039,Canada,Female
2005,Economics,Winner8040,India,Female
2006,Economics,Winner8041,Japan,Female
2007,Economics,Winner8042,Germany,Male
2008,Economics,Winner8043,Israel,Female
2009,Chemistry,Winner8044,Japan,Male
2010,Physics,Winner8045,USA,Female
2011,Physics,Winner8046,UK,Female
2012,Literature,Winner8047,Canada,Female
2013,Chemistry,Winner8048,Kenya,Female
2014,Physics,Winner8049,India,Female
2015,Chemistry,Winner8050,Brazil,Female
2016,Medicine,Winner8051,UK,Male
2017,Peace,Winner8052,UK,Female
2018,Literature,Winner8053,India,Male
2019,Chemistry,Winner8054,Germany,Female
2020,Peace,Winner8055,Kenya,Male
2021,Medicine,Winner8056,India,Female
2022,Chemistry,Winner8057,Canada,Male
2023,Economics,Winner8058,Israel,Female
2024,Chemistry,Winner8059,Germany,Female
1901,Physics,Winner8060,France,Female
1902,Medicine,Winner8061,Canada,Female
1903,Medicine,Winner8062,Canada,Female
1904,Literature,Winner8063,France,Male
1905,Medicine,Winner8064,UK,Female
1906,Physics,Winner8065,USA,Female
1907,Chemistry,Winner8066,USA,Female
1908,Physics,Winner8067,India,Female
1909,Medicine,Winner8068,Kenya,Male
1910,Literature,Winner8069,USA,Male
1911,Physics,Winner8070,Kenya,Female
1912,Medicine,Winner8071,Germany,Male
1913,Chemistry,Winner8072,Kenya,Female
1914,Physics,Winner8073,Japan,Female
1915,Economics,Winner8074,Kenya,Male
1916,Literature,Winner8075,USA,Male
1917,Peace,Winner8076,France,Female
1918,Medicine,Winner8077,Canada,Female
1919,Chemistry,Winner8078,Kenya,Male
1920,Peace,Winner8079,Brazil,Female
1921,Physics,Winner8080,Kenya,Female
1922,Literature,Winner8081,Japan,Male
1923,Physics,Winner8082,Kenya,Female
1924,Economics,Winner8083,Germany,Male
1925,Literature,Winner8084,UK,Male
1926,Medicine,Winner8085,Germany,Female
1927,Literature,Winner8086,Canada,Male
1928,Medicine,Winner8087,Israel,Male
1929,Chemistry,Winner8088,Brazil,Female
1930,Economics,Winner8089,Brazil,Female
1931,Peace,Winner8090,USA,Female
1932,Economics,Winner8091,USA,Female
1933,Peace,Winner8092,Brazil,Female
1934,Peace,Winner8093,Germany,Male
1935,Physics,Winner8094,India,Female
1936,Chemistry,Winner8095,Japan,Male
1937,Medicine,Winner8096,USA,Male
1938,Literature,Winner8097,Germany,Female
1939,Economics,Winner8098,UK,Female
1940,Peace,Winner8099,Kenya,Female
1941,Medicine,Winner8100,USA,Female
1942,Chemistry,Winner8101,India,Female
1943,Literature,Winner8102,USA,Female
1944,Peace,Winner8103,Israel,Female
1945,Literature,Winner8104,India,Female
1946,Medicine,Winner8105,France,Female
1947,Physics,Winner8106,Israel,Male
1948,Chemistry,Winner8107,Brazil,Female
1949,Chemistry,Winner8108,France,Female
1950,Chemistry,Winner8109,Canada,Male
1951,Literature,Winner8110,Germany,Male
1952,Physics,Winner8111,France,Male
1953,Economics,Winner8112,France,Female
1954,Physics,Winner8113,UK,Male
1955,Literature,Winner8114,India,Female
1956,Literature,Winner8115,Israel,Male
1957,Literature,Winner8116,UK,Female
1958,Chemistry,Winner8117,USA,Female
1959,Chemistry,Winner8118,Israel,Female
1960,Physics,Winner8119,Japan,Female
1961,Peace,Winner8120,Canada,Male
1962,Physics,Winner8121,India,Male
1963,Physics,Winner8122,Canada,Male
1964,Chemistry,Winner8123,Israel,Male
1965,Chemistry,Winner8124,USA,Male
1966,Economics,Winner8125,Canada,Male
1967,Physics,Winner8126,Japan,Male
1968,Economics,Winner8127,Canada,Female
1969,Literature,Winner8128,UK,Male
1970,Literature,Winner8129,Brazil,Male
1971,Physics,Winner8130,Kenya,Female
1972,Physics,Winner8131,Germany,Male
1973,Literature,Winner8132,Germany,Female
1974,Physics,Winner8133,India,Male
1975,Physics,Winner8134,Japan,Male
1976,Chemistry,Winner8135,France,Female
1977,Literature,Winner8136,France,Female
1978,Medicine,Winner8137,Canada,Male
1979,Physics,Winner8138,Kenya,Male
1980,Peace,Winner8139,Japan,Female
1981,Literature,Winner8140,Germany,Male
1982,Peace,Winner8141,Germany,Male
1983,Economics,Winner8142,Canada,Female
1984,Medicine,Winner8143,USA,Male
1985,Medicine,Winner8144,Israel,Female
1986,Physics,Winner8145,Israel,Male
1987,Economics,Winner8146,Israel,Male
1988,Chemistry,Winner8147,Kenya,Male
1989,Literature,Winner8148,France,Male
1990,Chemistry,Winner8149,Israel,Male
1991,Literature,Winner8150,Germany,Female
1992,Economics,Winner8151,USA,Female
1993,Peace,Winner8152,Canada,Male
1994,Chemistry,Winner8153,Canada,Female
1995,Literature,Winner8154,Canada,Female
1996,Chemistry,Winner8155,Kenya,Male
1997,Peace,Winner8156,Japan,Female
1998,Chemistry,Winner8157,Israel,Female
1999,Medicine,Winner8158,Israel,Female
2000,Physics,Winner8159,Kenya,Male
2001,Peace,Winner8160,Brazil,Female
2002,Medicine,Winner8161,USA,Female
2003,Economics,Winner8162,Kenya,Female
2004,Literature,Winner8163,USA,Male
2005,Physics,Winner8164,Brazil,Male
2006,Economics,Winner8165,UK,Male
2007,Peace,Winner8166,USA,Male
2008,Chemistry,Winner8167,UK,Female
2009,Medicine,Winner8168,Germany,Male
2010,Medicine,Winner8169,Japan,Male
2011,Peace,Winner8170,Germany,Male
2012,Chemistry,Winner8171,India,Male
2013,Chemistry,Winner8172,Germany,Male
2014,Physics,Winner8173,France,Male
2015,Medicine,Winner8174,UK,Male
2016,Chemistry,Winner8175,India,Female
2017,Medicine,Winner8176,USA,Male
2018,Peace,Winner8177,Germany,Female
2019,Medicine,Winner8178,India,Male
2020,Chemistry,Winner8179,Canada,Female
2021,Economics,Winner8180,Germany,Male
2022,Chemistry,Winner8181,Germany,Male
2023,Medicine,Winner8182,Germany,Female
2024,Chemistry,Winner8183,Israel,Female
1901,Chemistry,Winner8184,USA,Male
1902,Medicine,Winner8185,Israel,Male
1903,Physics,Winner8186,France,Female
1904,Medicine,Winner8187,UK,Male
1905,Peace,Winner8188,USA,Female
1906,Medicine,Winner8189,Israel,Female
1907,Medicine,Winner8190,Israel,Male
1908,Physics,Winner8191,UK,Male
1909,Chemistry,Winner8192,Kenya,Female
1910,Chemistry,Winner8193,UK,Female
1911,Literature,Winner8194,Japan,Female
1912,Medicine,Winner8195,France,Male
1913,Physics,Winner8196,Canada,Male
1914,Peace,Winner8197,Japan,Male
1915,Peace,Winner8198,Germany,Female
1916,Medicine,Winner8199,Israel,Male
1917,Peace,Winner8200,France,Male
1918,Literature,Winner8201,Kenya,Male
1919,Economics,Winner8202,Germany,Male
1920,Literature,Winner8203,India,Male
1921,Economics,Winner8204,Canada,Male
1922,Literature,Winner8205,Japan,Female
1923,Medicine,Winner8206,France,Female
1924,Medicine,Winner8207,Canada,Male
1925,Chemistry,Winner8208,USA,Female
1926,Physics,Winner8209,Kenya,Male
1927,Physics,Winner8210,USA,Male
1928,Economics,Winner8211,Brazil,Female
1929,Medicine,Winner8212,France,Female
1930,Physics,Winner8213,Germany,Male
1931,Economics,Winner8214,UK,Male
1932,Medicine,Winner8215,Germany,Female
1933,Medicine,Winner8216,USA,Female
1934,Physics,Winner8217,Japan,Male
1935,Economics,Winner8218,France,Male
1936,Peace,Winner8219,UK,Female
1937,Chemistry,Winner8220,USA,Female
1938,Literature,Winner8221,Israel,Female
1939,Economics,Winner8222,France,Female
1940,Literature,Winner8223,Israel,Male
1941,Medicine,Winner8224,Japan,Male
1942,Chemistry,Winner8225,UK,Male
1943,Economics,Winner8226,Japan,Female
1944,Economics,Winner8227,Brazil,Male
1945,Peace,Winner8228,France,Male
1946,Medicine,Winner8229,Brazil,Female
1947,Literature,Winner8230,USA,Female
1948,Literature,Winner8231,Canada,Male
1949,Chemistry,Winner8232,Germany,Male
1950,Peace,Winner8233,Israel,Female
1951,Medicine,Winner8234,UK,Female
1952,Peace,Winner8235,USA,Male
1953,Medicine,Winner8236,Kenya,Female
1954,Literature,Winner8237,Japan,Male
1955,Peace,Winner8238,India,Female
1956,Economics,Winner8239,Brazil,Male
1957,Economics,Winner8240,Brazil,Male
1958,Medicine,Winner8241,Canada,Female
1959,Chemistry,Winner8242,Canada,Male
1960,Physics,Winner8243,Brazil,Female
1961,Literature,Winner8244,Kenya,Male
1962,Economics,Winner8245,Israel,Male
1963,Medicine,Winner8246,Japan,Male
1964,Economics,Winner8247,India,Female
1965,Physics,Winner8248,Israel,Female
1966,Chemistry,Winner8249,Brazil,Male
1967,Chemistry,Winner8250,France,Female
1968,Physics,Winner8251,UK,Male
1969,Medicine,Winner8252,Canada,Male
1970,Medicine,Winner8253,Kenya,Male
1971,Peace,Winner8254,Canada,Male
1972,Peace,Winner8255,Japan,Male
1973,Economics,Winner8256,USA,Male
1974,Chemistry,Winner8257,France,Male
1975,Medicine,Winner8258,UK,Female
1976,Peace,Winner8259,Israel,Male
1977,Peace,Winner8260,USA,Male
1978,Peace,Winner8261,Canada,Female
1979,Chemistry,Winner8262,Kenya,Male
1980,Chemistry,Winner8263,Canada,Female
1981,Physics,Winner8264,Japan,Female
1982,Physics,Winner8265,Israel,Female
1983,Literature,Winner8266,Germany,Male
1984,Physics,Winner8267,Kenya,Female
1985,Economics,Winner8268,USA,Male
1986,Economics,Winner8269,Germany,Male
1987,Physics,Winner8270,UK,Male
1988,Chemistry,Winner8271,India,Male
1989,Peace,Winner8272,Israel,Male
1990,Chemistry,Winner8273,France,Female
1991,Literature,Winner8274,UK,Male
1992,Peace,Winner8275,Germany,Female
1993,Physics,Winner8276,USA,Female
1994,Physics,Winner8277,Brazil,Male
1995,Literature,Winner8278,Kenya,Male
1996,Medicine,Winner8279,Canada,Female
1997,Literature,Winner8280,UK,Female
1998,Physics,Winner8281,Kenya,Female
1999,Chemistry,Winner8282,Canada,Female
2000,Chemistry,Winner8283,Brazil,Female
2001,Physics,Winner8284,USA,Female
2002,Chemistry,Winner8285,Kenya,Male
2003,Chemistry,Winner8286,Japan,Female
2004,Physics,Winner8287,Kenya,Female
2005,Economics,Winner8288,France,Male
2006,Economics,Winner8289,UK,Male
2007,Chemistry,Winner8290,Canada,Male
2008,Physics,Winner8291,Israel,Female
2009,Medicine,Winner8292,UK,Female
2010,Medicine,Winner8293,France,Male
2011,Economics,Winner8294,UK,Female
2012,Medicine,Winner8295,Japan,Female
2013,Physics,Winner8296,Germany,Female
2014,Chemistry,Winner8297,Kenya,Female
2015,Economics,Winner8298,Canada,Female
2016,Literature,Winner8299,Canada,Male
2017,Literature,Winner8300,Germany,Female
2018,Peace,Winner8301,Japan,Male
2019,Peace,Winner8302,USA,Female
2020,Literature,Winner8303,UK,Female
2021,Medicine,Winner8304,India,Male
2022,Peace,Winner8305,Brazil,Female
2023,Physics,Winner8306,UK,Female
2024,Peace,Winner8307,Israel,Male
1901,Chemistry,Winner8308,Japan,Male
1902,Physics,Winner8309,France,Female
1903,Peace,Winner8310,Germany,Female
1904,Medicine,Winner8311,Japan,Female
1905,Physics,Winner8312,Kenya,Male
1906,Chemistry,Winner8313,Japan,Female
1907,Literature,Winner8314,India,Male
1908,Peace,Winner8315,Canada,Female
1909,Literature,Winner8316,Israel,Male
1910,Chemistry,Winner8317,India,Female
1911,Peace,Winner8318,India,Male
1912,Literature,Winner8319,France,Female
1913,Peace,Winner8320,Israel,Male
1914,Medicine,Winner8321,Kenya,Male
1915,Chemistry,Winner8322,Brazil,Female
1916,Economics,Winner8323,Japan,Male
1917,Economics,Winner8324,USA,Male
1918,Peace,Winner8325,India,Male
1919,Peace,Winner8326,India,Female
1920,Literature,Winner8327,Japan,Male
1921,Physics,Winner8328,Canada,Female
1922,Chemistry,Winner8329,India,Male
1923,Physics,Winner8330,Israel,Male
1924,Literature,Winner8331,Brazil,Male
1925,Medicine,Winner8332,Canada,Male
1926,Medicine,Winner8333,Kenya,Female
1927,Economics,Winner8334,UK,Female
1928,Chemistry,Winner8335,Kenya,Female
1929,Medicine,Winner8336,Germany,Female
1930,Physics,Winner8337,Canada,Female
1931,Physics,Winner8338,Brazil,Female
1932,Economics,Winner8339,India,Female
1933,Medicine,Winner8340,Canada,Female
1934,Chemistry,Winner8341,Canada,Male
1935,Literature,Winner8342,Brazil,Male
1936,Medicine,Winner8343,Japan,Male
1937,Peace,Winner8344,India,Male
1938,Physics,Winner8345,France,Female
1939,Literature,Winner8346,France,Male
1940,Physics,Winner8347,Brazil,Female
1941,Medicine,Winner8348,USA,Female
1942,Economics,Winner8349,Brazil,Female
1943,Physics,Winner8350,Japan,Male
1944,Medicine,Winner8351,Canada,Female
1945,Physics,Winner8352,India,Male
1946,Chemistry,Winner8353,Germany,Female
1947,Medicine,Winner8354,Canada,Male
1948,Chemistry,Winner8355,USA,Female
1949,Literature,Winner8356,Kenya,Male
1950,Physics,Winner8357,Canada,Female
1951,Economics,Winner8358,UK,Male
1952,Chemistry,Winner8359,France,Female
1953,Literature,Winner8360,Kenya,Female
1954,Physics,Winner8361,Israel,Male
1955,Peace,Winner8362,Kenya,Female
1956,Medicine,Winner8363,Germany,Female
1957,Economics,Winner8364,Israel,Male
1958,Literature,Winner8365,Kenya,Male
1959,Peace,Winner8366,Canada,Male
1960,Medicine,Winner8367,France,Female
1961,Literature,Winner8368,USA,Female
1962,Economics,Winner8369,India,Male
1963,Economics,Winner8370,Japan,Male
1964,Chemistry,Winner8371,UK,Female
1965,Physics,Winner8372,Japan,Female
1966,Economics,Winner8373,UK,Female
1967,Economics,Winner8374,Kenya,Male
1968,Literature,Winner8375,Canada,Male
1969,Chemistry,Winner8376,USA,Male
1970,Literature,Winner8377,France,Male
1971,Literature,Winner8378,Germany,Male
1972,Peace,Winner8379,Israel,Male
1973,Economics,Winner8380,Israel,Male
1974,Literature,Winner8381,UK,Male
1975,Literature,Winner8382,India,Male
1976,Chemistry,Winner8383,Kenya,Male
1977,Literature,Winner8384,USA,Female
1978,Medicine,Winner8385,Israel,Female
1979,Chemistry,Winner8386,Canada,Female
1980,Chemistry,Winner8387,USA,Male
1981,Economics,Winner8388,Israel,Male
1982,Physics,Winner8389,Germany,Female
1983,Medicine,Winner8390,Israel,Male
1984,Physics,Winner8391,Japan,Female
1985,Peace,Winner8392,Israel,Female
1986,Literature,Winner8393,USA,Female
1987,Peace,Winner8394,France,Male
1988,Peace,Winner8395,India,Female
1989,Chemistry,Winner8396,USA,Female
1990,Medicine,Winner8397,Israel,Male
1991,Medicine,Winner8398,Germany,Female
1992,Economics,Winner8399,Germany,Male
1993,Economics,Winner8400,France,Male
1994,Literature,Winner8401,Brazil,Male
1995,Literature,Winner8402,Kenya,Male
1996,Literature,Winner8403,Canada,Female
1997,Economics,Winner8404,Germany,Male
1998,Medicine,Winner8405,Brazil,Male
1999,Physics,Winner8406,Canada,Female
2000,Peace,Winner8407,France,Male
2001,Medicine,Winner8408,USA,Male
2002,Literature,Winner8409,USA,Male
2003,Literature,Winner8410,USA,Male
2004,Literature,Winner8411,Japan,Male
2005,Literature,Winner8412,USA,Male
2006,Physics,Winner8413,Brazil,Male
2007,Peace,Winner8414,UK,Female
2008,Chemistry,Winner8415,Canada,Male
2009,Peace,Winner8416,France,Female
2010,Peace,Winner8417,France,Female
2011,Medicine,Winner8418,Brazil,Female
2012,Physics,Winner8419,USA,Female
2013,Chemistry,Winner8420,Brazil,Female
2014,Peace,Winner8421,France,Female
2015,Economics,Winner8422,Japan,Male
2016,Physics,Winner8423,Canada,Male
2017,Literature,Winner8424,Israel,Male
2018,Economics,Winner8425,Israel,Female
2019,Physics,Winner8426,France,Female
2020,Literature,Winner8427,Canada,Male
2021,Physics,Winner8428,Brazil,Male
2022,Peace,Winner8429,France,Male
2023,Chemistry,Winner8430,Israel,Male
2024,Literature,Winner8431,USA,Male
1901,Literature,Winner8432,Germany,Female
1902,Medicine,Winner8433,Japan,Male
1903,Medicine,Winner8434,Israel,Female
1904,Economics,Winner8435,France,Female
1905,Medicine,Winner8436,Brazil,Female
1906,Physics,Winner8437,UK,Male
1907,Physics,Winner8438,Japan,Male
1908,Medicine,Winner8439,France,Female
1909,Chemistry,Winner8440,Canada,Male
1910,Peace,Winner8441,UK,Male
1911,Chemistry,Winner8442,Kenya,Female
1912,Chemistry,Winner8443,USA,Male
1913,Peace,Winner8444,Japan,Female
1914,Literature,Winner8445,USA,Male
1915,Peace,Winner8446,Canada,Female
1916,Physics,Winner8447,France,Female
1917,Chemistry,Winner8448,Canada,Female
1918,Chemistry,Winner8449,Japan,Male
1919,Medicine,Winner8450,India,Male
1920,Economics,Winner8451,Canada,Female
1921,Peace,Winner8452,UK,Female
1922,Medicine,Winner8453,Japan,Male
1923,Chemistry,Winner8454,Canada,Female
1924,Peace,Winner8455,Brazil,Male
1925,Physics,Winner8456,India,Female
1926,Literature,Winner8457,Germany,Female
1927,Medicine,Winner8458,Canada,Female
1928,Chemistry,Winner8459,Germany,Male
1929,Chemistry,Winner8460,Canada,Male
1930,Literature,Winner8461,Canada,Female
1931,Peace,Winner8462,Israel,Female
1932,Medicine,Winner8463,Israel,Male
1933,Chemistry,Winner8464,India,Female
1934,Peace,Winner8465,Kenya,Male
1935,Chemistry,Winner8466,USA,Female
1936,Chemistry,Winner8467,Israel,Female
1937,Chemistry,Winner8468,France,Female
1938,Peace,Winner8469,Israel,Male
1939,Physics,Winner8470,Canada,Female
1940,Literature,Winner8471,UK,Female
1941,Peace,Winner8472,Israel,Female
1942,Chemistry,Winner8473,Germany,Female
1943,Literature,Winner8474,Israel,Male
1944,Peace,Winner8475,Israel,Male
1945,Chemistry,Winner8476,India,Female
1946,Literature,Winner8477,Brazil,Female
1947,Economics,Winner8478,Kenya,Female
1948,Peace,Winner8479,France,Female
1949,Literature,Winner8480,USA,Female
1950,Physics,Winner8481,Germany,Female
1951,Peace,Winner8482,France,Male
1952,Peace,Winner8483,Japan,Male
1953,Physics,Winner8484,India,Male
1954,Peace,Winner8485,Brazil,Male
1955,Peace,Winner8486,UK,Male
1956,Chemistry,Winner8487,Canada,Male
1957,Physics,Winner8488,USA,Male
1958,Medicine,Winner8489,Japan,Male
1959,Economics,Winner8490,Kenya,Female
1960,Chemistry,Winner8491,Israel,Male
1961,Medicine,Winner8492,Germany,Male
1962,Medicine,Winner8493,Israel,Male
1963,Chemistry,Winner8494,Japan,Male
1964,Physics,Winner8495,Germany,Female
1965,Medicine,Winner8496,France,Female
1966,Chemistry,Winner8497,USA,Female
1967,Economics,Winner8498,India,Female
1968,Medicine,Winner8499,France,Male
1969,Medicine,Winner8500,USA,Female
1970,Peace,Winner8501,France,Male
1971,Peace,Winner8502,France,Male
1972,Medicine,Winner8503,Germany,Male
1973,Peace,Winner8504,Kenya,Female
1974,Literature,Winner8505,Israel,Male
1975,Peace,Winner8506,Japan,Female
1976,Chemistry,Winner8507,Israel,Male
1977,Economics,Winner8508,India,Female
1978,Peace,Winner8509,France,Male
1979,Physics,Winner8510,Kenya,Female
1980,Chemistry,Winner8511,USA,Female
1981,Peace,Winner8512,Canada,Female
1982,Physics,Winner8513,Brazil,Female
1983,Peace,Winner8514,India,Female
1984,Chemistry,Winner8515,Japan,Male
1985,Medicine,Winner8516,Germany,Female
1986,Literature,Winner8517,Japan,Male
1987,Economics,Winner8518,France,Female
1988,Chemistry,Winner8519,UK,Male
1989,Literature,Winner8520,Israel,Female
1990,Literature,Winner8521,UK,Male
1991,Physics,Winner8522,Kenya,Female
1992,Literature,Winner8523,Germany,Male
1993,Physics,Winner8524,Kenya,Female
1994,Physics,Winner8525,Germany,Female
1995,Physics,Winner8526,Israel,Male
1996,Physics,Winner8527,France,Female
1997,Peace,Winner8528,Israel,Male
1998,Peace,Winner8529,Germany,Female
1999,Chemistry,Winner8530,Germany,Female
2000,Physics,Winner8531,Germany,Female
2001,Economics,Winner8532,France,Female
2002,Medicine,Winner8533,Japan,Female
2003,Medicine,Winner8534,Brazil,Male
2004,Medicine,Winner8535,Kenya,Female
2005,Physics,Winner8536,Kenya,Female
2006,Chemistry,Winner8537,Germany,Female
2007,Physics,Winner8538,USA,Female
2008,Literature,Winner8539,India,Male
2009,Peace,Winner8540,UK,Female
2010,Economics,Winner8541,USA,Female
2011,Physics,Winner8542,Kenya,Male
2012,Economics,Winner8543,France,Female
2013,Physics,Winner8544,Japan,Female
2014,Literature,Winner8545,Germany,Female
2015,Physics,Winner8546,Israel,Male
2016,Peace,Winner8547,India,Male
2017,Medicine,Winner8548,India,Male
2018,Economics,Winner8549,UK,Female
2019,Literature,Winner8550,Japan,Female
2020,Economics,Winner8551,Israel,Female
2021,Economics,Winner8552,India,Male
2022,Peace,Winner8553,UK,Female
2023,Physics,Winner8554,Kenya,Female
2024,Physics,Winner8555,USA,Female
1901,Physics,Winner8556,Israel,Male
1902,Physics,Winner8557,Japan,Female
1903,Medicine,Winner8558,UK,Female
1904,Physics,Winner8559,Germany,Male
1905,Chemistry,Winner8560,UK,Male
1906,Economics,Winner8561,Germany,Female
1907,Literature,Winner8562,France,Male
1908,Chemistry,Winner8563,Brazil,Female
1909,Peace,Winner8564,Brazil,Female
1910,Economics,Winner8565,Japan,Male
1911,Economics,Winner8566,Kenya,Male
1912,Chemistry,Winner8567,Canada,Female
1913,Chemistry,Winner8568,Israel,Female
1914,Physics,Winner8569,Canada,Female
1915,Economics,Winner8570,Canada,Male
1916,Chemistry,Winner8571,Germany,Female
1917,Economics,Winner8572,Canada,Male
1918,Chemistry,Winner8573,USA,Male
1919,Peace,Winner8574,Kenya,Female
1920,Medicine,Winner8575,USA,Male
1921,Literature,Winner8576,Kenya,Male
1922,Peace,Winner8577,Israel,Female
1923,Physics,Winner8578,Israel,Male
1924,Physics,Winner8579,UK,Male
1925,Peace,Winner8580,Japan,Male
1926,Physics,Winner8581,UK,Male
1927,Economics,Winner8582,France,Female
1928,Literature,Winner8583,UK,Male
1929,Medicine,Winner8584,Brazil,Female
1930,Peace,Winner8585,India,Male
1931,Medicine,Winner8586,France,Female
1932,Chemistry,Winner8587,France,Male
1933,Physics,Winner8588,Israel,Female
1934,Physics,Winner8589,Japan,Female
1935,Economics,Winner8590,France,Male
1936,Physics,Winner8591,India,Male
1937,Peace,Winner8592,Kenya,Male
1938,Literature,Winner8593,Kenya,Female
1939,Medicine,Winner8594,Japan,Female
1940,Literature,Winner8595,USA,Male
1941,Economics,Winner8596,Germany,Male
1942,Literature,Winner8597,UK,Female
1943,Literature,Winner8598,UK,Female
1944,Economics,Winner8599,Germany,Female
1945,Literature,Winner8600,Kenya,Female
1946,Literature,Winner8601,France,Female
1947,Chemistry,Winner8602,Germany,Female
1948,Economics,Winner8603,Israel,Female
1949,Physics,Winner8604,India,Male
1950,Physics,Winner8605,France,Female
1951,Physics,Winner8606,Brazil,Female
1952,Physics,Winner8607,France,Female
1953,Literature,Winner8608,Brazil,Female
1954,Physics,Winner8609,Germany,Female
1955,Peace,Winner8610,Canada,Male
1956,Medicine,Winner8611,USA,Female
1957,Chemistry,Winner8612,USA,Female
1958,Literature,Winner8613,Germany,Female
1959,Physics,Winner8614,India,Male
1960,Chemistry,Winner8615,Brazil,Male
1961,Economics,Winner8616,Canada,Female
1962,Physics,Winner8617,Israel,Male
1963,Physics,Winner8618,Germany,Male
1964,Peace,Winner8619,UK,Male
1965,Physics,Winner8620,Germany,Male
1966,Chemistry,Winner8621,India,Male
1967,Physics,Winner8622,Israel,Female
1968,Medicine,Winner8623,France,Male
1969,Literature,Winner8624,India,Female
1970,Economics,Winner8625,Israel,Female
1971,Chemistry,Winner8626,UK,Male
1972,Literature,Winner8627,USA,Male
1973,Peace,Winner8628,Brazil,Female
1974,Physics,Winner8629,France,Female
1975,Medicine,Winner8630,Kenya,Female
1976,Economics,Winner8631,India,Female
1977,Medicine,Winner8632,Israel,Male
1978,Physics,Winner8633,India,Female
1979,Economics,Winner8634,Brazil,Female
1980,Economics,Winner8635,Japan,Female
1981,Chemistry,Winner8636,Brazil,Male
1982,Physics,Winner8637,Brazil,Male
1983,Economics,Winner8638,Brazil,Male
1984,Economics,Winner8639,Brazil,Female
1985,Medicine,Winner8640,India,Male
1986,Medicine,Winner8641,Japan,Female
1987,Literature,Winner8642,Canada,Male
1988,Chemistry,Winner8643,Israel,Female
1989,Chemistry,Winner8644,UK,Female
1990,Peace,Winner8645,Kenya,Male
1991,Medicine,Winner8646,Canada,Female
1992,Physics,Winner8647,Germany,Female
1993,Physics,Winner8648,Canada,Male
1994,Medicine,Winner8649,Brazil,Female
1995,Physics,Winner8650,Kenya,Male
1996,Medicine,Winner8651,Kenya,Male
1997,Literature,Winner8652,Canada,Male
1998,Chemistry,Winner8653,Germany,Female
1999,Physics,Winner8654,India,Female
2000,Physics,Winner8655,UK,Female
2001,Chemistry,Winner8656,USA,Male
2002,Literature,Winner8657,Germany,Male
2003,Literature,Winner8658,Kenya,Male
2004,Medicine,Winner8659,Canada,Male
2005,Medicine,Winner8660,Brazil,Female
2006,Peace,Winner8661,USA,Female
2007,Chemistry,Winner8662,France,Female
2008,Medicine,Winner8663,UK,Male
2009,Chemistry,Winner8664,Israel,Female
2010,Medicine,Winner8665,Kenya,Female
2011,Physics,Winner8666,Canada,Female
2012,Economics,Winner8667,India,Male
2013,Physics,Winner8668,India,Female
2014,Peace,Winner8669,USA,Female
2015,Economics,Winner8670,Kenya,Male
2016,Peace,Winner8671,UK,Female
2017,Literature,Winner8672,Japan,Female
2018,Peace,Winner8673,Germany,Female
2019,Medicine,Winner8674,Canada,Male
2020,Peace,Winner8675,Germany,Male
2021,Medicine,Winner8676,Israel,Female
2022,Medicine,Winner8677,Brazil,Female
2023,Literature,Winner8678,Brazil,Male
2024,Medicine,Winner8679,Kenya,Male
1901,Chemistry,Winner8680,Germany,Female
1902,Literature,Winner8681,UK,Female
1903,Chemistry,Winner8682,USA,Male
1904,Peace,Winner8683,France,Male
1905,Physics,Winner8684,Israel,Female
1906,Literature,Winner8685,Kenya,Male
1907,Chemistry,Winner8686,Germany,Male
1908,Economics,Winner8687,Israel,Female
1909,Chemistry,Winner8688,France,Male
1910,Peace,Winner8689,Canada,Female
1911,Medicine,Winner8690,USA,Male
1912,Peace,Winner8691,France,Female
1913,Chemistry,Winner8692,France,Female
1914,Literature,Winner8693,Canada,Male
1915,Medicine,Winner8694,France,Female
1916,Literature,Winner8695,Germany,Male
1917,Chemistry,Winner8696,Brazil,Female
1918,Economics,Winner8697,France,Male
1919,Chemistry,Winner8698,Germany,Male
1920,Physics,Winner8699,Israel,Male
1921,Medicine,Winner8700,USA,Male
1922,Literature,Winner8701,Israel,Male
1923,Chemistry,Winner8702,France,Female
1924,Medicine,Winner8703,France,Male
1925,Medicine,Winner8704,Kenya,Male
1926,Peace,Winner8705,Israel,Male
1927,Peace,Winner8706,USA,Female
1928,Medicine,Winner8707,India,Male
1929,Medicine,Winner8708,Japan,Female
1930,Chemistry,Winner8709,Canada,Male
1931,Literature,Winner8710,India,Female
1932,Peace,Winner8711,Israel,Male
1933,Chemistry,Winner8712,Brazil,Male
1934,Physics,Winner8713,USA,Male
1935,Economics,Winner8714,Canada,Female
1936,Chemistry,Winner8715,Germany,Male
1937,Chemistry,Winner8716,Canada,Male
1938,Chemistry,Winner8717,Kenya,Female
1939,Literature,Winner8718,Kenya,Male
1940,Chemistry,Winner8719,UK,Female
1941,Economics,Winner8720,Brazil,Male
1942,Literature,Winner8721,Canada,Female
1943,Economics,Winner8722,Kenya,Male
1944,Literature,Winner8723,USA,Male
1945,Peace,Winner8724,India,Male
1946,Chemistry,Winner8725,Canada,Male
1947,Medicine,Winner8726,Israel,Female
1948,Chemistry,Winner8727,Israel,Female
1949,Chemistry,Winner8728,Japan,Male
1950,Economics,Winner8729,USA,Female
1951,Economics,Winner8730,Japan,Male
1952,Chemistry,Winner8731,Kenya,Female
1953,Physics,Winner8732,Canada,Female
1954,Medicine,Winner8733,Brazil,Male
1955,Literature,Winner8734,Kenya,Female
1956,Chemistry,Winner8735,India,Male
1957,Literature,Winner8736,France,Male
1958,Physics,Winner8737,Germany,Female
1959,Chemistry,Winner8738,Brazil,Female
1960,Economics,Winner8739,Canada,Female
1961,Literature,Winner8740,UK,Female
1962,Peace,Winner8741,Kenya,Female
1963,Medicine,Winner8742,Israel,Female
1964,Economics,Winner8743,Israel,Male
1965,Physics,Winner8744,Brazil,Male
1966,Peace,Winner8745,Israel,Female
1967,Economics,Winner8746,Israel,Female
1968,Peace,Winner8747,UK,Female
1969,Peace,Winner8748,Brazil,Female
1970,Physics,Winner8749,Israel,Female
1971,Medicine,Winner8750,USA,Female
1972,Peace,Winner8751,Germany,Male
1973,Literature,Winner8752,Canada,Female
1974,Chemistry,Winner8753,France,Male
1975,Economics,Winner8754,Germany,Female
1976,Literature,Winner8755,UK,Male
1977,Physics,Winner8756,France,Male
1978,Economics,Winner8757,UK,Female
1979,Peace,Winner8758,Japan,Female
1980,Chemistry,Winner8759,Japan,Male
1981,Physics,Winner8760,UK,Male
1982,Economics,Winner8761,Kenya,Female
1983,Economics,Winner8762,France,Male
1984,Chemistry,Winner8763,Israel,Female
1985,Literature,Winner8764,Japan,Male
1986,Economics,Winner8765,France,Female
1987,Literature,Winner8766,Kenya,Female
1988,Physics,Winner8767,Brazil,Male
1989,Chemistry,Winner8768,Germany,Female
1990,Peace,Winner8769,Brazil,Female
1991,Physics,Winner8770,India,Female
1992,Physics,Winner8771,Canada,Male
1993,Literature,Winner8772,UK,Male
1994,Economics,Winner8773,Japan,Female
1995,Literature,Winner8774,Japan,Female
1996,Economics,Winner8775,Israel,Female
1997,Literature,Winner8776,USA,Female
1998,Peace,Winner8777,Canada,Female
1999,Peace,Winner8778,Japan,Female
2000,Chemistry,Winner8779,Brazil,Male
2001,Physics,Winner8780,Israel,Female
2002,Chemistry,Winner8781,Germany,Female
2003,Physics,Winner8782,USA,Male
2004,Peace,Winner8783,France,Female
2005,Physics,Winner8784,Canada,Female
2006,Chemistry,Winner8785,USA,Male
2007,Literature,Winner8786,India,Female
2008,Medicine,Winner8787,Kenya,Female
2009,Medicine,Winner8788,India,Female
2010,Economics,Winner8789,Brazil,Female
2011,Medicine,Winner8790,India,Female
2012,Literature,Winner8791,India,Male
2013,Chemistry,Winner8792,Japan,Female
2014,Literature,Winner8793,Japan,Male
2015,Physics,Winner8794,USA,Female
2016,Peace,Winner8795,Kenya,Female
2017,Peace,Winner8796,Canada,Male
2018,Medicine,Winner8797,USA,Female
2019,Physics,Winner8798,Canada,Female
2020,Medicine,Winner8799,Japan,Female
2021,Physics,Winner8800,France,Male
2022,Medicine,Winner8801,Japan,Female
2023,Physics,Winner8802,Brazil,Female
2024,Medicine,Winner8803,USA,Male
1901,Chemistry,Winner8804,Germany,Female
1902,Peace,Winner8805,Canada,Male
1903,Peace,Winner8806,Germany,Female
1904,Literature,Winner8807,USA,Male
1905,Literature,Winner8808,USA,Male
1906,Literature,Winner8809,Germany,Male
1907,Peace,Winner8810,Japan,Female
1908,Chemistry,Winner8811,Germany,Female
1909,Physics,Winner8812,France,Male
1910,Economics,Winner8813,India,Male
1911,Peace,Winner8814,Israel,Male
1912,Physics,Winner8815,Israel,Female
1913,Economics,Winner8816,UK,Male
1914,Medicine,Winner8817,Israel,Male
1915,Peace,Winner8818,Canada,Male
1916,Peace,Winner8819,Kenya,Female
1917,Peace,Winner8820,Kenya,Male
1918,Medicine,Winner8821,India,Male
1919,Peace,Winner8822,Japan,Male
1920,Chemistry,Winner8823,India,Female
1921,Peace,Winner8824,Japan,Male
1922,Medicine,Winner8825,India,Male
1923,Literature,Winner8826,Germany,Female
1924,Literature,Winner8827,Kenya,Female
1925,Peace,Winner8828,USA,Female
1926,Literature,Winner8829,Germany,Female
1927,Economics,Winner8830,USA,Female
1928,Peace,Winner8831,Brazil,Male
1929,Chemistry,Winner8832,Canada,Male
1930,Chemistry,Winner8833,Israel,Female
1931,Medicine,Winner8834,France,Male
1932,Chemistry,Winner8835,UK,Female
1933,Peace,Winner8836,Israel,Male
1934,Medicine,Winner8837,Brazil,Female
1935,Peace,Winner8838,USA,Female
1936,Chemistry,Winner8839,Japan,Male
1937,Physics,Winner8840,Germany,Male
1938,Peace,Winner8841,Kenya,Female
1939,Literature,Winner8842,Japan,Female
1940,Literature,Winner8843,India,Female
1941,Physics,Winner8844,Japan,Male
1942,Peace,Winner8845,Canada,Female
1943,Economics,Winner8846,Brazil,Male
1944,Chemistry,Winner8847,USA,Male
1945,Peace,Winner8848,India,Female
1946,Economics,Winner8849,Brazil,Female
1947,Physics,Winner8850,Israel,Female
1948,Chemistry,Winner8851,Germany,Male
1949,Chemistry,Winner8852,Canada,Male
1950,Economics,Winner8853,India,Female
1951,Economics,Winner8854,Israel,Female
1952,Chemistry,Winner8855,Kenya,Female
1953,Literature,Winner8856,Japan,Male
1954,Physics,Winner8857,Kenya,Male
1955,Economics,Winner8858,USA,Female
1956,Literature,Winner8859,France,Male
1957,Economics,Winner8860,UK,Female
1958,Physics,Winner8861,Brazil,Male
1959,Literature,Winner8862,Brazil,Male
1960,Medicine,Winner8863,France,Female
1961,Medicine,Winner8864,India,Female
1962,Literature,Winner8865,Israel,Male
1963,Literature,Winner8866,France,Male
1964,Chemistry,Winner8867,Kenya,Male
1965,Chemistry,Winner8868,Kenya,Male
1966,Literature,Winner8869,Israel,Male
1967,Chemistry,Winner8870,France,Male
1968,Literature,Winner8871,Israel,Male
1969,Physics,Winner8872,Canada,Female
1970,Medicine,Winner8873,Brazil,Female
1971,Physics,Winner8874,Brazil,Female
1972,Literature,Winner8875,Kenya,Female
1973,Economics,Winner8876,Japan,Male
1974,Economics,Winner8877,Kenya,Female
1975,Literature,Winner8878,India,Female
1976,Chemistry,Winner8879,Israel,Male
1977,Peace,Winner8880,Brazil,Male
1978,Literature,Winner8881,Germany,Female
1979,Peace,Winner8882,UK,Female
1980,Peace,Winner8883,UK,Female
1981,Literature,Winner8884,Israel,Male
1982,Peace,Winner8885,Israel,Female
1983,Medicine,Winner8886,Brazil,Female
1984,Chemistry,Winner8887,Canada,Male
1985,Peace,Winner8888,Japan,Female
1986,Literature,Winner8889,Germany,Male
1987,Chemistry,Winner8890,USA,Female
1988,Literature,Winner8891,UK,Male
1989,Chemistry,Winner8892,Israel,Female
1990,Economics,Winner8893,UK,Male
1991,Physics,Winner8894,Israel,Male
1992,Economics,Winner8895,India,Male
1993,Peace,Winner8896,Brazil,Male
1994,Chemistry,Winner8897,Israel,Female
1995,Economics,Winner8898,UK,Male
1996,Physics,Winner8899,Kenya,Male
1997,Literature,Winner8900,Canada,Male
1998,Physics,Winner8901,USA,Female
1999,Peace,Winner8902,France,Male
2000,Literature,Winner8903,France,Male
2001,Literature,Winner8904,Brazil,Male
2002,Chemistry,Winner8905,Japan,Female
2003,Economics,Winner8906,Japan,Female
2004,Physics,Winner8907,Germany,Female
2005,Physics,Winner8908,Canada,Female
2006,Medicine,Winner8909,Kenya,Female
2007,Peace,Winner8910,Germany,Male
2008,Medicine,Winner8911,India,Female
2009,Physics,Winner8912,Kenya,Female
2010,Chemistry,Winner8913,UK,Male
2011,Economics,Winner8914,Germany,Male
2012,Medicine,Winner8915,India,Female
2013,Economics,Winner8916,USA,Female
2014,Literature,Winner8917,USA,Female
2015,Chemistry,Winner8918,UK,Female
2016,Peace,Winner8919,Israel,Male
2017,Peace,Winner8920,Japan,Female
2018,Medicine,Winner8921,USA,Female
2019,Medicine,Winner8922,Brazil,Male
2020,Physics,Winner8923,UK,Female
2021,Physics,Winner8924,Japan,Female
2022,Physics,Winner8925,UK,Male
2023,Chemistry,Winner8926,India,Male
2024,Chemistry,Winner8927,Canada,Female
1901,Physics,Winner8928,India,Female
1902,Peace,Winner8929,Israel,Male
1903,Economics,Winner8930,USA,Female
1904,Literature,Winner8931,Israel,Female
1905,Peace,Winner8932,USA,Male
1906,Chemistry,Winner8933,Japan,Female
1907,Medicine,Winner8934,Canada,Female
1908,Medicine,Winner8935,Canada,Female
1909,Peace,Winner8936,Japan,Male
1910,Chemistry,Winner8937,Canada,Female
1911,Medicine,Winner8938,USA,Male
1912,Literature,Winner8939,Germany,Male
1913,Peace,Winner8940,India,Female
1914,Chemistry,Winner8941,Kenya,Male
1915,Physics,Winner8942,India,Female
1916,Medicine,Winner8943,Kenya,Male
1917,Peace,Winner8944,France,Female
1918,Chemistry,Winner8945,UK,Female
1919,Peace,Winner8946,Germany,Male
1920,Chemistry,Winner8947,Israel,Male
1921,Medicine,Winner8948,Brazil,Female
1922,Economics,Winner8949,Japan,Male
1923,Chemistry,Winner8950,Germany,Male
1924,Medicine,Winner8951,UK,Female
1925,Economics,Winner8952,India,Male
1926,Peace,Winner8953,India,Female
1927,Peace,Winner8954,Germany,Female
1928,Literature,Winner8955,USA,Female
1929,Chemistry,Winner8956,Japan,Female
1930,Literature,Winner8957,Kenya,Female
1931,Literature,Winner8958,France,Male
1932,Medicine,Winner8959,Israel,Female
1933,Peace,Winner8960,Japan,Male
1934,Economics,Winner8961,Kenya,Female
1935,Economics,Winner8962,Israel,Male
1936,Literature,Winner8963,UK,Female
1937,Physics,Winner8964,India,Male
1938,Chemistry,Winner8965,France,Male
1939,Peace,Winner8966,UK,Female
1940,Peace,Winner8967,Brazil,Male
1941,Economics,Winner8968,Japan,Male
1942,Chemistry,Winner8969,Japan,Female
1943,Economics,Winner8970,Kenya,Female
1944,Economics,Winner8971,USA,Female
1945,Peace,Winner8972,Germany,Female
1946,Literature,Winner8973,Japan,Male
1947,Economics,Winner8974,France,Male
1948,Peace,Winner8975,Canada,Female
1949,Economics,Winner8976,Germany,Male
1950,Physics,Winner8977,France,Female
1951,Economics,Winner8978,India,Male
1952,Peace,Winner8979,Israel,Female
1953,Economics,Winner8980,France,Male
1954,Peace,Winner8981,Germany,Female
1955,Literature,Winner8982,Kenya,Female
1956,Physics,Winner8983,Israel,Female
1957,Literature,Winner8984,Canada,Female
1958,Physics,Winner8985,USA,Male
1959,Medicine,Winner8986,Canada,Male
1960,Medicine,Winner8987,France,Male
1961,Chemistry,Winner8988,France,Male
1962,Economics,Winner8989,Germany,Female
1963,Peace,Winner8990,Israel,Male
1964,Physics,Winner8991,Germany,Female
1965,Literature,Winner8992,Brazil,Male
1966,Literature,Winner8993,Kenya,Female
1967,Peace,Winner8994,USA,Male
1968,Literature,Winner8995,Kenya,Male
1969,Medicine,Winner8996,France,Female
1970,Medicine,Winner8997,Canada,Male
1971,Medicine,Winner8998,Japan,Male
1972,Peace,Winner8999,France,Male
1973,Chemistry,Winner9000,India,Male
1974,Literature,Winner9001,Japan,Female
1975,Medicine,Winner9002,Canada,Female
1976,Chemistry,Winner9003,Canada,Male
1977,Physics,Winner9004,Brazil,Female
1978,Chemistry,Winner9005,Kenya,Male
1979,Literature,Winner9006,Germany,Male
1980,Peace,Winner9007,Israel,Female
1981,Economics,Winner9008,Canada,Female
1982,Medicine,Winner9009,Israel,Male
1983,Economics,Winner9010,France,Female
1984,Economics,Winner9011,Kenya,Female
1985,Medicine,Winner9012,UK,Female
1986,Peace,Winner9013,USA,Male
1987,Chemistry,Winner9014,Brazil,Female
1988,Physics,Winner9015,France,Female
1989,Medicine,Winner9016,UK,Male
1990,Medicine,Winner9017,Japan,Female
1991,Peace,Winner9018,Canada,Female
1992,Chemistry,Winner9019,France,Male
1993,Peace,Winner9020,USA,Female
1994,Literature,Winner9021,Germany,Male
1995,Physics,Winner9022,Japan,Female
1996,Medicine,Winner9023,Canada,Male
1997,Medicine,Winner9024,Kenya,Female
1998,Peace,Winner9025,Germany,Male
1999,Medicine,Winner9026,UK,Male
2000,Medicine,Winner9027,Israel,Female
2001,Peace,Winner9028,Brazil,Female
2002,Peace,Winner9029,India,Male
2003,Physics,Winner9030,France,Male
2004,Medicine,Winner9031,USA,Female
2005,Medicine,Winner9032,Germany,Female
2006,Literature,Winner9033,Canada,Female
2007,Physics,Winner9034,Brazil,Male
2008,Physics,Winner9035,Brazil,Female
2009,Peace,Winner9036,USA,Male
2010,Physics,Winner9037,Brazil,Female
2011,Chemistry,Winner9038,UK,Female
2012,Chemistry,Winner9039,Israel,Male
2013,Medicine,Winner9040,UK,Male
2014,Medicine,Winner9041,Germany,Female
2015,Literature,Winner9042,Brazil,Female
2016,Chemistry,Winner9043,UK,Male
2017,Literature,Winner9044,Brazil,Male
2018,Peace,Winner9045,Kenya,Male
2019,Physics,Winner9046,Israel,Female
2020,Economics,Winner9047,Brazil,Female
2021,Literature,Winner9048,Japan,Male
2022,Medicine,Winner9049,Kenya,Male
2023,Literature,Winner9050,Brazil,Male
2024,Chemistry,Winner9051,Canada,Male
1901,Chemistry,Winner9052,UK,Female
1902,Medicine,Winner9053,France,Male
1903,Physics,Winner9054,Canada,Male
1904,Physics,Winner9055,France,Male
1905,Physics,Winner9056,France,Female
1906,Medicine,Winner9057,India,Male
1907,Economics,Winner9058,India,Male
1908,Chemistry,Winner9059,Japan,Male
1909,Physics,Winner9060,Japan,Male
1910,Physics,Winner9061,Canada,Female
1911,Literature,Winner9062,USA,Male
1912,Medicine,Winner9063,UK,Female
1913,Medicine,Winner9064,Israel,Male
1914,Physics,Winner9065,UK,Female
1915,Literature,Winner9066,Germany,Male
1916,Economics,Winner9067,Brazil,Male
1917,Chemistry,Winner9068,France,Male
1918,Medicine,Winner9069,USA,Male
1919,Medicine,Winner9070,Germany,Male
1920,Chemistry,Winner9071,France,Male
1921,Medicine,Winner9072,Canada,Male
1922,Economics,Winner9073,USA,Male
1923,Economics,Winner9074,Israel,Male
1924,Physics,Winner9075,UK,Male
1925,Medicine,Winner9076,Brazil,Female
1926,Chemistry,Winner9077,Germany,Male
1927,Chemistry,Winner9078,Germany,Male
1928,Medicine,Winner9079,France,Female
1929,Physics,Winner9080,Germany,Male
1930,Chemistry,Winner9081,Israel,Female
1931,Medicine,Winner9082,Canada,Female
1932,Medicine,Winner9083,France,Male
1933,Medicine,Winner9084,France,Female
1934,Medicine,Winner9085,Japan,Female
1935,Literature,Winner9086,USA,Male
1936,Medicine,Winner9087,Israel,Female
1937,Literature,Winner9088,Germany,Female
1938,Chemistry,Winner9089,USA,Female
1939,Chemistry,Winner9090,Canada,Female
1940,Economics,Winner9091,Kenya,Male
1941,Medicine,Winner9092,Israel,Female
1942,Chemistry,Winner9093,Israel,Female
1943,Chemistry,Winner9094,India,Female
1944,Physics,Winner9095,India,Male
1945,Literature,Winner9096,Canada,Female
1946,Medicine,Winner9097,Israel,Male
1947,Medicine,Winner9098,Kenya,Female
1948,Chemistry,Winner9099,India,Male
1949,Economics,Winner9100,Brazil,Male
1950,Peace,Winner9101,Canada,Female
1951,Medicine,Winner9102,UK,Female
1952,Literature,Winner9103,India,Male
1953,Chemistry,Winner9104,Canada,Female
1954,Chemistry,Winner9105,Japan,Female
1955,Medicine,Winner9106,Canada,Female
1956,Economics,Winner9107,India,Male
1957,Medicine,Winner9108,Germany,Female
1958,Chemistry,Winner9109,Israel,Female
1959,Economics,Winner9110,Germany,Male
1960,Medicine,Winner9111,Germany,Female
1961,Literature,Winner9112,Israel,Male
1962,Medicine,Winner9113,UK,Female
1963,Literature,Winner9114,UK,Male
1964,Economics,Winner9115,Kenya,Female
1965,Chemistry,Winner9116,Brazil,Male
1966,Medicine,Winner9117,Japan,Male
1967,Economics,Winner9118,Japan,Female
1968,Peace,Winner9119,India,Female
1969,Chemistry,Winner9120,Israel,Male
1970,Literature,Winner9121,UK,Female
1971,Economics,Winner9122,Brazil,Male
1972,Medicine,Winner9123,Israel,Female
1973,Peace,Winner9124,Germany,Male
1974,Literature,Winner9125,UK,Female
1975,Chemistry,Winner9126,Brazil,Male
1976,Physics,Winner9127,Canada,Male
1977,Economics,Winner9128,Kenya,Male
1978,Physics,Winner9129,Germany,Male
1979,Literature,Winner9130,Germany,Female
1980,Chemistry,Winner9131,Canada,Male
1981,Literature,Winner9132,France,Male
1982,Physics,Winner9133,Japan,Female
1983,Literature,Winner9134,Brazil,Male
1984,Peace,Winner9135,France,Female
1985,Economics,Winner9136,Japan,Male
1986,Physics,Winner9137,France,Male
1987,Medicine,Winner9138,Canada,Male
1988,Peace,Winner9139,Japan,Female
1989,Literature,Winner9140,France,Female
1990,Economics,Winner9141,Japan,Male
1991,Economics,Winner9142,Israel,Male
1992,Literature,Winner9143,Japan,Female
1993,Literature,Winner9144,Germany,Male
1994,Peace,Winner9145,UK,Female
1995,Chemistry,Winner9146,Israel,Female
1996,Physics,Winner9147,Germany,Female
1997,Peace,Winner9148,Japan,Male
1998,Economics,Winner9149,UK,Male
1999,Economics,Winner9150,Canada,Female
2000,Economics,Winner9151,Japan,Female
2001,Physics,Winner9152,Israel,Female
2002,Literature,Winner9153,USA,Female
2003,Economics,Winner9154,Brazil,Male
2004,Chemistry,Winner9155,India,Male
2005,Peace,Winner9156,UK,Male
2006,Physics,Winner9157,Canada,Male
2007,Chemistry,Winner9158,India,Male
2008,Physics,Winner9159,Canada,Male
2009,Peace,Winner9160,Israel,Female
2010,Economics,Winner9161,Israel,Male
2011,Physics,Winner9162,Germany,Male
2012,Chemistry,Winner9163,Japan,Female
2013,Chemistry,Winner9164,Kenya,Female
2014,Literature,Winner9165,Germany,Female
2015,Peace,Winner9166,UK,Female
2016,Physics,Winner9167,Israel,Female
2017,Physics,Winner9168,USA,Male
2018,Literature,Winner9169,Kenya,Male
2019,Physics,Winner9170,UK,Female
2020,Peace,Winner9171,UK,Male
2021,Literature,Winner9172,USA,Female
2022,Peace,Winner9173,Israel,Male
2023,Physics,Winner9174,USA,Female
2024,Economics,Winner9175,France,Male
1901,Chemistry,Winner9176,Brazil,Female
1902,Literature,Winner9177,UK,Female
1903,Peace,Winner9178,USA,Male
1904,Peace,Winner9179,Israel,Male
1905,Chemistry,Winner9180,Japan,Male
1906,Physics,Winner9181,Germany,Female
1907,Peace,Winner9182,India,Female
1908,Peace,Winner9183,Japan,Male
1909,Physics,Winner9184,Germany,Female
1910,Chemistry,Winner9185,UK,Female
1911,Physics,Winner9186,Kenya,Male
1912,Literature,Winner9187,Israel,Male
1913,Chemistry,Winner9188,Brazil,Female
1914,Physics,Winner9189,UK,Female
1915,Literature,Winner9190,UK,Male
1916,Literature,Winner9191,UK,Male
1917,Chemistry,Winner9192,UK,Female
1918,Physics,Winner9193,France,Female
1919,Literature,Winner9194,USA,Male
1920,Peace,Winner9195,Brazil,Male
1921,Medicine,Winner9196,UK,Male
1922,Chemistry,Winner9197,Brazil,Female
1923,Economics,Winner9198,Japan,Female
1924,Chemistry,Winner9199,Kenya,Male
1925,Peace,Winner9200,Germany,Female
1926,Literature,Winner9201,Brazil,Female
1927,Literature,Winner9202,Canada,Female
1928,Literature,Winner9203,Germany,Male
1929,Chemistry,Winner9204,Brazil,Male
1930,Physics,Winner9205,Kenya,Female
1931,Peace,Winner9206,UK,Female
1932,Physics,Winner9207,Israel,Female
1933,Chemistry,Winner9208,Germany,Male
1934,Physics,Winner9209,India,Female
1935,Physics,Winner9210,UK,Male
1936,Physics,Winner9211,India,Male
1937,Medicine,Winner9212,USA,Female
1938,Peace,Winner9213,Canada,Male
1939,Literature,Winner9214,UK,Female
1940,Peace,Winner9215,Japan,Female
1941,Medicine,Winner9216,France,Female
1942,Chemistry,Winner9217,Kenya,Female
1943,Physics,Winner9218,USA,Male
1944,Economics,Winner9219,India,Female
1945,Literature,Winner9220,UK,Female
1946,Peace,Winner9221,Brazil,Female
1947,Peace,Winner9222,Brazil,Female
1948,Literature,Winner9223,Canada,Female
1949,Peace,Winner9224,Israel,Male
1950,Physics,Winner9225,USA,Female
1951,Physics,Winner9226,Israel,Female
1952,Literature,Winner9227,Kenya,Female
1953,Economics,Winner9228,Canada,Male
1954,Medicine,Winner9229,India,Female
1955,Chemistry,Winner9230,France,Female
1956,Economics,Winner9231,UK,Female
1957,Chemistry,Winner9232,Canada,Female
1958,Chemistry,Winner9233,India,Female
1959,Medicine,Winner9234,USA,Female
1960,Literature,Winner9235,USA,Female
1961,Physics,Winner9236,USA,Male
1962,Medicine,Winner9237,Japan,Male
1963,Chemistry,Winner9238,USA,Female
1964,Peace,Winner9239,Canada,Male
1965,Medicine,Winner9240,USA,Female
1966,Physics,Winner9241,USA,Male
1967,Economics,Winner9242,Canada,Female
1968,Peace,Winner9243,Israel,Male
1969,Economics,Winner9244,Japan,Male
1970,Literature,Winner9245,France,Male
1971,Physics,Winner9246,Kenya,Female
1972,Chemistry,Winner9247,Germany,Male
1973,Physics,Winner9248,India,Male
1974,Chemistry,Winner9249,Germany,Male
1975,Peace,Winner9250,France,Male
1976,Chemistry,Winner9251,Brazil,Male
1977,Medicine,Winner9252,USA,Female
1978,Literature,Winner9253,India,Male
1979,Peace,Winner9254,Germany,Female
1980,Peace,Winner9255,Israel,Female
1981,Physics,Winner9256,USA,Female
1982,Physics,Winner9257,USA,Female
1983,Literature,Winner9258,Israel,Male
1984,Chemistry,Winner9259,India,Male
1985,Economics,Winner9260,UK,Male
1986,Medicine,Winner9261,USA,Female
1987,Chemistry,Winner9262,India,Female
1988,Chemistry,Winner9263,France,Male
1989,Physics,Winner9264,Canada,Female
1990,Physics,Winner9265,India,Female
1991,Peace,Winner9266,USA,Female
1992,Peace,Winner9267,Germany,Male
1993,Chemistry,Winner9268,Brazil,Male
1994,Physics,Winner9269,USA,Female
1995,Physics,Winner9270,Israel,Female
1996,Economics,Winner9271,India,Male
1997,Medicine,Winner9272,UK,Female
1998,Chemistry,Winner9273,Brazil,Male
1999,Economics,Winner9274,Japan,Female
2000,Literature,Winner9275,Brazil,Female
2001,Literature,Winner9276,Japan,Male
2002,Peace,Winner9277,USA,Male
2003,Physics,Winner9278,Brazil,Male
2004,Physics,Winner9279,Canada,Male
2005,Medicine,Winner9280,Kenya,Male
2006,Economics,Winner9281,Germany,Female
2007,Peace,Winner9282,Israel,Male
2008,Economics,Winner9283,France,Male
2009,Chemistry,Winner9284,Israel,Female
2010,Medicine,Winner9285,Germany,Female
2011,Peace,Winner9286,Israel,Male
2012,Medicine,Winner9287,India,Female
2013,Medicine,Winner9288,Kenya,Female
2014,Peace,Winner9289,Israel,Female
2015,Economics,Winner9290,USA,Female
2016,Chemistry,Winner9291,Israel,Male
2017,Literature,Winner9292,Israel,Female
2018,Peace,Winner9293,USA,Female
2019,Medicine,Winner9294,France,Female
2020,Physics,Winner9295,Canada,Male
2021,Economics,Winner9296,USA,Female
2022,Medicine,Winner9297,Canada,Female
2023,Chemistry,Winner9298,Germany,Female
2024,Medicine,Winner9299,India,Female
1901,Physics,Winner9300,UK,Female
1902,Medicine,Winner9301,France,Female
1903,Literature,Winner9302,UK,Male
1904,Literature,Winner9303,Brazil,Male
1905,Medicine,Winner9304,Israel,Male
1906,Chemistry,Winner9305,India,Male
1907,Economics,Winner9306,USA,Female
1908,Chemistry,Winner9307,Kenya,Female
1909,Peace,Winner9308,Israel,Male
1910,Economics,Winner9309,Israel,Female
1911,Medicine,Winner9310,Japan,Female
1912,Literature,Winner9311,Kenya,Male
1913,Medicine,Winner9312,USA,Female
1914,Economics,Winner9313,France,Male
1915,Economics,Winner9314,France,Female
1916,Chemistry,Winner9315,Germany,Female
1917,Peace,Winner9316,USA,Male
1918,Medicine,Winner9317,UK,Female
1919,Economics,Winner9318,France,Female
1920,Physics,Winner9319,India,Female
1921,Chemistry,Winner9320,Canada,Male
1922,Medicine,Winner9321,Brazil,Female
1923,Medicine,Winner9322,Kenya,Female
1924,Peace,Winner9323,USA,Female
1925,Chemistry,Winner9324,Kenya,Female
1926,Physics,Winner9325,France,Female
1927,Chemistry,Winner9326,India,Female
1928,Physics,Winner9327,Germany,Male
1929,Chemistry,Winner9328,France,Female
1930,Economics,Winner9329,Israel,Female
1931,Medicine,Winner9330,France,Male
1932,Physics,Winner9331,India,Male
1933,Peace,Winner9332,Canada,Male
1934,Physics,Winner9333,Japan,Male
1935,Chemistry,Winner9334,Israel,Female
1936,Literature,Winner9335,France,Male
1937,Literature,Winner9336,France,Male
1938,Literature,Winner9337,Japan,Male
1939,Peace,Winner9338,France,Male
1940,Physics,Winner9339,Japan,Male
1941,Literature,Winner9340,Kenya,Male
1942,Physics,Winner9341,India,Male
1943,Peace,Winner9342,France,Female
1944,Literature,Winner9343,Israel,Male
1945,Literature,Winner9344,USA,Female
1946,Chemistry,Winner9345,France,Female
1947,Physics,Winner9346,Germany,Male
1948,Chemistry,Winner9347,Israel,Male
1949,Peace,Winner9348,USA,Female
1950,Peace,Winner9349,India,Male
1951,Chemistry,Winner9350,France,Male
1952,Literature,Winner9351,UK,Male
1953,Physics,Winner9352,Israel,Male
1954,Economics,Winner9353,Germany,Male
1955,Medicine,Winner9354,Israel,Male
1956,Literature,Winner9355,Israel,Female
1957,Physics,Winner9356,Israel,Male
1958,Physics,Winner9357,USA,Male
1959,Chemistry,Winner9358,Israel,Female
1960,Literature,Winner9359,UK,Female
1961,Chemistry,Winner9360,France,Female
1962,Literature,Winner9361,Japan,Female
1963,Physics,Winner9362,Brazil,Female
1964,Medicine,Winner9363,Israel,Female
1965,Physics,Winner9364,Kenya,Male
1966,Chemistry,Winner9365,USA,Female
1967,Medicine,Winner9366,Germany,Male
1968,Economics,Winner9367,Germany,Male
1969,Literature,Winner9368,Kenya,Female
1970,Peace,Winner9369,UK,Female
1971,Medicine,Winner9370,Canada,Female
1972,Literature,Winner9371,Japan,Male
1973,Literature,Winner9372,USA,Male
1974,Peace,Winner9373,Japan,Female
1975,Chemistry,Winner9374,Israel,Male
1976,Physics,Winner9375,Kenya,Female
1977,Literature,Winner9376,Canada,Female
1978,Medicine,Winner9377,USA,Female
1979,Chemistry,Winner9378,Kenya,Female
1980,Physics,Winner9379,France,Male
1981,Peace,Winner9380,France,Male
1982,Economics,Winner9381,India,Female
1983,Peace,Winner9382,USA,Female
1984,Economics,Winner9383,UK,Male
1985,Chemistry,Winner9384,France,Male
1986,Physics,Winner9385,UK,Female
1987,Literature,Winner9386,Brazil,Female
1988,Physics,Winner9387,Canada,Female
1989,Economics,Winner9388,Canada,Male
1990,Medicine,Winner9389,Germany,Male
1991,Chemistry,Winner9390,Germany,Female
1992,Physics,Winner9391,Brazil,Female
1993,Peace,Winner9392,France,Male
1994,Chemistry,Winner9393,Canada,Female
1995,Economics,Winner9394,Brazil,Female
1996,Literature,Winner9395,Germany,Female
1997,Physics,Winner9396,UK,Female
1998,Chemistry,Winner9397,Israel,Female
1999,Chemistry,Winner9398,USA,Male
2000,Physics,Winner9399,Germany,Female
2001,Medicine,Winner9400,Germany,Male
2002,Chemistry,Winner9401,UK,Male
2003,Chemistry,Winner9402,Japan,Female
2004,Medicine,Winner9403,Israel,Female
2005,Literature,Winner9404,Israel,Male
2006,Chemistry,Winner9405,Kenya,Female
2007,Physics,Winner9406,Kenya,Male
2008,Economics,Winner9407,Kenya,Female
2009,Medicine,Winner9408,Israel,Male
2010,Medicine,Winner9409,Germany,Male
2011,Physics,Winner9410,UK,Male
2012,Medicine,Winner9411,USA,Female
2013,Medicine,Winner9412,France,Female
2014,Literature,Winner9413,Japan,Male
2015,Literature,Winner9414,Kenya,Male
2016,Medicine,Winner9415,UK,Male
2017,Literature,Winner9416,France,Female
2018,Medicine,Winner9417,India,Male
2019,Chemistry,Winner9418,Kenya,Female
2020,Economics,Winner9419,Canada,Female
2021,Literature,Winner9420,Israel,Female
2022,Literature,Winner9421,Japan,Female
2023,Peace,Winner9422,Japan,Female
2024,Chemistry,Winner9423,France,Female
1901,Peace,Winner9424,Japan,Female
1902,Physics,Winner9425,USA,Female
1903,Literature,Winner9426,France,Female
1904,Physics,Winner9427,Canada,Male
1905,Peace,Winner9428,Canada,Female
1906,Literature,Winner9429,Brazil,Female
1907,Physics,Winner9430,France,Male
1908,Literature,Winner9431,France,Female
1909,Literature,Winner9432,Kenya,Male
1910,Peace,Winner9433,Germany,Female
1911,Economics,Winner9434,USA,Female
1912,Peace,Winner9435,Germany,Female
1913,Economics,Winner9436,Japan,Male
1914,Physics,Winner9437,France,Male
1915,Medicine,Winner9438,Canada,Female
1916,Physics,Winner9439,France,Male
1917,Chemistry,Winner9440,Japan,Female
1918,Literature,Winner9441,Brazil,Male
1919,Medicine,Winner9442,India,Female
1920,Economics,Winner9443,Israel,Female
1921,Chemistry,Winner9444,India,Male
1922,Peace,Winner9445,Japan,Male
1923,Literature,Winner9446,USA,Male
1924,Chemistry,Winner9447,Israel,Male
1925,Physics,Winner9448,Japan,Female
1926,Peace,Winner9449,France,Male
1927,Chemistry,Winner9450,Kenya,Male
1928,Economics,Winner9451,USA,Female
1929,Medicine,Winner9452,UK,Female
1930,Literature,Winner9453,Canada,Female
1931,Physics,Winner9454,Canada,Male
1932,Literature,Winner9455,Germany,Male
1933,Peace,Winner9456,Canada,Male
1934,Physics,Winner9457,UK,Male
1935,Chemistry,Winner9458,France,Male
1936,Physics,Winner9459,Brazil,Female
1937,Peace,Winner9460,Japan,Male
1938,Literature,Winner9461,Japan,Male
1939,Chemistry,Winner9462,Germany,Female
1940,Literature,Winner9463,Israel,Female
1941,Physics,Winner9464,Brazil,Male
1942,Economics,Winner9465,Brazil,Female
1943,Literature,Winner9466,UK,Male
1944,Literature,Winner9467,USA,Female
1945,Economics,Winner9468,Japan,Female
1946,Literature,Winner9469,Israel,Male
1947,Physics,Winner9470,Brazil,Female
1948,Literature,Winner9471,Japan,Male
1949,Physics,Winner9472,Germany,Male
1950,Medicine,Winner9473,Israel,Female
1951,Physics,Winner9474,Israel,Male
1952,Medicine,Winner9475,USA,Male
1953,Physics,Winner9476,UK,Female
1954,Medicine,Winner9477,Canada,Male
1955,Literature,Winner9478,India,Male
1956,Peace,Winner9479,USA,Male
1957,Peace,Winner9480,Brazil,Male
1958,Medicine,Winner9481,Japan,Male
1959,Physics,Winner9482,Japan,Male
1960,Medicine,Winner9483,Germany,Male
1961,Medicine,Winner9484,Canada,Female
1962,Peace,Winner9485,India,Male
1963,Economics,Winner9486,Germany,Female
1964,Chemistry,Winner9487,Brazil,Male
1965,Medicine,Winner9488,Brazil,Male
1966,Literature,Winner9489,Japan,Female
1967,Medicine,Winner9490,India,Male
1968,Chemistry,Winner9491,USA,Male
1969,Physics,Winner9492,Canada,Female
1970,Literature,Winner9493,Japan,Female
1971,Physics,Winner9494,Kenya,Female
1972,Peace,Winner9495,Japan,Male
1973,Physics,Winner9496,Israel,Male
1974,Chemistry,Winner9497,Kenya,Male
1975,Literature,Winner9498,Israel,Male
1976,Literature,Winner9499,UK,Female
1977,Physics,Winner9500,UK,Female
1978,Peace,Winner9501,Canada,Female
1979,Peace,Winner9502,Canada,Male
1980,Physics,Winner9503,Israel,Female
1981,Literature,Winner9504,Kenya,Female
1982,Peace,Winner9505,Brazil,Male
1983,Economics,Winner9506,Germany,Male
1984,Literature,Winner9507,UK,Female
1985,Physics,Winner9508,India,Male
1986,Medicine,Winner9509,Brazil,Male
1987,Medicine,Winner9510,Germany,Female
1988,Medicine,Winner9511,Brazil,Male
1989,Peace,Winner9512,India,Female
1990,Medicine,Winner9513,Kenya,Male
1991,Peace,Winner9514,India,Male
1992,Medicine,Winner9515,Germany,Male
1993,Peace,Winner9516,Israel,Male
1994,Medicine,Winner9517,France,Female
1995,Literature,Winner9518,France,Male
1996,Literature,Winner9519,Kenya,Female
1997,Peace,Winner9520,USA,Male
1998,Economics,Winner9521,India,Female
1999,Literature,Winner9522,Canada,Female
2000,Peace,Winner9523,Germany,Male
2001,Chemistry,Winner9524,USA,Male
2002,Peace,Winner9525,India,Male
2003,Chemistry,Winner9526,Kenya,Male
2004,Literature,Winner9527,Canada,Female
2005,Peace,Winner9528,Brazil,Male
2006,Medicine,Winner9529,India,Male
2007,Economics,Winner9530,India,Male
2008,Chemistry,Winner9531,India,Male
2009,Peace,Winner9532,India,Female
2010,Literature,Winner9533,UK,Male
2011,Physics,Winner9534,Brazil,Female
2012,Chemistry,Winner9535,USA,Female
2013,Chemistry,Winner9536,USA,Female
2014,Chemistry,Winner9537,Brazil,Male
2015,Literature,Winner9538,Kenya,Female
2016,Literature,Winner9539,UK,Male
2017,Peace,Winner9540,Japan,Male
2018,Medicine,Winner9541,France,Female
2019,Economics,Winner9542,Brazil,Female
2020,Chemistry,Winner9543,USA,Male
2021,Physics,Winner9544,Kenya,Male
2022,Chemistry,Winner9545,UK,Male
2023,Chemistry,Winner9546,Japan,Male
2024,Chemistry,Winner9547,Japan,Female
1901,Literature,Winner9548,Germany,Male
1902,Medicine,Winner9549,Kenya,Female
1903,Literature,Winner9550,UK,Female
1904,Physics,Winner9551,Israel,Female
1905,Physics,Winner9552,Canada,Female
1906,Economics,Winner9553,Israel,Female
1907,Medicine,Winner9554,Canada,Female
1908,Literature,Winner9555,Canada,Female
1909,Physics,Winner9556,Israel,Female
1910,Peace,Winner9557,Germany,Male
1911,Medicine,Winner9558,Japan,Male
1912,Physics,Winner9559,Israel,Female
1913,Chemistry,Winner9560,France,Female
1914,Chemistry,Winner9561,Canada,Female
1915,Chemistry,Winner9562,Kenya,Male
1916,Economics,Winner9563,France,Male
1917,Physics,Winner9564,Israel,Male
1918,Medicine,Winner9565,Germany,Male
1919,Literature,Winner9566,USA,Female
1920,Economics,Winner9567,Japan,Female
1921,Economics,Winner9568,Germany,Female
1922,Physics,Winner9569,UK,Female
1923,Literature,Winner9570,Israel,Male
1924,Physics,Winner9571,India,Male
1925,Economics,Winner9572,UK,Male
1926,Physics,Winner9573,Canada,Male
1927,Literature,Winner9574,USA,Male
1928,Peace,Winner9575,USA,Male
1929,Literature,Winner9576,India,Male
1930,Economics,Winner9577,Japan,Female
1931,Medicine,Winner9578,Israel,Female
1932,Peace,Winner9579,Germany,Male
1933,Medicine,Winner9580,Japan,Male
1934,Medicine,Winner9581,Kenya,Male
1935,Peace,Winner9582,France,Male
1936,Medicine,Winner9583,Israel,Female
1937,Literature,Winner9584,Israel,Male
1938,Medicine,Winner9585,Canada,Male
1939,Economics,Winner9586,Brazil,Female
1940,Economics,Winner9587,Canada,Female
1941,Economics,Winner9588,Germany,Male
1942,Physics,Winner9589,Germany,Male
1943,Literature,Winner9590,France,Female
1944,Literature,Winner9591,India,Male
1945,Peace,Winner9592,France,Female
1946,Literature,Winner9593,Brazil,Female
1947,Medicine,Winner9594,Israel,Male
1948,Economics,Winner9595,Kenya,Male
1949,Medicine,Winner9596,USA,Male
1950,Physics,Winner9597,France,Male
1951,Peace,Winner9598,Canada,Male
1952,Physics,Winner9599,Japan,Female
1953,Physics,Winner9600,India,Male
1954,Peace,Winner9601,USA,Female
1955,Medicine,Winner9602,Germany,Male
1956,Literature,Winner9603,UK,Female
1957,Economics,Winner9604,Germany,Male
1958,Economics,Winner9605,Germany,Male
1959,Medicine,Winner9606,Canada,Male
1960,Literature,Winner9607,Israel,Male
1961,Physics,Winner9608,UK,Male
1962,Physics,Winner9609,USA,Male
1963,Peace,Winner9610,Israel,Male
1964,Physics,Winner9611,Brazil,Female
1965,Peace,Winner9612,UK,Male
1966,Medicine,Winner9613,Brazil,Male
1967,Chemistry,Winner9614,Brazil,Male
1968,Medicine,Winner9615,Japan,Male
1969,Medicine,Winner9616,Brazil,Male
1970,Peace,Winner9617,USA,Male
1971,Physics,Winner9618,Japan,Male
1972,Economics,Winner9619,Kenya,Female
1973,Literature,Winner9620,UK,Male
1974,Literature,Winner9621,Canada,Male
1975,Peace,Winner9622,USA,Male
1976,Chemistry,Winner9623,France,Female
1977,Peace,Winner9624,UK,Female
1978,Peace,Winner9625,Japan,Female
1979,Economics,Winner9626,Japan,Female
1980,Physics,Winner9627,India,Male
1981,Physics,Winner9628,UK,Male
1982,Medicine,Winner9629,Brazil,Male
1983,Economics,Winner9630,Germany,Male
1984,Peace,Winner9631,Canada,Female
1985,Chemistry,Winner9632,Israel,Female
1986,Peace,Winner9633,Brazil,Female
1987,Chemistry,Winner9634,UK,Male
1988,Economics,Winner9635,Japan,Male
1989,Economics,Winner9636,Canada,Male
1990,Literature,Winner9637,Canada,Female
1991,Economics,Winner9638,USA,Male
1992,Literature,Winner9639,Kenya,Female
1993,Literature,Winner9640,UK,Female
1994,Literature,Winner9641,Canada,Male
1995,Economics,Winner9642,Brazil,Male
1996,Literature,Winner9643,Germany,Female
1997,Peace,Winner9644,Brazil,Female
1998,Physics,Winner9645,UK,Female
1999,Economics,Winner9646,France,Female
2000,Literature,Winner9647,France,Male
2001,Chemistry,Winner9648,Canada,Female
2002,Literature,Winner9649,Kenya,Male
2003,Peace,Winner9650,Germany,Female
2004,Economics,Winner9651,Canada,Male
2005,Literature,Winner9652,India,Male
2006,Chemistry,Winner9653,Brazil,Male
2007,Literature,Winner9654,Japan,Male
2008,Medicine,Winner9655,Israel,Male
2009,Chemistry,Winner9656,India,Female
2010,Peace,Winner9657,Kenya,Female
2011,Literature,Winner9658,France,Female
2012,Medicine,Winner9659,Israel,Female
2013,Literature,Winner9660,Japan,Male
2014,Peace,Winner9661,Germany,Female
2015,Economics,Winner9662,Brazil,Male
2016,Medicine,Winner9663,USA,Male
2017,Economics,Winner9664,Japan,Male
2018,Literature,Winner9665,UK,Female
2019,Medicine,Winner9666,Kenya,Male
2020,Peace,Winner9667,UK,Male
2021,Peace,Winner9668,India,Female
2022,Medicine,Winner9669,UK,Female
2023,Physics,Winner9670,UK,Female
2024,Peace,Winner9671,Canada,Male
1901,Physics,Winner9672,India,Male
1902,Physics,Winner9673,Israel,Male
1903,Medicine,Winner9674,Japan,Male
1904,Peace,Winner9675,Kenya,Female
1905,Medicine,Winner9676,Kenya,Male
1906,Economics,Winner9677,Germany,Male
1907,Chemistry,Winner9678,Israel,Male
1908,Physics,Winner9679,UK,Male
1909,Economics,Winner9680,France,Female
1910,Economics,Winner9681,USA,Male
1911,Economics,Winner9682,Brazil,Female
1912,Economics,Winner9683,USA,Female
1913,Medicine,Winner9684,France,Male
1914,Literature,Winner9685,Israel,Female
1915,Chemistry,Winner9686,France,Male
1916,Chemistry,Winner9687,Germany,Female
1917,Peace,Winner9688,Germany,Male
1918,Economics,Winner9689,Brazil,Male
1919,Literature,Winner9690,France,Male
1920,Physics,Winner9691,Kenya,Male
1921,Physics,Winner9692,France,Female
1922,Chemistry,Winner9693,Canada,Female
1923,Chemistry,Winner9694,Japan,Female
1924,Medicine,Winner9695,Germany,Female
1925,Economics,Winner9696,Japan,Male
1926,Economics,Winner9697,India,Female
1927,Economics,Winner9698,UK,Female
1928,Medicine,Winner9699,Canada,Female
1929,Literature,Winner9700,Kenya,Female
1930,Physics,Winner9701,Canada,Female
1931,Chemistry,Winner9702,India,Female
1932,Medicine,Winner9703,India,Male
1933,Medicine,Winner9704,India,Male
1934,Medicine,Winner9705,Canada,Female
1935,Peace,Winner9706,Brazil,Female
1936,Medicine,Winner9707,Brazil,Male
1937,Economics,Winner9708,Japan,Male
1938,Medicine,Winner9709,Brazil,Male
1939,Economics,Winner9710,India,Female
1940,Economics,Winner9711,France,Female
1941,Literature,Winner9712,Germany,Female
1942,Literature,Winner9713,Japan,Female
1943,Chemistry,Winner9714,France,Male
1944,Economics,Winner9715,Kenya,Female
1945,Medicine,Winner9716,Brazil,Female
1946,Physics,Winner9717,Brazil,Female
1947,Chemistry,Winner9718,France,Female
1948,Peace,Winner9719,Brazil,Male
1949,Economics,Winner9720,Japan,Female
1950,Chemistry,Winner9721,Canada,Female
1951,Peace,Winner9722,USA,Female
1952,Physics,Winner9723,Japan,Female
1953,Physics,Winner9724,India,Male
1954,Peace,Winner9725,France,Female
1955,Literature,Winner9726,Kenya,Male
1956,Economics,Winner9727,USA,Male
1957,Literature,Winner9728,Germany,Female
1958,Chemistry,Winner9729,Israel,Male
1959,Peace,Winner9730,USA,Female
1960,Literature,Winner9731,Germany,Female
1961,Chemistry,Winner9732,Israel,Female
1962,Medicine,Winner9733,India,Male
1963,Chemistry,Winner9734,Brazil,Male
1964,Physics,Winner9735,Canada,Male
1965,Medicine,Winner9736,Brazil,Female
1966,Physics,Winner9737,India,Male
1967,Economics,Winner9738,France,Male
1968,Medicine,Winner9739,India,Male
1969,Economics,Winner9740,France,Male
1970,Medicine,Winner9741,Germany,Female
1971,Chemistry,Winner9742,UK,Male
1972,Literature,Winner9743,Israel,Female
1973,Economics,Winner9744,Germany,Male
1974,Literature,Winner9745,Israel,Female
1975,Chemistry,Winner9746,UK,Male
1976,Physics,Winner9747,France,Male
1977,Economics,Winner9748,India,Male
1978,Medicine,Winner9749,France,Female
1979,Medicine,Winner9750,France,Female
1980,Medicine,Winner9751,France,Female
1981,Economics,Winner9752,Canada,Male
1982,Economics,Winner9753,India,Male
1983,Economics,Winner9754,USA,Female
1984,Literature,Winner9755,Germany,Male
1985,Peace,Winner9756,India,Female
1986,Medicine,Winner9757,India,Male
1987,Medicine,Winner9758,Canada,Male
1988,Peace,Winner9759,UK,Male
1989,Medicine,Winner9760,UK,Male
1990,Literature,Winner9761,Japan,Female
1991,Medicine,Winner9762,India,Male
1992,Economics,Winner9763,Kenya,Male
1993,Literature,Winner9764,France,Female
1994,Chemistry,Winner9765,Brazil,Male
1995,Literature,Winner9766,Kenya,Male
1996,Chemistry,Winner9767,Kenya,Female
1997,Literature,Winner9768,UK,Male
1998,Physics,Winner9769,India,Female
1999,Medicine,Winner9770,Canada,Male
2000,Literature,Winner9771,Japan,Male
2001,Chemistry,Winner9772,Canada,Male
2002,Peace,Winner9773,Japan,Male
2003,Peace,Winner9774,Kenya,Female
2004,Chemistry,Winner9775,USA,Male
2005,Literature,Winner9776,Israel,Male
2006,Physics,Winner9777,Israel,Female
2007,Chemistry,Winner9778,USA,Male
2008,Peace,Winner9779,Israel,Female
2009,Physics,Winner9780,Canada,Female
2010,Physics,Winner9781,Japan,Female
2011,Physics,Winner9782,India,Male
2012,Chemistry,Winner9783,Canada,Female
2013,Chemistry,Winner9784,UK,Male
2014,Chemistry,Winner9785,Japan,Male
2015,Peace,Winner9786,Brazil,Male
2016,Medicine,Winner9787,Brazil,Female
2017,Physics,Winner9788,Japan,Male
2018,Physics,Winner9789,France,Female
2019,Peace,Winner9790,Germany,Female
2020,Medicine,Winner9791,India,Male
2021,Economics,Winner9792,France,Male
2022,Economics,Winner9793,Germany,Male
2023,Chemistry,Winner9794,Japan,Male
2024,Literature,Winner9795,India,Female
1901,Literature,Winner9796,Canada,Female
1902,Chemistry,Winner9797,Israel,Male
1903,Physics,Winner9798,India,Female
1904,Peace,Winner9799,USA,Female
1905,Economics,Winner9800,Japan,Male
1906,Physics,Winner9801,Brazil,Male
1907,Economics,Winner9802,Japan,Male
1908,Literature,Winner9803,Israel,Female
1909,Chemistry,Winner9804,UK,Male
1910,Economics,Winner9805,France,Female
1911,Literature,Winner9806,UK,Male
1912,Medicine,Winner9807,USA,Female
1913,Chemistry,Winner9808,Israel,Male
1914,Economics,Winner9809,Kenya,Male
1915,Literature,Winner9810,India,Male
1916,Literature,Winner9811,Germany,Male
1917,Peace,Winner9812,UK,Female
1918,Chemistry,Winner9813,Israel,Male
1919,Economics,Winner9814,USA,Female
1920,Chemistry,Winner9815,Israel,Male
1921,Chemistry,Winner9816,UK,Male
1922,Literature,Winner9817,Israel,Male
1923,Medicine,Winner9818,Kenya,Male
1924,Economics,Winner9819,Kenya,Female
1925,Literature,Winner9820,UK,Male
1926,Medicine,Winner9821,France,Female
1927,Literature,Winner9822,USA,Female
1928,Economics,Winner9823,Japan,Female
1929,Peace,Winner9824,Israel,Male
1930,Medicine,Winner9825,Germany,Male
1931,Medicine,Winner9826,Japan,Female
1932,Physics,Winner9827,USA,Male
1933,Physics,Winner9828,France,Female
1934,Economics,Winner9829,Brazil,Male
1935,Peace,Winner9830,Kenya,Male
1936,Chemistry,Winner9831,Japan,Female
1937,Physics,Winner9832,France,Female
1938,Peace,Winner9833,Canada,Female
1939,Literature,Winner9834,USA,Male
1940,Economics,Winner9835,USA,Female
1941,Physics,Winner9836,Israel,Male
1942,Medicine,Winner9837,Canada,Female
1943,Economics,Winner9838,India,Female
1944,Economics,Winner9839,UK,Male
1945,Chemistry,Winner9840,Canada,Male
1946,Physics,Winner9841,UK,Male
1947,Peace,Winner9842,France,Female
1948,Chemistry,Winner9843,UK,Male
1949,Medicine,Winner9844,UK,Male
1950,Chemistry,Winner9845,Japan,Female
1951,Physics,Winner9846,UK,Female
1952,Chemistry,Winner9847,France,Male
1953,Physics,Winner9848,Germany,Male
1954,Medicine,Winner9849,Germany,Male
1955,Physics,Winner9850,Brazil,Male
1956,Economics,Winner9851,UK,Female
1957,Peace,Winner9852,UK,Female
1958,Chemistry,Winner9853,Canada,Male
1959,Chemistry,Winner9854,Brazil,Male
1960,Economics,Winner9855,Kenya,Male
1961,Economics,Winner9856,Canada,Male
1962,Literature,Winner9857,Brazil,Female
1963,Economics,Winner9858,Kenya,Female
1964,Literature,Winner9859,France,Male
1965,Physics,Winner9860,USA,Female
1966,Chemistry,Winner9861,UK,Female
1967,Economics,Winner9862,UK,Male
1968,Literature,Winner9863,USA,Female
1969,Physics,Winner9864,Canada,Male
1970,Medicine,Winner9865,Brazil,Female
1971,Physics,Winner9866,Brazil,Female
1972,Physics,Winner9867,France,Male
1973,Literature,Winner9868,USA,Female
1974,Physics,Winner9869,UK,Male
1975,Peace,Winner9870,Japan,Female
1976,Medicine,Winner9871,Japan,Female
1977,Literature,Winner9872,Israel,Female
1978,Chemistry,Winner9873,Israel,Female
1979,Medicine,Winner9874,India,Female
1980,Physics,Winner9875,Israel,Male
1981,Literature,Winner9876,Canada,Female
1982,Physics,Winner9877,Germany,Female
1983,Literature,Winner9878,UK,Female
1984,Chemistry,Winner9879,Canada,Male
1985,Peace,Winner9880,India,Female
1986,Physics,Winner9881,France,Female
1987,Literature,Winner9882,Kenya,Male
1988,Physics,Winner9883,India,Female
1989,Literature,Winner9884,Germany,Female
1990,Physics,Winner9885,Germany,Female
1991,Economics,Winner9886,Japan,Male
1992,Chemistry,Winner9887,France,Male
1993,Economics,Winner9888,Japan,Female
1994,Physics,Winner9889,Japan,Female
1995,Literature,Winner9890,Canada,Male
1996,Literature,Winner9891,Canada,Male
1997,Economics,Winner9892,Germany,Male
1998,Medicine,Winner9893,UK,Male
1999,Literature,Winner9894,Canada,Male
2000,Economics,Winner9895,Japan,Male
2001,Economics,Winner9896,UK,Female
2002,Chemistry,Winner9897,Japan,Male
2003,Physics,Winner9898,Israel,Female
2004,Peace,Winner9899,Canada,Male
2005,Literature,Winner9900,Japan,Female
2006,Physics,Winner9901,Japan,Female
2007,Medicine,Winner9902,Canada,Female
2008,Peace,Winner9903,Brazil,Female
2009,Physics,Winner9904,Germany,Female
2010,Peace,Winner9905,Brazil,Male
2011,Physics,Winner9906,USA,Female
2012,Peace,Winner9907,Germany,Female
2013,Economics,Winner9908,Israel,Male
2014,Literature,Winner9909,Germany,Male
2015,Medicine,Winner9910,Israel,Male
2016,Economics,Winner9911,France,Male
2017,Economics,Winner9912,France,Female
2018,Physics,Winner9913,Canada,Female
2019,Peace,Winner9914,Germany,Female
2020,Physics,Winner9915,USA,Female
2021,Physics,Winner9916,Canada,Male
2022,Peace,Winner9917,UK,Male
2023,Peace,Winner9918,Kenya,Male
2024,Chemistry,Winner9919,Brazil,Male
1901,Medicine,Winner9920,Kenya,Male
1902,Peace,Winner9921,Germany,Male
1903,Physics,Winner9922,Brazil,Male
1904,Literature,Winner9923,Israel,Female
1905,Economics,Winner9924,USA,Female
1906,Medicine,Winner9925,Kenya,Female
1907,Peace,Winner9926,Kenya,Female
1908,Peace,Winner9927,Israel,Female
1909,Peace,Winner9928,Israel,Male
1910,Medicine,Winner9929,France,Male
1911,Physics,Winner9930,Kenya,Male
1912,Physics,Winner9931,Japan,Female
1913,Medicine,Winner9932,Canada,Female
1914,Peace,Winner9933,UK,Male
1915,Physics,Winner9934,Canada,Male
1916,Literature,Winner9935,Germany,Female
1917,Literature,Winner9936,Germany,Male
1918,Literature,Winner9937,Germany,Male
1919,Chemistry,Winner9938,Israel,Female
1920,Medicine,Winner9939,India,Female
1921,Chemistry,Winner9940,Canada,Male
1922,Literature,Winner9941,Israel,Female
1923,Peace,Winner9942,Canada,Male
1924,Literature,Winner9943,Brazil,Male
1925,Physics,Winner9944,Israel,Male
1926,Peace,Winner9945,Israel,Male
1927,Literature,Winner9946,Brazil,Male
1928,Economics,Winner9947,USA,Male
1929,Chemistry,Winner9948,USA,Female
1930,Physics,Winner9949,Canada,Female
1931,Medicine,Winner9950,Germany,Male
1932,Physics,Winner9951,Canada,Male
1933,Economics,Winner9952,Germany,Female
1934,Physics,Winner9953,Germany,Male
1935,Literature,Winner9954,Israel,Female
1936,Medicine,Winner9955,Israel,Male
1937,Physics,Winner9956,Japan,Male
1938,Chemistry,Winner9957,Kenya,Male
1939,Peace,Winner9958,India,Female
1940,Medicine,Winner9959,Brazil,Female
1941,Peace,Winner9960,Germany,Female
1942,Economics,Winner9961,Canada,Male
1943,Economics,Winner9962,Israel,Male
1944,Chemistry,Winner9963,Kenya,Female
1945,Economics,Winner9964,Germany,Male
1946,Chemistry,Winner9965,India,Female
1947,Physics,Winner9966,Kenya,Female
1948,Physics,Winner9967,Israel,Male
1949,Medicine,Winner9968,Brazil,Male
1950,Economics,Winner9969,Japan,Female
1951,Literature,Winner9970,France,Male
1952,Economics,Winner9971,France,Male
1953,Literature,Winner9972,USA,Male
1954,Economics,Winner9973,Brazil,Female
1955,Chemistry,Winner9974,Israel,Female
1956,Medicine,Winner9975,Japan,Male
1957,Chemistry,Winner9976,Brazil,Female
1958,Medicine,Winner9977,Germany,Male
1959,Medicine,Winner9978,Canada,Male
1960,Physics,Winner9979,Israel,Male
1961,Physics,Winner9980,Kenya,Female
1962,Peace,Winner9981,India,Male
1963,Economics,Winner9982,Israel,Female
1964,Economics,Winner9983,Japan,Female
1965,Peace,Winner9984,Brazil,Female
1966,Chemistry,Winner9985,Japan,Male
1967,Peace,Winner9986,Israel,Male
1968,Economics,Winner9987,UK,Female
1969,Literature,Winner9988,Germany,Female
1970,Economics,Winner9989,UK,Female
1971,Literature,Winner9990,Brazil,Male
1972,Physics,Winner9991,Germany,Male
1973,Peace,Winner9992,Kenya,Male
1974,Literature,Winner9993,Kenya,Male
1975,Literature,Winner9994,France,Male
1976,Literature,Winner9995,Germany,Female
1977,Physics,Winner9996,France,Female
1978,Chemistry,Winner9997,France,Male
1979,Economics,Winner9998,Japan,Male
1980,Economics,Winner9999,Israel,Male
